event_id,date,time,lat,lon,depth_km,M0,Mw,strike1,dip1,rake1,strike2,dip2,rake2
FCTs_19920120_133703_BONIN_ISLANDS__JAPAN_REGION,1992-01-20,13:37:03.0,27.98,139.4,522.0,8.882e+18,6.566,47.0,39.0,-155.0,298.0,75.0,-53.0
FCTs_19920213_012913_VANUATU_ISLANDS,1992-02-13,01:29:13.0,-15.89,166.32,20.0,1.493e+19,6.716,313.0,40.0,77.0,149.0,51.0,100.0
FCTs_19920305_143910_OFF_EAST_COAST_OF_KAMCHATKA,1992-03-05,14:39:10.0,52.9,159.62,53.0,3.607e+18,6.305,220.0,32.0,91.0,39.0,58.0,90.0
FCTs_19920307_015337_COSTA_RICA,1992-03-07,01:53:37.0,10.21,-84.32,79.0,6.732e+18,6.485,166.0,30.0,16.0,61.0,82.0,119.0
FCTs_19920313_160104_ANDREANOF_ISLANDS__ALEUTIAN_IS,1992-03-13,16:01:04.0,52.45,-178.95,214.0,5.273e+18,6.415,201.0,19.0,-21.0,311.0,83.0,-108.0
FCTs_19920406_135440_VANCOUVER_ISLAND__CANADA_REGION,1992-04-06,13:54:40.0,50.72,-130.09,8.0,1.347e+19,6.686,60.0,77.0,-5.0,151.0,85.0,-167.0
FCTs_19920425_180604_NEAR_COAST_OF_NORTHERN_CALIF,1992-04-25,18:06:04.0,40.37,-124.32,13.0,4.078e+19,7.007,313.0,14.0,58.0,166.0,78.0,97.0
FCTs_19920426_111825_NEAR_COAST_OF_NORTHERN_CALIF,1992-04-26,11:18:25.0,40.38,-124.57,9.0,1.946e+19,6.793,218.0,73.0,11.0,125.0,79.0,162.0
FCTs_19920507_062336_HOKKAIDO__JAPAN_REGION,1992-05-07,06:23:36.0,41.175,144.7,8.0,1.632e+18,6.075,78.0,37.0,-73.0,236.0,55.0,-103.0
FCTs_19920512_180542_SAMOA_ISLANDS_REGION,1992-05-12,18:05:42.0,-16.52,-172.37,22.0,1.346e+19,6.686,76.0,23.0,6.0,340.0,88.0,113.0
FCTs_19920515_070505_EASTERN_NEW_GUINEA_REG.__P.N.G,1992-05-15,07:05:05.0,-6.07,147.57,43.0,8.631e+19,7.224,286.0,34.0,85.0,113.0,56.0,94.0
FCTs_19920517_094919_MINDANAO__PHILIPPINES,1992-05-17,09:49:19.0,7.24,126.64,36.0,3.843e+19,6.99,185.0,36.0,70.0,29.0,56.0,104.0
FCTs_19920525_165504_CUBA_REGION,1992-05-25,16:55:04.0,19.61,-77.87,15.0,2.265e+19,6.837,259.0,50.0,5.0,166.0,86.0,139.0
FCTs_19920527_051338_SANTA_CRUZ_ISLANDS,1992-05-27,05:13:38.0,-11.12,165.24,24.0,3.826e+19,6.988,185.0,41.0,-53.0,320.0,58.0,-118.0
FCTs_19920603_061054_RAT_ISLANDS__ALEUTIAN_ISLANDS,1992-06-03,06:10:54.0,51.13,178.74,16.0,2.249e+18,6.168,277.0,22.0,116.0,68.0,70.0,80.0
FCTs_19920615_024856_MYANMAR,1992-06-15,02:48:56.0,24.03,95.93,13.0,3.12e+18,6.263,100.0,84.0,29.0,7.0,61.0,173.0
FCTs_19920625_063051_KERMADEC_ISLANDS_REGION,1992-06-25,06:30:51.0,-28.31,-176.72,48.0,6.831e+18,6.49,216.0,27.0,124.0,359.0,68.0,74.0
FCTs_19920626_113227_SOUTH_OF_PANAMA,1992-06-26,11:32:27.0,6.129,-82.349,6.0,6.253e+17,5.797,266.0,39.0,-72.0,63.0,53.0,-104.0
FCTs_19920628_115734_SOUTHERN_CALIFORNIA,1992-06-28,11:57:34.0,34.2,-116.44,17.0,1.497e+20,7.383,334.0,73.0,161.0,70.0,72.0,18.0
FCTs_19920710_093127_KURIL_ISLANDS,1992-07-10,09:31:27.0,44.69,149.48,33.0,7.749e+18,6.526,236.0,31.0,108.0,35.0,61.0,79.0
FCTs_19920711_104419_SOUTH_OF_FIJI_ISLANDS,1992-07-11,10:44:19.0,-22.48,-178.41,398.0,8.451e+19,7.218,186.0,18.0,-115.0,32.0,73.0,-82.0
FCTs_19920712_110855_HOKKAIDO__JAPAN_REGION,1992-07-12,11:08:55.0,41.46,142.03,47.0,1.362e+18,6.023,186.0,27.0,74.0,24.0,64.0,98.0
FCTs_19920713_153404_NEAR_EAST_COAST_OF_KAMCHATKA,1992-07-13,15:34:04.0,51.17,157.63,45.0,1.642e+18,6.077,237.0,50.0,117.0,19.0,47.0,62.0
FCTs_19920713_181133_NORTHERN_PERU,1992-07-13,18:11:33.0,-3.92,-76.6,110.0,3.786e+18,6.319,22.0,43.0,-77.0,185.0,48.0,-102.0
FCTs_19920716_000041_OFF_EAST_COAST_OF_HONSHU__JAPAN,1992-07-16,00:00:41.0,39.354,143.225,14.0,1.304e+18,6.01,184.0,20.0,77.0,17.0,70.0,95.0
FCTs_19920718_083658_OFF_EAST_COAST_OF_HONSHU__JAPAN,1992-07-18,08:36:58.0,39.42,143.33,19.0,2.194e+19,6.827,185.0,10.0,76.0,19.0,80.0,92.0
FCTs_19920720_074646_SVALBARD_REGION,1992-07-20,07:46:46.0,78.56,5.52,22.0,2.554e+19,6.871,128.0,84.0,-178.0,38.0,88.0,-6.0
FCTs_19920729_043047_OFF_EAST_COAST_OF_HONSHU__JAPAN,1992-07-29,04:30:47.0,39.49,143.5,12.0,2.84e+18,6.236,209.0,14.0,97.0,22.0,76.0,88.0
FCTs_19920730_082446_XIZANG,1992-07-30,08:24:46.0,29.58,90.16,13.0,1.336e+18,6.017,22.0,41.0,-72.0,179.0,52.0,-105.0
FCTs_19920802_055011_HALMAHERA__INDONESIA,1992-08-02,05:50:11.0,-0.88,127.58,7.0,4.055e+18,6.339,147.0,72.0,-156.0,49.0,67.0,-20.0
FCTs_19920802_120320_FLORES_SEA,1992-08-02,12:03:20.0,-7.13,121.75,484.0,1.208e+19,6.655,136.0,90.0,-153.0,46.0,63.0,0.0
FCTs_19920804_210841_SANTA_CRUZ_ISLANDS,1992-08-04,21:08:41.0,-12.13,166.59,96.0,5.9e+18,6.447,359.0,34.0,92.0,177.0,56.0,89.0
FCTs_19920807_181920_GULF_OF_ALASKA,1992-08-07,18:19:20.0,57.59,-142.85,14.0,2.288e+19,6.84,172.0,89.0,175.0,263.0,85.0,1.0
FCTs_19920811_151455_SOUTHEAST_OF_HONSHU__JAPAN,1992-08-11,15:14:55.0,32.54,141.64,11.0,3.583e+18,6.303,129.0,27.0,48.0,354.0,70.0,109.0
FCTs_19920816_102328_EASTERN_NEW_GUINEA_REG.__P.N.G,1992-08-16,10:23:28.0,-5.37,146.67,242.0,2.871e+18,6.239,132.0,42.0,132.0,261.0,60.0,59.0
FCTs_19920819_005740_ANDREANOF_ISLANDS__ALEUTIAN_IS,1992-08-19,00:57:40.0,50.5,-174.92,14.0,1.805e+18,6.104,94.0,43.0,-79.0,259.0,48.0,-100.0
FCTs_19920824_065939_HOKKAIDO__JAPAN_REGION,1992-08-24,06:59:39.0,41.98,140.66,128.0,2.25e+18,6.168,94.0,35.0,180.0,184.0,90.0,55.0
FCTs_19920829_191905_NEAR_S._COAST_OF_HONSHU__JAPAN,1992-08-29,19:19:05.0,33.19,137.98,308.0,3.451e+18,6.292,96.0,19.0,177.0,188.0,89.0,71.0
FCTs_19920909_130854_SVALBARD_REGION,1992-09-09,13:08:54.0,76.21,7.29,7.0,1.118e+18,5.966,4.0,43.0,-113.0,214.0,51.0,-70.0
FCTs_19920927_174813_SOUTH_OF_ALASKA,1992-09-27,17:48:13.0,53.933,-157.299,7.0,9.108e+17,5.906,239.0,36.0,-73.0,38.0,56.0,-102.0
FCTs_19920928_140602_TAIWAN_REGION,1992-09-28,14:06:02.0,24.12,122.65,34.0,1.992e+18,6.133,283.0,24.0,129.0,61.0,72.0,75.0
FCTs_19920930_053400_ANDREANOF_ISLANDS__ALEUTIAN_IS,1992-09-30,05:34:00.0,51.28,-178.04,24.0,8.891e+18,6.566,263.0,24.0,106.0,65.0,67.0,83.0
FCTs_19921006_102822_NEW_BRITAIN_REGION__P.N.G,1992-10-06,10:28:22.0,-5.43,151.18,50.0,1.799e+18,6.103,63.0,44.0,98.0,231.0,46.0,82.0
FCTs_19921015_223705_VANUATU_ISLANDS,1992-10-15,22:37:05.0,-14.54,166.71,52.0,2.321e+19,6.844,271.0,64.0,38.0,161.0,56.0,148.0
FCTs_19921021_121113_NEW_GUINEA__PAPUA_NEW_GUINEA,1992-10-21,12:11:13.0,-6.87,144.17,25.0,2.073e+18,6.144,116.0,42.0,83.0,305.0,48.0,96.0
FCTs_19921022_090423_KERMADEC_ISLANDS__NEW_ZEALAND,1992-10-22,09:04:23.0,-30.23,-177.21,17.0,5.382e+18,6.421,203.0,24.0,103.0,9.0,67.0,85.0
FCTs_19921023_231945_EASTERN_CAUCASUS,1992-10-23,23:19:45.0,42.59,45.1,17.0,2.58e+18,6.208,296.0,35.0,129.0,72.0,64.0,67.0
FCTs_19921030_024948_SOUTHEAST_OF_HONSHU__JAPAN,1992-10-30,02:49:48.0,29.94,138.98,421.0,4.26e+18,6.353,55.0,35.0,-143.0,293.0,70.0,-61.0
FCTs_19921031_143422_NEAR_N_COAST_OF_NEW_GUINEA__PNG,1992-10-31,14:34:22.0,-2.32,141.26,9.0,7.452e+18,6.515,77.0,45.0,-105.0,277.0,47.0,-75.0
FCTs_19921105_195322_NEW_BRITAIN_REGION__P.N.G,1992-11-05,19:53:22.0,-5.26,152.57,22.0,1.448e+18,6.04,360.0,44.0,122.0,139.0,54.0,63.0
FCTs_19921108_034320_FIJI_ISLANDS_REGION,1992-11-08,03:43:20.0,-15.73,-179.7,14.0,9.571e+18,6.587,57.0,88.0,13.0,326.0,77.0,178.0
FCTs_19921111_212614_ANDREANOF_ISLANDS__ALEUTIAN_IS,1992-11-11,21:26:14.0,51.2,-179.24,21.0,2.072e+18,6.144,268.0,25.0,115.0,60.0,67.0,79.0
FCTs_19921218_031404_EASTERN_NEW_GUINEA_REG.__P.N.G,1992-12-18,03:14:04.0,-6.49,147.14,21.0,1.487e+18,6.048,249.0,25.0,49.0,112.0,72.0,107.0
FCTs_19930115_110605_HOKKAIDO__JAPAN_REGION,1993-01-15,11:06:05.0,43.3,143.69,103.0,3.061e+20,7.591,167.0,10.0,-2.0,259.0,90.0,-100.0
FCTs_19930119_143926_SEA_OF_JAPAN,1993-01-19,14:39:26.0,38.65,133.46,467.0,5.811e+18,6.443,316.0,79.0,-33.0,53.0,58.0,-166.0
FCTs_19930120_173115_BANDA_SEA,1993-01-20,17:31:15.0,-7.2,128.57,9.0,7.685e+18,6.524,238.0,78.0,15.0,145.0,76.0,168.0
FCTs_19930207_132742_NEAR_WEST_COAST_OF_HONSHU__JAPAN,1993-02-07,13:27:42.0,37.63,137.24,11.0,4.195e+18,6.348,224.0,32.0,99.0,33.0,58.0,84.0
FCTs_19930301_013927_IRIAN_JAYA__INDONESIA,1993-03-01,01:39:27.0,-3.74,138.54,97.0,2.441e+18,6.192,178.0,42.0,-150.0,64.0,70.0,-52.0
FCTs_19930306_162656_SOLOMON_ISLANDS,1993-03-06,16:26:56.0,-11.06,163.39,12.0,1.437e+19,6.705,168.0,86.0,147.0,260.0,57.0,4.0
FCTs_19930312_140135_FIJI_ISLANDS_REGION,1993-03-12,14:01:35.0,-14.39,-178.25,7.0,3.278e+18,6.277,291.0,38.0,69.0,137.0,55.0,106.0
FCTs_19930320_145159_XIZANG,1993-03-20,14:51:59.0,29.08,87.33,12.0,1.903e+18,6.12,198.0,40.0,-62.0,344.0,55.0,-112.0
FCTs_19930321_050459_FIJI_ISLANDS_REGION,1993-03-21,05:04:59.0,-18.04,-178.53,620.0,2.793e+18,6.231,68.0,33.0,175.0,163.0,87.0,57.0
FCTs_19930414_055832_FOX_ISLANDS__ALEUTIAN_ISLANDS,1993-04-14,05:58:32.0,51.131,-168.825,8.0,1.06e+18,5.95,234.0,48.0,-110.0,82.0,45.0,-69.0
FCTs_19930416_140838_FIJI_ISLANDS_REGION,1993-04-16,14:08:38.0,-17.78,-178.86,589.0,2.455e+19,6.86,274.0,45.0,-4.0,6.0,87.0,-135.0
FCTs_19930419_210148_NORTH_OF_HALMAHERA__INDONESIA,1993-04-19,21:01:48.0,4.01,128.2,36.0,1.814e+19,6.772,310.0,40.0,37.0,190.0,68.0,124.0
FCTs_19930511_182651_MINDANAO__PHILIPPINES,1993-05-11,18:26:51.0,7.22,126.57,46.0,4.006e+19,7.002,196.0,42.0,68.0,44.0,52.0,108.0
FCTs_19930513_115949_ALASKA_PENINSULA,1993-05-13,11:59:49.0,55.18,-160.46,42.0,2.551e+19,6.871,247.0,27.0,94.0,63.0,63.0,88.0
FCTs_19930515_215225_ANDREANOF_ISLANDS__ALEUTIAN_IS,1993-05-15,21:52:25.0,51.37,-178.67,26.0,3.105e+19,6.928,260.0,24.0,104.0,65.0,66.0,84.0
FCTs_19930516_214448_TONGA_ISLANDS,1993-05-16,21:44:48.0,-15.29,-173.33,33.0,7.371e+18,6.512,154.0,35.0,139.0,280.0,68.0,62.0
FCTs_19930517_160253_NEW_BRITAIN_REGION__P.N.G,1993-05-17,16:02:53.0,-5.34,151.99,28.0,3.139e+18,6.264,239.0,31.0,72.0,80.0,61.0,101.0
FCTs_19930518_101933_PHILIPPINE_ISLANDS_REGION,1993-05-18,10:19:33.0,19.91,122.45,183.0,1.642e+19,6.744,208.0,41.0,-138.0,83.0,64.0,-57.0
FCTs_19930525_231643_ALASKA_PENINSULA,1993-05-25,23:16:43.0,55.02,-160.51,42.0,1.383e+18,6.027,254.0,30.0,98.0,66.0,60.0,86.0
FCTs_19930529_065013_NORTH_ATLANTIC_OCEAN,1993-05-29,06:50:13.0,19.07,-26.48,15.0,5.286e+18,6.415,57.0,71.0,-178.0,326.0,88.0,-19.0
FCTs_19930530_141220_NEAR_N_COAST_OF_NEW_GUINEA__PNG,1993-05-30,14:12:20.0,-3.674,142.703,32.0,5.185e+17,5.743,166.0,58.0,-131.0,45.0,51.0,-43.0
FCTs_19930530_170853_HALMAHERA__INDONESIA,1993-05-30,17:08:53.0,1.55,127.21,91.0,1.141e+18,5.971,315.0,10.0,10.0,214.0,88.0,100.0
FCTs_19930602_082719_ANDREANOF_ISLANDS__ALEUTIAN_IS,1993-06-02,08:27:19.0,51.513,-178.744,37.0,7.989e+17,5.868,258.0,37.0,108.0,57.0,55.0,77.0
FCTs_19930603_093825_VANUATU_ISLANDS,1993-06-03,09:38:25.0,-14.84,167.3,148.0,1.134e+18,5.97,182.0,19.0,-65.0,336.0,73.0,-98.0
FCTs_19930606_132320_MARIANA_ISLANDS,1993-06-06,13:23:20.0,15.82,146.6,20.0,7.409e+18,6.513,200.0,22.0,100.0,9.0,68.0,86.0
FCTs_19930608_130336_NEAR_EAST_COAST_OF_KAMCHATKA,1993-06-08,13:03:36.0,51.22,157.83,37.0,2.545e+20,7.537,222.0,30.0,92.0,40.0,60.0,89.0
FCTs_19930608_231741_SAN_JUAN_PROVINCE__ARGENTINA,1993-06-08,23:17:41.0,-31.56,-69.23,110.0,3.256e+18,6.275,42.0,40.0,-89.0,221.0,50.0,-91.0
FCTs_19930612_203325_NEAR_EAST_COAST_OF_KAMCHATKA,1993-06-12,20:33:25.0,51.26,157.69,44.0,2.974e+18,6.249,236.0,38.0,99.0,45.0,53.0,83.0
FCTs_19930630_234733_VANUATU_ISLANDS_REGION,1993-06-30,23:47:33.0,-20.84,172.96,10.0,1.382e+19,6.694,62.0,89.0,4.0,332.0,86.0,179.0
FCTs_19930711_133621_NEAR_COAST_OF_NORTHERN_CHILE,1993-07-11,13:36:21.0,-25.3,-70.17,52.0,1.015e+19,6.604,350.0,29.0,91.0,169.0,61.0,89.0
FCTs_19930712_131711_HOKKAIDO__JAPAN_REGION,1993-07-12,13:17:11.0,42.85,139.2,12.0,3.93e+20,7.663,173.0,37.0,78.0,8.0,54.0,99.0
FCTs_19930722_045707_NORTHERN_COLOMBIA,1993-07-22,04:57:07.0,6.47,-71.21,18.0,1.79e+18,6.102,12.0,37.0,-99.0,203.0,53.0,-83.0
FCTs_19930724_020156_PHILIPPINE_ISLANDS_REGION,1993-07-24,02:01:56.0,5.07,127.714,131.0,7.674e+17,5.857,314.0,24.0,61.0,165.0,69.0,102.0
FCTs_19930728_180748_SOLOMON_ISLANDS,1993-07-28,18:07:48.0,-5.57,154.13,36.0,2.203e+18,6.162,139.0,42.0,92.0,315.0,48.0,88.0
FCTs_19930803_124305_EGYPT,1993-08-03,12:43:05.0,28.73,34.55,15.0,1.792e+18,6.102,175.0,32.0,-72.0,335.0,60.0,-101.0
FCTs_19930807_000037_NORTHEAST_OF_TAIWAN,1993-08-07,00:00:37.0,26.58,125.61,162.0,5.733e+18,6.439,116.0,47.0,-151.0,5.0,69.0,-47.0
FCTs_19930807_175324_SOUTH_OF_FIJI_ISLANDS,1993-08-07,17:53:24.0,-23.87,179.85,562.0,1.527e+19,6.723,92.0,23.0,180.0,182.0,90.0,67.0
FCTs_19930808_083424_SOUTH_OF_MARIANA_ISLANDS,1993-08-08,08:34:24.0,12.98,144.8,44.0,7.59e+20,7.853,245.0,17.0,92.0,62.0,73.0,89.0
FCTs_19930809_113830_HINDU_KUSH_REGION__AFGHANISTAN,1993-08-09,11:38:30.0,36.44,70.71,204.0,4.148e+18,6.345,291.0,25.0,88.0,113.0,65.0,91.0
FCTs_19930810_005153_OFF_W._COAST_OF_S._ISLAND__N.Z,1993-08-10,00:51:53.0,-45.28,166.93,36.0,3.034e+19,6.921,32.0,34.0,105.0,195.0,57.0,80.0
FCTs_19930811_141737_MARIANA_ISLANDS,1993-08-11,14:17:37.0,13.18,145.65,19.0,1.856e+18,6.112,92.0,18.0,-27.0,207.0,82.0,-106.0
FCTs_19930820_050653_NEW_GUINEA__PAPUA_NEW_GUINEA,1993-08-20,05:06:53.0,-6.0,142.74,16.0,2.506e+18,6.199,107.0,31.0,84.0,294.0,59.0,94.0
FCTs_19930903_123500_NEAR_COAST_OF_CHIAPAS__MEXICO,1993-09-03,12:35:00.0,14.52,-92.71,24.0,1.538e+19,6.725,292.0,31.0,83.0,120.0,59.0,94.0
FCTs_19930904_113838_HINDU_KUSH_REGION__AFGHANISTAN,1993-09-04,11:38:38.0,36.429,70.812,200.0,1.135e+18,5.97,266.0,31.0,118.0,55.0,63.0,74.0
FCTs_19930906_035600_NEW_IRELAND_REGION__P.N.G,1993-09-06,03:56:00.0,-4.64,153.23,56.0,1.222e+19,6.658,285.0,35.0,111.0,81.0,58.0,76.0
FCTs_19930910_191254_NEAR_COAST_OF_CHIAPAS__MEXICO,1993-09-10,19:12:54.0,14.72,-92.64,25.0,6.927e+19,7.16,291.0,31.0,84.0,119.0,60.0,94.0
FCTs_19930918_050227_AFGHANISTAN-TAJIKISTAN_BORD_REG,1993-09-18,05:02:27.0,36.42,71.59,109.0,1.974e+18,6.13,237.0,46.0,148.0,351.0,68.0,49.0
FCTs_19930919_141056_NEAR_COAST_OF_CHIAPAS__MEXICO,1993-09-19,14:10:56.0,14.36,-93.32,18.0,4.038e+18,6.337,300.0,28.0,87.0,123.0,62.0,91.0
FCTs_19930920_101742_CENTRAL_MID-ATLANTIC_RIDGE,1993-09-20,10:17:42.0,0.75,-29.35,12.0,1.812e+18,6.105,264.0,68.0,172.0,357.0,83.0,22.0
FCTs_19930921_032855_OREGON,1993-09-21,03:28:55.0,42.314,-122.012,12.0,7.005e+17,5.83,157.0,30.0,-84.0,330.0,60.0,-93.0
FCTs_19930921_054533_OREGON,1993-09-21,05:45:33.0,42.358,-122.045,13.0,8.325e+17,5.88,172.0,39.0,-73.0,331.0,53.0,-103.0
FCTs_19930922_123703_SOLOMON_ISLANDS,1993-09-22,12:37:03.0,-6.47,154.9,64.0,2.151e+18,6.155,162.0,44.0,95.0,334.0,47.0,85.0
FCTs_19930926_033114_W._CAROLINE_ISLANDS__MICRONESIA,1993-09-26,03:31:14.0,10.0,138.22,13.0,3.567e+18,6.302,179.0,35.0,-79.0,345.0,56.0,-98.0
FCTs_19930927_133732_SOUTH_ATLANTIC_OCEAN,1993-09-27,13:37:32.0,-53.65,-51.62,26.0,1.074e+19,6.621,77.0,44.0,-3.0,169.0,88.0,-134.0
FCTs_19930929_111603_MINAHASSA_PENINSULA__SULAWESI,1993-09-29,11:16:03.0,0.49,121.53,98.0,3.542e+18,6.3,163.0,15.0,179.0,254.0,90.0,75.0
FCTs_19930929_222548_SOUTHERN_INDIA,1993-09-29,22:25:48.0,18.07,76.45,7.0,1.845e+18,6.111,129.0,44.0,115.0,276.0,50.0,68.0
FCTs_19930930_182750_NEAR_COAST_OF_OAXACA__MEXICO,1993-09-30,18:27:50.0,15.42,-94.7,14.0,5.51e+18,6.427,309.0,21.0,105.0,113.0,69.0,84.0
FCTs_19931002_084232_SOUTHERN_XINJIANG__CHINA,1993-10-02,08:42:32.0,38.19,88.66,13.0,1.471e+18,6.045,318.0,39.0,128.0,92.0,60.0,63.0
FCTs_19931011_155421_SOUTHEAST_OF_HONSHU__JAPAN,1993-10-11,15:54:21.0,32.02,137.83,369.0,2.576e+19,6.874,106.0,14.0,-164.0,1.0,86.0,-77.0
FCTs_19931013_020600_EASTERN_NEW_GUINEA_REG.__P.N.G,1993-10-13,02:06:00.0,-5.89,146.02,19.0,1.93e+19,6.79,295.0,4.0,90.0,115.0,86.0,90.0
FCTs_19931016_030530_EASTERN_NEW_GUINEA_REG.__P.N.G,1993-10-16,03:05:30.0,-5.9,146.2,30.0,3.567e+18,6.302,263.0,48.0,51.0,133.0,55.0,125.0
FCTs_19931016_105225_MINDANAO__PHILIPPINES,1993-10-16,10:52:25.0,7.472,123.447,9.0,5.832e+17,5.777,196.0,52.0,141.0,312.0,60.0,45.0
FCTs_19931024_075215_NEAR_COAST_OF_GUERRERO__MEXICO,1993-10-24,07:52:15.0,16.75,-98.72,24.0,8.558e+18,6.555,302.0,22.0,89.0,122.0,68.0,90.0
FCTs_19931025_102704_EASTERN_NEW_GUINEA_REG.__P.N.G,1993-10-25,10:27:04.0,-5.91,145.99,21.0,1.172e+19,6.646,272.0,18.0,55.0,129.0,75.0,101.0
FCTs_19931111_002833_ANDREANOF_ISLANDS__ALEUTIAN_IS,1993-11-11,00:28:33.0,50.2,-177.446,23.0,1.125e+18,5.967,283.0,35.0,-78.0,89.0,56.0,-98.0
FCTs_19931113_011804_NEAR_EAST_COAST_OF_KAMCHATKA,1993-11-13,01:18:04.0,51.93,158.65,48.0,4.453e+19,7.032,235.0,34.0,104.0,38.0,58.0,81.0
FCTs_19931117_111851_NEAR_EAST_COAST_OF_KAMCHATKA,1993-11-17,11:18:51.0,51.816,158.659,38.0,1.277e+18,6.004,216.0,40.0,85.0,43.0,51.0,94.0
FCTs_19931119_014323_UNIMAK_ISLAND_REGION__ALASKA,1993-11-19,01:43:23.0,54.29,-164.16,19.0,4.974e+18,6.398,203.0,56.0,-24.0,308.0,70.0,-143.0
FCTs_19931126_232004_SOLOMON_ISLANDS,1993-11-26,23:20:04.0,-9.6,158.15,6.0,3.834e+18,6.322,265.0,78.0,7.0,174.0,83.0,168.0
FCTs_19931210_085935_PHILIPPINE_ISLANDS_REGION,1993-12-10,08:59:35.0,20.91,121.28,21.0,1.654e+18,6.079,359.0,27.0,75.0,196.0,64.0,97.0
FCTs_19931220_135614_TANIMBAR_ISLANDS_REG.__INDONESIA,1993-12-20,13:56:14.0,-6.88,131.34,51.0,2.622e+18,6.212,88.0,66.0,22.0,349.0,70.0,154.0
FCTs_19931229_074814_VANUATU_ISLANDS,1993-12-29,07:48:14.0,-20.23,169.79,18.0,4.953e+19,7.063,301.0,66.0,-154.0,200.0,67.0,-27.0
FCTs_19940111_005156_MYANMAR-CHINA_BORDER_REGION,1994-01-11,00:51:56.0,25.23,97.2,8.0,1.271e+18,6.003,290.0,39.0,-69.0,84.0,54.0,-106.0
FCTs_19940117_123055_SOUTHERN_CALIFORNIA,1994-01-17,12:30:55.0,34.21,-118.54,19.0,1.213e+19,6.656,131.0,40.0,110.0,285.0,53.0,74.0
FCTs_19940117_233330_SOUTHERN_CALIFORNIA,1994-01-17,23:33:30.0,34.326,-118.698,8.0,7.524e+17,5.851,315.0,44.0,116.0,101.0,52.0,67.0
FCTs_19940119_015334_IRIAN_JAYA_REGION__INDONESIA,1994-01-19,01:53:34.0,-3.18,135.97,30.0,1.612e+19,6.738,53.0,37.0,63.0,265.0,58.0,109.0
FCTs_19940121_022429_HALMAHERA__INDONESIA,1994-01-21,02:24:29.0,1.01,127.73,14.0,4.418e+19,7.03,87.0,72.0,-161.0,351.0,72.0,-19.0
FCTs_19940121_180017_SOUTHERN_SUMATRA__INDONESIA,1994-01-21,18:00:17.0,-4.859,103.664,90.0,8.564e+17,5.888,59.0,40.0,119.0,203.0,56.0,67.0
FCTs_19940205_233409_UGANDA,1994-02-05,23:34:09.0,0.59,30.04,18.0,1.96e+18,6.128,207.0,38.0,-59.0,351.0,58.0,-112.0
FCTs_19940211_211731_VANUATU_ISLANDS,1994-02-11,21:17:31.0,-18.77,169.17,221.0,2.349e+19,6.847,41.0,39.0,136.0,167.0,64.0,59.0
FCTs_19940212_041626_SOUTH_PACIFIC_OCEAN,1994-02-12,04:16:26.0,-10.79,-128.8,23.0,9.582e+18,6.588,36.0,44.0,-90.0,216.0,46.0,-90.0
FCTs_19940215_170743_SOUTHERN_SUMATRA__INDONESIA,1994-02-15,17:07:43.0,-4.97,104.3,13.0,3.149e+19,6.932,219.0,81.0,-27.0,314.0,63.0,-170.0
FCTs_19940216_064657_LOYALTY_ISLANDS,1994-02-16,06:46:57.0,-20.094,168.906,20.0,9.828e+17,5.928,305.0,28.0,79.0,137.0,63.0,96.0
FCTs_19940223_080204_NORTHERN_AND_CENTRAL_IRAN,1994-02-23,08:02:04.0,30.85,60.6,7.0,1.443e+18,6.039,145.0,31.0,97.0,317.0,59.0,86.0
FCTs_19940309_232806_FIJI_ISLANDS_REGION,1994-03-09,23:28:06.0,-18.04,-178.41,587.0,3.345e+20,7.616,252.0,31.0,-29.0,7.0,76.0,-117.0
FCTs_19940314_043015_CENTRAL_MID-ATLANTIC_RIDGE,1994-03-14,04:30:15.0,-1.28,-23.57,22.0,5.45e+19,7.091,261.0,86.0,-177.0,171.0,87.0,-4.0
FCTs_19940314_205124_MEXICO-GUATEMALA_BORDER_REGION,1994-03-14,20:51:24.0,15.99,-92.43,176.0,2.776e+19,6.896,267.0,22.0,30.0,148.0,79.0,109.0
FCTs_19940405_093544_ANDREANOF_ISLANDS__ALEUTIAN_IS,1994-04-05,09:35:44.0,51.3,-178.15,21.0,2.907e+18,6.242,255.0,28.0,104.0,60.0,62.0,83.0
FCTs_19940406_121344_VANUATU_ISLANDS,1994-04-06,12:13:44.0,-17.37,167.82,22.0,1.728e+18,6.092,342.0,32.0,87.0,166.0,58.0,92.0
FCTs_19940408_011040_OFF_EAST_COAST_OF_HONSHU__JAPAN,1994-04-08,01:10:40.0,40.61,143.68,10.0,6.327e+18,6.467,187.0,12.0,72.0,25.0,79.0,94.0
FCTs_19940410_234555_SOUTHEAST_OF_RYUKYU_ISLANDS,1994-04-10,23:45:55.0,23.71,126.85,8.0,1.516e+18,6.054,79.0,37.0,-58.0,220.0,59.0,-112.0
FCTs_19940413_040047_SOUTHEAST_OF_TAIWAN,1994-04-13,04:00:47.0,22.775,123.628,7.0,6.923e+17,5.827,256.0,40.0,-130.0,124.0,61.0,-62.0
FCTs_19940413_222229_IRIAN_JAYA_REGION__INDONESIA,1994-04-13,22:22:29.0,-3.14,135.97,23.0,4.81e+18,6.388,41.0,64.0,-6.0,134.0,84.0,-154.0
FCTs_19940418_172954_SOLOMON_ISLANDS,1994-04-18,17:29:54.0,-6.47,154.93,58.0,1.702e+19,6.754,125.0,43.0,95.0,298.0,47.0,85.0
FCTs_19940421_035144_SOLOMON_ISLANDS,1994-04-21,03:51:44.0,-5.7,154.12,43.0,1.354e+19,6.688,125.0,42.0,88.0,308.0,48.0,92.0
FCTs_19940423_150052_VANUATU_ISLANDS,1994-04-23,15:00:52.0,-14.18,167.54,14.0,1.459e+18,6.043,164.0,41.0,109.0,319.0,52.0,74.0
FCTs_19940429_071129_SANTIAGO_DEL_ESTERO_PROV.__ARG,1994-04-29,07:11:29.0,-28.3,-63.25,574.0,2.495e+19,6.865,14.0,23.0,-69.0,171.0,68.0,-99.0
FCTs_19940430_032838_KYUSHU__JAPAN,1994-04-30,03:28:38.0,31.42,131.292,33.0,6.687e+17,5.817,225.0,25.0,94.0,40.0,65.0,88.0
FCTs_19940502_171400_SOUTHWEST_OF_SUMATRA__INDONESIA,1994-05-02,17:14:00.0,-1.12,97.49,13.0,1.631e+18,6.075,320.0,41.0,-99.0,151.0,50.0,-83.0
FCTs_19940504_063736_VANUATU_ISLANDS,1994-05-04,06:37:36.0,-17.05,168.26,228.0,1.622e+18,6.073,249.0,28.0,114.0,43.0,64.0,78.0
FCTs_19940510_063628_SANTIAGO_DEL_ESTERO_PROV.__ARG,1994-05-10,06:36:28.0,-28.5,-63.1,609.0,2.965e+19,6.915,270.0,7.0,-165.0,165.0,88.0,-83.0
FCTs_19940513_201227_MINDANAO__PHILIPPINES,1994-05-13,20:12:27.0,7.972,123.189,14.0,1.187e+18,5.983,125.0,81.0,3.0,34.0,87.0,171.0
FCTs_19940518_035400_KURIL_ISLANDS,1994-05-18,03:54:00.0,44.73,149.4,35.0,1.625e+18,6.074,231.0,28.0,106.0,33.0,64.0,82.0
FCTs_19940523_014142_GUERRERO__MEXICO,1994-05-23,01:41:42.0,18.17,-100.53,57.0,1.921e+18,6.122,289.0,40.0,-79.0,94.0,51.0,-99.0
FCTs_19940523_053601_TAIWAN_REGION,1994-05-23,05:36:01.0,24.17,122.54,29.0,1.645e+18,6.077,282.0,19.0,127.0,64.0,75.0,78.0
FCTs_19940524_040042_TAIWAN_REGION,1994-05-24,04:00:42.0,23.96,122.45,15.0,7.875e+18,6.531,333.0,24.0,180.0,64.0,90.0,66.0
FCTs_19940524_211319_NEAR_EAST_COAST_OF_KAMCHATKA,1994-05-24,21:13:19.0,56.17,161.169,87.0,3.064e+17,5.591,44.0,24.0,-87.0,221.0,66.0,-91.0
FCTs_19940525_040341_IRIAN_JAYA_REGION__INDONESIA,1994-05-25,04:03:41.0,-4.2,135.49,13.0,5.991e+18,6.452,353.0,85.0,-163.0,261.0,73.0,-6.0
FCTs_19940529_141150_MYANMAR,1994-05-29,14:11:50.0,20.56,94.16,66.0,7.417e+18,6.513,226.0,45.0,-2.0,318.0,89.0,-135.0
FCTs_19940602_181734_SOUTH_OF_JAVA__INDONESIA,1994-06-02,18:17:34.0,-10.48,112.83,20.0,4.92e+20,7.728,265.0,7.0,78.0,98.0,83.0,92.0
FCTs_19940603_210659_SOUTH_OF_JAVA__INDONESIA,1994-06-03,21:06:59.0,-10.36,112.89,17.0,1.105e+19,6.629,270.0,36.0,-90.0,90.0,54.0,-90.0
FCTs_19940604_005750_SOUTH_OF_JAVA__INDONESIA,1994-06-04,00:57:50.0,-10.78,113.37,11.0,1.031e+19,6.609,96.0,39.0,-96.0,283.0,51.0,-85.0
FCTs_19940605_010930_TAIWAN,1994-06-05,01:09:30.0,24.51,121.9,19.0,2.639e+18,6.214,271.0,67.0,6.0,179.0,84.0,157.0
FCTs_19940609_003316_NORTHERN_BOLIVIA,1994-06-09,00:33:16.0,-13.84,-67.55,664.0,2.855e+21,8.237,310.0,10.0,-53.0,93.0,82.0,-96.0
FCTs_19940615_092257_SOUTH_OF_JAVA__INDONESIA,1994-06-15,09:22:57.0,-10.34,113.66,21.0,2.421e+18,6.189,126.0,4.0,-67.0,283.0,86.0,-91.0
FCTs_19940616_101246_BANDA_SEA,1994-06-16,10:12:46.0,-7.391,128.125,150.0,9.89e+17,5.93,323.0,39.0,115.0,112.0,56.0,71.0
FCTs_19940618_032515_SOUTH_ISLAND__NEW_ZEALAND,1994-06-18,03:25:15.0,-42.96,171.66,11.0,1.814e+19,6.772,171.0,63.0,20.0,72.0,72.0,152.0
FCTs_19940620_090902_SOUTHERN_IRAN,1994-06-20,09:09:02.0,28.968,52.614,8.0,5.925e+17,5.782,254.0,73.0,-15.0,348.0,76.0,-163.0
FCTs_19940629_182233_XIZANG,1994-06-29,18:22:33.0,32.567,93.673,8.0,5.848e+17,5.778,11.0,39.0,-106.0,211.0,53.0,-78.0
FCTs_19940630_092321_AFGHANISTAN-TAJIKISTAN_BORD_REG,1994-06-30,09:23:21.0,36.33,71.13,235.0,3.509e+18,6.297,216.0,41.0,88.0,39.0,49.0,92.0
FCTs_19940704_213641_OFF_COAST_OF_OAXACA__MEXICO,1994-07-04,21:36:41.0,14.89,-97.32,12.0,5.85e+18,6.445,162.0,42.0,-78.0,326.0,49.0,-101.0
FCTs_19940713_023556_VANUATU_ISLANDS,1994-07-13,02:35:56.0,-16.62,167.52,33.0,4.802e+19,7.054,279.0,43.0,6.0,185.0,86.0,133.0
FCTs_19940713_114523_BANDA_SEA,1994-07-13,11:45:23.0,-7.53,127.77,170.0,6.48e+18,6.474,316.0,44.0,128.0,89.0,57.0,60.0
FCTs_19940721_183631_PRIMOR'YE__RUSSIA,1994-07-21,18:36:31.0,42.34,132.87,490.0,1.13e+20,7.302,71.0,33.0,177.0,163.0,89.0,57.0
FCTs_19940724_175540_VANUATU_ISLANDS,1994-07-24,17:55:40.0,-16.97,167.57,22.0,4.748e+18,6.384,243.0,21.0,-21.0,353.0,83.0,-109.0
FCTs_19940725_220022_SOUTH_SANDWICH_ISLANDS_REGION,1994-07-25,22:00:22.0,-56.36,-27.36,100.0,8.472e+18,6.552,185.0,45.0,162.0,288.0,77.0,47.0
FCTs_19940729_001745_FOX_ISLANDS__ALEUTIAN_ISLANDS,1994-07-29,00:17:45.0,52.398,-168.333,15.0,9.351e+17,5.914,241.0,14.0,83.0,68.0,76.0,92.0
FCTs_19940802_141752_NEAR_EAST_COAST_OF_KAMCHATKA,1994-08-02,14:17:52.0,52.428,158.044,155.0,5.656e+17,5.768,168.0,14.0,56.0,23.0,79.0,98.0
FCTs_19940808_210831_MYANMAR,1994-08-08,21:08:31.0,24.72,95.2,126.0,1.827e+18,6.108,106.0,37.0,120.0,251.0,59.0,70.0
FCTs_19940814_004620_EAST_OF_KURIL_ISLANDS,1994-08-14,00:46:20.0,44.709,150.103,24.0,1.092e+18,5.959,191.0,24.0,52.0,51.0,71.0,105.0
FCTs_19940814_090652_NEAR_EAST_COAST_OF_HONSHU__JAPAN,1994-08-14,09:06:52.0,38.794,142.075,39.0,7.154e+17,5.836,204.0,21.0,83.0,32.0,69.0,93.0
FCTs_19940816_100932_OFF_EAST_COAST_OF_HONSHU__JAPAN,1994-08-16,10:09:32.0,37.842,142.462,22.0,5.302e+17,5.75,220.0,37.0,98.0,29.0,53.0,84.0
FCTs_19940818_004547_LAKE_TANGANYIKA_REGION,1994-08-18,00:45:47.0,-7.433,31.751,26.0,9.251e+17,5.911,315.0,31.0,-91.0,136.0,59.0,-89.0
FCTs_19940818_044257_EAST_OF_KURIL_ISLANDS,1994-08-18,04:42:57.0,44.77,150.16,18.0,8.977e+18,6.569,244.0,20.0,116.0,36.0,72.0,81.0
FCTs_19940819_100251_SANTIAGO_DEL_ESTERO_PROV.__ARG,1994-08-19,10:02:51.0,-26.64,-63.42,570.0,6.097e+18,6.457,16.0,27.0,-61.0,165.0,67.0,-104.0
FCTs_19940820_043850_KURIL_ISLANDS,1994-08-20,04:38:50.0,44.66,149.18,36.0,1.952e+18,6.127,246.0,27.0,113.0,41.0,65.0,79.0
FCTs_19940821_155559_EAST_OF_LAKE_BAYKAL__RUSSIA,1994-08-21,15:55:59.0,56.761,117.9,11.0,1.211e+18,5.989,234.0,43.0,-78.0,38.0,48.0,-101.0
FCTs_19940822_172637_SANTA_CRUZ_ISLANDS,1994-08-22,17:26:37.0,-11.51,166.45,155.0,2.447e+18,6.192,157.0,40.0,84.0,345.0,50.0,95.0
FCTs_19940828_183720_EAST_OF_KURIL_ISLANDS,1994-08-28,18:37:20.0,44.78,150.06,28.0,1.064e+19,6.618,239.0,19.0,114.0,34.0,73.0,82.0
FCTs_19940831_090725_KURIL_ISLANDS,1994-08-31,09:07:25.0,43.72,146.01,88.0,1.789e+18,6.102,311.0,69.0,-48.0,62.0,46.0,-150.0
FCTs_19940901_151553_OFF_COAST_OF_NORTHERN_CALIFORNIA,1994-09-01,15:15:53.0,40.4,-125.68,10.0,5.519e+19,7.095,91.0,79.0,170.0,183.0,80.0,11.0
FCTs_19940912_062954_NEAR_COAST_OF_CENTRAL_CHILE,1994-09-12,06:29:54.0,-31.103,-71.706,49.0,9.989e+17,5.933,332.0,21.0,84.0,159.0,69.0,92.0
FCTs_19940913_042801_RYUKYU_ISLANDS__JAPAN,1994-09-13,04:28:01.0,29.29,129.91,38.0,1.723e+18,6.091,208.0,31.0,79.0,41.0,59.0,96.0
FCTs_19940913_100132_NORTHERN_COLOMBIA,1994-09-13,10:01:32.0,7.05,-76.68,12.0,1.576e+18,6.065,273.0,69.0,159.0,10.0,70.0,22.0
FCTs_19940916_062018_TAIWAN_REGION,1994-09-16,06:20:18.0,22.53,118.71,12.0,1.438e+19,6.705,270.0,35.0,-97.0,99.0,55.0,-85.0
FCTs_19940923_075938_BISMARCK_SEA,1994-09-23,07:59:38.0,-3.38,148.54,9.0,1.603e+18,6.07,292.0,87.0,-11.0,22.0,79.0,-177.0
FCTs_19940928_163951_JAVA_SEA,1994-09-28,16:39:51.0,-5.79,110.35,646.0,9.123e+18,6.573,111.0,40.0,-114.0,321.0,54.0,-71.0
FCTs_19941001_163520_VANUATU_ISLANDS,1994-10-01,16:35:20.0,-17.75,167.68,24.0,5.399e+18,6.422,337.0,24.0,122.0,123.0,70.0,77.0
FCTs_19941004_132255_KURIL_ISLANDS,1994-10-04,13:22:55.0,43.77,147.32,55.0,3.493e+21,8.295,168.0,32.0,27.0,55.0,76.0,119.0
FCTs_19941008_214407_HALMAHERA__INDONESIA,1994-10-08,21:44:07.0,-1.26,127.98,11.0,3.34e+19,6.949,87.0,88.0,-28.0,179.0,62.0,-177.0
FCTs_19941009_075539_KURIL_ISLANDS,1994-10-09,07:55:39.0,43.9,147.92,30.0,9.319e+19,7.246,237.0,22.0,113.0,32.0,70.0,81.0
FCTs_19941012_060249_LUZON__PHILIPPINES,1994-10-12,06:02:49.0,13.765,124.538,21.0,7.749e+17,5.859,183.0,21.0,112.0,340.0,71.0,82.0
FCTs_19941013_050424_HALMAHERA__INDONESIA,1994-10-13,05:04:24.0,-1.21,127.91,9.0,8.167e+18,6.541,173.0,71.0,179.0,263.0,89.0,19.0
FCTs_19941016_051000_KURIL_ISLANDS,1994-10-16,05:10:00.0,45.75,149.17,126.0,1.204e+19,6.654,150.0,87.0,39.0,58.0,51.0,177.0
FCTs_19941018_171250_KURIL_ISLANDS,1994-10-18,17:12:50.0,43.576,147.097,72.0,8.968e+17,5.902,159.0,15.0,26.0,44.0,84.0,104.0
FCTs_19941025_005434_HINDU_KUSH_REGION__AFGHANISTAN,1994-10-25,00:54:34.0,36.359,70.957,236.0,1.322e+18,6.014,259.0,42.0,99.0,67.0,48.0,82.0
FCTs_19941027_174558_OFF_COAST_OF_OREGON,1994-10-27,17:45:58.0,43.51,-127.43,13.0,4.266e+18,6.353,22.0,89.0,-2.0,112.0,88.0,-179.0
FCTs_19941027_222028_SOUTH_OF_FIJI_ISLANDS,1994-10-27,22:20:28.0,-25.78,179.34,546.0,1.298e+19,6.675,88.0,19.0,154.0,203.0,82.0,73.0
FCTs_19941031_114813_NORTHERN_SUMATRA__INDONESIA,1994-10-31,11:48:13.0,3.02,96.19,31.0,2.121e+18,6.151,289.0,19.0,76.0,124.0,72.0,95.0
FCTs_19941109_182102_KURIL_ISLANDS,1994-11-09,18:21:02.0,43.556,147.144,64.0,5.915e+17,5.781,168.0,24.0,38.0,42.0,76.0,109.0
FCTs_19941114_191530_MINDORO__PHILIPPINES,1994-11-14,19:15:30.0,13.52,121.07,17.0,4.031e+19,7.004,345.0,77.0,-166.0,251.0,76.0,-14.0
FCTs_19941115_201811_JAVA_SEA,1994-11-15,20:18:11.0,-5.59,110.19,573.0,7.263e+18,6.507,97.0,46.0,-114.0,309.0,49.0,-68.0
FCTs_19941120_165905_IRIAN_JAYA_REGION__INDONESIA,1994-11-20,16:59:05.0,-2.0,135.93,17.0,4.745e+18,6.384,15.0,86.0,-163.0,284.0,73.0,-4.0
FCTs_19941210_033931_NEAR_COAST_OF_NORTHERN_CHILE,1994-12-10,03:39:31.0,-23.534,-70.591,34.0,1.353e+18,6.021,356.0,29.0,98.0,167.0,61.0,86.0
FCTs_19941210_161738_GUERRERO__MEXICO,1994-12-10,16:17:38.0,18.14,-101.38,55.0,6.409e+18,6.471,261.0,19.0,-133.0,126.0,76.0,-77.0
FCTs_19941212_074155_PERU-BOLIVIA_BORDER_REGION,1994-12-12,07:41:55.0,-17.48,-69.6,149.0,3.166e+18,6.267,229.0,26.0,-27.0,343.0,79.0,-113.0
FCTs_19941228_121923_OFF_EAST_COAST_OF_HONSHU__JAPAN,1994-12-28,12:19:23.0,40.53,143.42,25.0,4.615e+20,7.709,170.0,17.0,58.0,24.0,76.0,99.0
FCTs_19941230_151225_MARIANA_ISLANDS,1994-12-30,15:12:25.0,18.55,145.36,242.0,3.446e+18,6.292,188.0,41.0,136.0,314.0,63.0,58.0
FCTs_19950101_065955_OFF_EAST_COAST_OF_HONSHU__JAPAN,1995-01-01,06:59:55.0,40.7,143.55,13.0,6.793e+18,6.488,183.0,16.0,69.0,25.0,75.0,96.0
FCTs_19950106_223734_NEAR_EAST_COAST_OF_HONSHU__JAPAN,1995-01-06,22:37:34.0,40.25,142.18,43.0,3.25e+19,6.941,195.0,22.0,80.0,26.0,68.0,94.0
FCTs_19950109_180017_NEAR_EAST_COAST_OF_HONSHU__JAPAN,1995-01-09,18:00:17.0,35.88,141.343,28.0,1.206e+18,5.988,234.0,14.0,111.0,32.0,77.0,85.0
FCTs_19950116_181449_RAT_ISLANDS__ALEUTIAN_ISLANDS,1995-01-16,18:14:49.0,51.26,179.17,23.0,3.217e+18,6.272,273.0,27.0,112.0,68.0,65.0,79.0
FCTs_19950116_204652_NEAR_S._COAST_OF_WESTERN_HONSHU,1995-01-16,20:46:52.0,34.58,135.02,14.0,2.41e+19,6.855,328.0,73.0,20.0,232.0,71.0,162.0
FCTs_19950117_165411_FIJI_ISLANDS_REGION,1995-01-17,16:54:11.0,-20.83,-179.24,667.0,3.939e+18,6.33,65.0,22.0,-177.0,332.0,89.0,-68.0
FCTs_19950119_095533_BANDA_SEA,1995-01-19,09:55:33.0,-7.395,128.26,180.0,1.038e+18,5.944,299.0,44.0,96.0,110.0,46.0,84.0
FCTs_19950119_150503_COLOMBIA,1995-01-19,15:05:03.0,5.05,-72.92,21.0,9.41e+18,6.582,30.0,35.0,84.0,218.0,56.0,94.0
FCTs_19950121_084729_KURIL_ISLANDS,1995-01-21,08:47:29.0,43.38,146.72,61.0,3.318e+18,6.281,207.0,22.0,61.0,58.0,71.0,101.0
FCTs_19950124_223634_SOLOMON_ISLANDS,1995-01-24,22:36:34.0,-5.9,154.49,41.0,2.14e+18,6.154,131.0,43.0,93.0,306.0,47.0,87.0
FCTs_19950127_201652_IRIAN_JAYA_REGION__INDONESIA,1995-01-27,20:16:52.0,-4.43,134.48,19.0,1.745e+19,6.761,243.0,54.0,-10.0,339.0,82.0,-144.0
FCTs_19950205_225105_OFF_E._COAST_OF_N._ISLAND__N.Z,1995-02-05,22:51:05.0,-37.76,178.75,16.0,7.691e+19,7.191,51.0,36.0,-66.0,201.0,57.0,-107.0
FCTs_19950208_184025_COLOMBIA,1995-02-08,18:40:25.0,4.1,-76.62,77.0,3.708e+18,6.313,215.0,18.0,-83.0,27.0,72.0,-92.0
FCTs_19950210_014503_OFF_E._COAST_OF_N._ISLAND__N.Z,1995-02-10,01:45:03.0,-37.85,178.6,21.0,8.904e+18,6.566,26.0,41.0,-96.0,214.0,49.0,-85.0
FCTs_19950213_084114_HALMAHERA__INDONESIA,1995-02-13,08:41:14.0,-1.332,127.512,11.0,1.576e+18,6.065,183.0,61.0,-133.0,65.0,50.0,-39.0
FCTs_19950213_122953_HALMAHERA__INDONESIA,1995-02-13,12:29:53.0,-1.31,127.43,12.0,2.1e+18,6.148,194.0,40.0,-108.0,37.0,52.0,-76.0
FCTs_19950213_150424_HALMAHERA__INDONESIA,1995-02-13,15:04:24.0,-1.32,127.44,11.0,1.717e+19,6.756,55.0,42.0,-69.0,208.0,52.0,-108.0
FCTs_19950219_001745_MINDANAO__PHILIPPINES,1995-02-19,00:17:45.0,5.244,126.265,85.0,8.431e+17,5.884,265.0,20.0,160.0,14.0,83.0,71.0
FCTs_19950219_040316_OFF_COAST_OF_NORTHERN_CALIFORNIA,1995-02-19,04:03:16.0,40.56,-125.54,10.0,1.615e+19,6.739,217.0,84.0,-5.0,307.0,85.0,-174.0
FCTs_19950221_020950_KURIL_ISLANDS,1995-02-21,02:09:50.0,46.01,151.53,39.0,2.812e+18,6.233,237.0,32.0,111.0,32.0,60.0,77.0
FCTs_19950223_050122_OFF_EAST_COAST_OF_HONSHU__JAPAN,1995-02-23,05:01:22.0,39.75,143.66,11.0,3.343e+18,6.283,191.0,12.0,79.0,22.0,78.0,92.0
FCTs_19950223_210301_CYPRUS_REGION,1995-02-23,21:03:01.0,35.046,32.279,14.0,8.746e+17,5.895,235.0,27.0,134.0,7.0,71.0,70.0
FCTs_19950306_184340_CELEBES_SEA,1995-03-06,18:43:40.0,2.69,118.23,23.0,1.19e+18,5.984,178.0,29.0,120.0,324.0,65.0,74.0
FCTs_19950308_034558_LEEWARD_ISLANDS,1995-03-08,03:45:58.0,16.56,-59.56,10.0,3.493e+18,6.295,331.0,28.0,-115.0,179.0,65.0,-77.0
FCTs_19950314_173350_ALASKA_PENINSULA,1995-03-14,17:33:50.0,54.78,-161.34,39.0,2.023e+18,6.137,250.0,29.0,98.0,61.0,61.0,86.0
FCTs_19950319_183404_IRIAN_JAYA_REGION__INDONESIA,1995-03-19,18:34:04.0,-4.23,135.01,18.0,1.882e+18,6.116,175.0,86.0,163.0,266.0,73.0,5.0
FCTs_19950319_235314_IRIAN_JAYA_REGION__INDONESIA,1995-03-19,23:53:14.0,-4.18,135.11,13.0,2.725e+19,6.89,167.0,81.0,151.0,262.0,62.0,11.0
FCTs_19950325_224428_SANTA_CRUZ_ISLANDS,1995-03-25,22:44:28.0,-11.0,166.12,90.0,2.784e+18,6.23,36.0,40.0,115.0,184.0,54.0,70.0
FCTs_19950326_021612_SOUTH_SANDWICH_ISLANDS_REGION,1995-03-26,02:16:12.0,-55.95,-28.21,59.0,4.02e+18,6.336,244.0,80.0,42.0,145.0,49.0,166.0
FCTs_19950331_140140_SEA_OF_JAPAN,1995-03-31,14:01:40.0,38.21,135.01,373.0,2.678e+18,6.218,88.0,11.0,172.0,186.0,89.0,79.0
FCTs_19950401_055018_OFF_EAST_COAST_OF_KAMCHATKA,1995-04-01,05:50:18.0,52.264,159.043,43.0,1.065e+18,5.952,224.0,34.0,95.0,37.0,56.0,86.0
FCTs_19950404_172105_MINDANAO__PHILIPPINES,1995-04-04,17:21:05.0,6.126,126.975,85.0,5.915e+17,5.781,168.0,34.0,74.0,7.0,57.0,101.0
FCTs_19950407_220656_TONGA_ISLANDS,1995-04-07,22:06:56.0,-15.2,-173.53,49.0,1.827e+20,7.441,153.0,12.0,129.0,293.0,81.0,82.0
FCTs_19950417_011416_SOLOMON_ISLANDS,1995-04-17,01:14:16.0,-8.527,156.612,7.0,1.156e+18,5.975,79.0,29.0,37.0,316.0,73.0,114.0
FCTs_19950417_071435_NORTHERN_MID-ATLANTIC_RIDGE,1995-04-17,07:14:35.0,33.76,-38.58,10.0,1.643e+18,6.077,281.0,78.0,-5.0,12.0,85.0,-168.0
FCTs_19950417_232806_KURIL_ISLANDS,1995-04-17,23:28:06.0,45.93,151.28,40.0,1.969e+19,6.796,237.0,31.0,111.0,34.0,62.0,78.0
FCTs_19950418_034937_NEAR_NORTH_COAST_OF_IRIAN_JAYA,1995-04-18,03:49:37.0,-2.06,140.46,7.0,2.196e+18,6.161,234.0,44.0,-99.0,66.0,47.0,-82.0
FCTs_19950420_084511_MINDANAO__PHILIPPINES,1995-04-20,08:45:11.0,6.28,126.78,94.0,8.92e+18,6.567,138.0,43.0,56.0,1.0,56.0,117.0
FCTs_19950421_000248_SAMAR__PHILIPPINES,1995-04-21,00:02:48.0,11.973,125.688,12.0,7.111e+17,5.835,182.0,12.0,88.0,4.0,78.0,90.0
FCTs_19950421_000954_SAMAR__PHILIPPINES,1995-04-21,00:09:54.0,12.01,125.66,29.0,1.722e+19,6.757,165.0,17.0,74.0,2.0,74.0,95.0
FCTs_19950421_051701_SAMAR__PHILIPPINES,1995-04-21,05:17:01.0,12.05,125.92,12.0,3.244e+19,6.941,151.0,21.0,69.0,353.0,71.0,98.0
FCTs_19950423_025555_RAT_ISLANDS__ALEUTIAN_ISLANDS,1995-04-23,02:55:55.0,51.33,179.71,34.0,5.81e+18,6.443,264.0,30.0,119.0,52.0,64.0,75.0
FCTs_19950423_050801_SAMAR__PHILIPPINES,1995-04-23,05:08:01.0,12.39,125.4,13.0,1.961e+19,6.795,139.0,32.0,48.0,5.0,67.0,112.0
FCTs_19950425_061500_EASTERN_NEW_GUINEA_REG.__P.N.G,1995-04-25,06:15:00.0,-5.902,147.417,54.0,1.537e+18,6.058,280.0,41.0,87.0,104.0,49.0,93.0
FCTs_19950428_163000_KURIL_ISLANDS,1995-04-28,16:30:00.0,44.07,148.0,37.0,2.663e+19,6.884,232.0,23.0,110.0,30.0,68.0,82.0
FCTs_19950429_094357_SAMAR__PHILIPPINES,1995-04-29,09:43:57.0,11.85,125.98,7.0,2.938e+18,6.245,164.0,19.0,83.0,351.0,71.0,92.0
FCTs_19950502_060605_NORTHERN_PERU,1995-05-02,06:06:05.0,-3.79,-76.92,105.0,1.217e+19,6.657,340.0,37.0,-81.0,148.0,54.0,-97.0
FCTs_19950504_021847_HALMAHERA__INDONESIA,1995-05-04,02:18:47.0,1.89,128.48,21.0,2.533e+18,6.202,184.0,39.0,89.0,5.0,51.0,91.0
FCTs_19950505_035345_SAMAR__PHILIPPINES,1995-05-05,03:53:45.0,12.63,125.3,33.0,3.737e+19,6.982,157.0,19.0,77.0,351.0,72.0,94.0
FCTs_19950506_015907_MYANMAR,1995-05-06,01:59:07.0,24.99,95.29,120.0,5.856e+18,6.445,266.0,43.0,56.0,129.0,56.0,117.0
FCTs_19950508_180806_SAMAR__PHILIPPINES,1995-05-08,18:08:06.0,11.47,125.96,17.0,4.996e+18,6.399,165.0,24.0,73.0,4.0,68.0,97.0
FCTs_19950513_084712_GREECE,1995-05-13,08:47:12.0,40.15,21.69,14.0,5.238e+18,6.413,243.0,40.0,-85.0,57.0,50.0,-94.0
FCTs_19950514_113318_TIMOR_REGION,1995-05-14,11:33:18.0,-8.38,125.13,13.0,2.638e+19,6.881,317.0,51.0,-159.0,214.0,74.0,-40.0
FCTs_19950516_033502_HINDU_KUSH_REGION__AFGHANISTAN,1995-05-16,03:35:02.0,36.455,70.893,192.0,5.927e+17,5.782,59.0,24.0,75.0,255.0,67.0,97.0
FCTs_19950516_201244_SOUTHEAST_OF_LOYALTY_ISLANDS,1995-05-16,20:12:44.0,-23.01,169.9,17.0,2.981e+20,7.583,261.0,50.0,-116.0,118.0,47.0,-63.0
FCTs_19950517_112349_SOUTHEAST_OF_LOYALTY_ISLANDS,1995-05-17,11:23:49.0,-23.03,170.11,11.0,6.528e+18,6.477,122.0,36.0,-73.0,281.0,56.0,-102.0
FCTs_19950518_000627_CENTRAL_MID-ATLANTIC_RIDGE,1995-05-18,00:06:27.0,-0.89,-22.0,17.0,1.223e+19,6.658,261.0,85.0,-172.0,170.0,82.0,-5.0
FCTs_19950522_034502_SOUTHEAST_OF_LOYALTY_ISLANDS,1995-05-22,03:45:02.0,-22.8,170.01,16.0,2.005e+18,6.135,316.0,29.0,-85.0,130.0,61.0,-93.0
FCTs_19950523_221011_SOUTHERN_MID-ATLANTIC_RIDGE,1995-05-23,22:10:11.0,-55.94,-3.36,24.0,1.51e+19,6.719,263.0,87.0,0.0,353.0,90.0,-177.0
FCTs_19950524_202124_SAMAR__PHILIPPINES,1995-05-24,20:21:24.0,12.263,125.701,10.0,8.557e+17,5.888,146.0,27.0,10.0,47.0,85.0,117.0
FCTs_19950526_031117_OWEN_FRACTURE_ZONE_REGION,1995-05-26,03:11:17.0,12.11,57.94,35.0,7.281e+18,6.508,297.0,82.0,-166.0,205.0,76.0,-8.0
FCTs_19950527_130352_SAKHALIN__RUSSIA,1995-05-27,13:03:52.0,52.63,142.83,6.0,4.648e+19,7.045,288.0,82.0,13.0,196.0,77.0,171.0
FCTs_19950529_072945_SANTA_CRUZ_ISLANDS_REGION,1995-05-29,07:29:45.0,-10.25,164.0,8.0,6.486e+18,6.475,93.0,78.0,-26.0,189.0,64.0,-167.0
FCTs_19950531_160840_OFF_COAST_OF_JALISCO__MEXICO,1995-05-31,16:08:40.0,18.96,-107.42,11.0,2.888e+18,6.24,111.0,80.0,-180.0,20.0,90.0,-10.0
FCTs_19950605_202017_LUZON__PHILIPPINES,1995-06-05,20:20:17.0,18.435,120.852,42.0,6.786e+17,5.821,28.0,37.0,100.0,195.0,54.0,82.0
FCTs_19950614_111147_OFF_COAST_OF_CENTRAL_AMERICA,1995-06-14,11:11:47.0,12.13,-88.36,11.0,9.45e+18,6.584,130.0,37.0,-92.0,312.0,53.0,-89.0
FCTs_19950615_001548_GREECE,1995-06-15,00:15:48.0,38.4,22.28,9.0,4.275e+18,6.354,295.0,33.0,-64.0,85.0,61.0,-106.0
FCTs_19950621_152851_BALLENY_ISLANDS_REGION,1995-06-21,15:28:51.0,-61.67,154.77,10.0,1.517e+19,6.721,333.0,77.0,6.0,241.0,84.0,167.0
FCTs_19950624_065806_NEW_IRELAND_REGION__P.N.G,1995-06-24,06:58:06.0,-3.96,153.93,386.0,2.371e+19,6.85,331.0,39.0,-112.0,179.0,54.0,-73.0
FCTs_19950625_021039_NEW_IRELAND_REGION__P.N.G,1995-06-25,02:10:39.0,-3.32,150.46,5.0,5.582e+18,6.431,107.0,89.0,-14.0,198.0,76.0,-179.0
FCTs_19950625_065906_TAIWAN,1995-06-25,06:59:06.0,24.6,121.7,50.0,1.064e+18,5.951,141.0,66.0,23.0,41.0,70.0,154.0
FCTs_19950627_100958_NORTH_OF_HONDURAS,1995-06-27,10:09:58.0,18.835,-81.719,11.0,1.209e+18,5.988,260.0,77.0,-18.0,354.0,73.0,-166.0
FCTs_19950628_211449_HALMAHERA__INDONESIA,1995-06-28,21:14:49.0,-1.551,127.467,13.0,6.889e+17,5.825,2.0,42.0,-123.0,223.0,56.0,-64.0
FCTs_19950629_074509_KURIL_ISLANDS,1995-06-29,07:45:09.0,48.793,154.446,62.0,1.232e+18,5.994,32.0,30.0,86.0,217.0,60.0,92.0
FCTs_19950629_122403_VANUATU_ISLANDS,1995-06-29,12:24:03.0,-19.54,169.29,141.0,8.951e+18,6.568,312.0,13.0,55.0,168.0,80.0,97.0
FCTs_19950629_230228_LAKE_BAYKAL_REGION__RUSSIA,1995-06-29,23:02:28.0,51.961,103.099,17.0,3.811e+17,5.654,69.0,39.0,-37.0,189.0,68.0,-123.0
FCTs_19950630_115856_BAJA_CALIFORNIA__MEXICO,1995-06-30,11:58:56.0,24.69,-110.23,8.0,2.541e+18,6.203,359.0,40.0,-67.0,150.0,54.0,-108.0
FCTs_19950703_195050_KERMADEC_ISLANDS__NEW_ZEALAND,1995-07-03,19:50:50.0,-29.21,-177.59,48.0,6.861e+19,7.158,197.0,33.0,95.0,12.0,57.0,87.0
FCTs_19950707_211519_NEAR_S._COAST_OF_HONSHU__JAPAN,1995-07-07,21:15:19.0,33.972,137.127,350.0,8.987e+17,5.902,344.0,16.0,87.0,167.0,74.0,91.0
FCTs_19950708_054253_OFF_EAST_COAST_OF_HONSHU__JAPAN,1995-07-08,05:42:53.0,39.678,143.352,12.0,1.41e+18,6.033,190.0,18.0,79.0,21.0,72.0,93.0
FCTs_19950708_171525_UNIMAK_ISLAND_REGION__ALASKA,1995-07-08,17:15:25.0,53.578,-163.74,15.0,1.44e+18,6.039,248.0,22.0,94.0,63.0,68.0,88.0
FCTs_19950709_203131_MYANMAR-CHINA_BORDER_REGION,1995-07-09,20:31:31.0,21.984,99.159,5.0,7.313e+17,5.843,66.0,76.0,-10.0,158.0,81.0,-166.0
FCTs_19950711_214639_MYANMAR-CHINA_BORDER_REGION,1995-07-11,21:46:39.0,21.97,99.2,8.0,2.414e+19,6.855,240.0,89.0,7.0,150.0,83.0,179.0
FCTs_19950712_154656_SOUTHEAST_OF_LOYALTY_ISLANDS,1995-07-12,15:46:56.0,-23.26,170.87,15.0,5.673e+18,6.436,90.0,29.0,-93.0,274.0,61.0,-88.0
FCTs_19950713_000022_SOUTHEAST_OF_LOYALTY_ISLANDS,1995-07-13,00:00:22.0,-23.08,170.641,8.0,1.204e+18,5.987,84.0,38.0,-104.0,281.0,54.0,-79.0
FCTs_19950718_143542_IRIAN_JAYA_REGION__INDONESIA,1995-07-18,14:35:42.0,-3.854,135.266,5.0,8.177e+17,5.875,211.0,73.0,39.0,108.0,53.0,159.0
FCTs_19950726_234202_NORTHERN_MOLUCCA_SEA,1995-07-26,23:42:02.0,2.53,127.68,69.0,3.717e+18,6.313,300.0,7.0,18.0,192.0,88.0,96.0
FCTs_19950727_055118_SOUTH_INDIAN_OCEAN,1995-07-27,05:51:18.0,-12.59,79.228,20.0,1.311e+18,6.012,275.0,35.0,119.0,61.0,60.0,71.0
FCTs_19950728_142911_TONGA_ISLANDS,1995-07-28,14:29:11.0,-21.18,-175.39,103.0,5.574e+18,6.431,126.0,16.0,24.0,13.0,83.0,105.0
FCTs_19950730_051123_NEAR_COAST_OF_NORTHERN_CHILE,1995-07-30,05:11:23.0,-23.34,-70.29,27.0,1.59e+21,8.068,17.0,25.0,114.0,171.0,67.0,79.0
FCTs_19950730_210547_NEAR_COAST_OF_NORTHERN_CHILE,1995-07-30,21:05:47.0,-23.35,-70.61,8.0,3.419e+18,6.289,15.0,18.0,116.0,168.0,74.0,82.0
FCTs_19950802_001409_NEAR_COAST_OF_NORTHERN_CHILE,1995-08-02,00:14:09.0,-23.23,-70.677,23.0,1.156e+18,5.975,353.0,23.0,90.0,174.0,67.0,90.0
FCTs_19950803_015719_NEAR_COAST_OF_NORTHERN_CHILE,1995-08-03,01:57:19.0,-23.06,-70.59,19.0,3.94e+18,6.33,17.0,21.0,112.0,174.0,71.0,82.0
FCTs_19950803_081853_CHILE-ARGENTINA_BORDER_REGION,1995-08-03,08:18:53.0,-28.281,-69.239,108.0,6.665e+17,5.816,332.0,40.0,-104.0,171.0,51.0,-78.0
FCTs_19950807_194425_E._CAROLINE_ISLANDS__MICRONESIA,1995-08-07,19:44:25.0,4.04,143.77,9.0,2.119e+18,6.151,102.0,84.0,8.0,11.0,82.0,174.0
FCTs_19950814_043717_NEW_BRITAIN_REGION__P.N.G,1995-08-14,04:37:17.0,-4.84,151.51,135.0,1.83e+19,6.775,249.0,25.0,123.0,33.0,70.0,76.0
FCTs_19950816_102728_SOLOMON_ISLANDS,1995-08-16,10:27:28.0,-5.8,154.18,57.0,4.732e+20,7.717,320.0,40.0,93.0,136.0,50.0,87.0
FCTs_19950816_231023_SOLOMON_ISLANDS,1995-08-16,23:10:23.0,-5.77,154.35,55.0,8.703e+19,7.226,315.0,43.0,86.0,140.0,47.0,93.0
FCTs_19950817_053537_SOUTHEAST_OF_LOYALTY_ISLANDS,1995-08-17,05:35:37.0,-21.85,170.44,80.0,1.282e+18,6.005,77.0,82.0,43.0,339.0,47.0,169.0
FCTs_19950817_100125_NEW_IRELAND_REGION__P.N.G,1995-08-17,10:01:25.0,-5.17,153.45,38.0,3.805e+18,6.32,190.0,42.0,37.0,71.0,66.0,126.0
FCTs_19950819_214331_COLOMBIA,1995-08-19,21:43:31.0,5.14,-75.58,120.0,9.676e+18,6.59,177.0,37.0,-110.0,22.0,55.0,-75.0
FCTs_19950823_070602_MARIANA_ISLANDS,1995-08-23,07:06:02.0,18.86,145.22,627.0,3.914e+19,6.995,140.0,43.0,-116.0,354.0,53.0,-68.0
FCTs_19950823_131442_PACIFIC-ANTARCTIC_RIDGE,1995-08-23,13:14:42.0,-56.88,-141.65,14.0,2.604e+18,6.21,37.0,45.0,-122.0,258.0,53.0,-63.0
FCTs_19950824_015534_MARIANA_ISLANDS,1995-08-24,01:55:34.0,18.9,145.05,617.0,2.112e+18,6.15,109.0,49.0,-117.0,327.0,48.0,-63.0
FCTs_19950825_165146_TONGA_ISLANDS,1995-08-25,16:51:46.0,-18.686,-175.409,240.0,1.429e+18,6.037,266.0,33.0,-28.0,20.0,75.0,-120.0
FCTs_19950826_065716_NEW_IRELAND_REGION__P.N.G,1995-08-26,06:57:16.0,-5.643,153.541,23.0,1.131e+18,5.969,66.0,56.0,127.0,192.0,48.0,48.0
FCTs_19950828_104612_GULF_OF_CALIFORNIA,1995-08-28,10:46:12.0,26.09,-110.28,16.0,8.333e+18,6.547,222.0,85.0,11.0,131.0,79.0,175.0
FCTs_19950829_072549_SOUTHEAST_INDIAN_RIDGE,1995-08-29,07:25:49.0,-47.94,99.47,14.0,5.508e+18,6.427,123.0,83.0,-8.0,214.0,82.0,-173.0
FCTs_19950831_171035_VANUATU_ISLANDS,1995-08-31,17:10:35.0,-15.84,166.43,24.0,5.074e+18,6.404,168.0,42.0,106.0,327.0,50.0,76.0
FCTs_19950901_063035_MINAHASSA_PENINSULA__SULAWESI,1995-09-01,06:30:35.0,0.042,123.235,142.0,7.206e+17,5.838,87.0,27.0,105.0,251.0,64.0,83.0
FCTs_19950906_224849_OFF_COAST_OF_CHIAPAS__MEXICO,1995-09-06,22:48:49.0,14.943,-94.253,11.0,8.996e+17,5.903,299.0,26.0,92.0,117.0,64.0,89.0
FCTs_19950914_140431_NEAR_COAST_OF_GUERRERO__MEXICO,1995-09-14,14:04:31.0,16.78,-98.6,14.0,1.74e+20,7.427,315.0,14.0,108.0,116.0,76.0,85.0
FCTs_19950916_010336_SOLOMON_ISLANDS,1995-09-16,01:03:36.0,-6.32,155.21,155.0,2.006e+18,6.135,270.0,20.0,-61.0,59.0,72.0,-100.0
FCTs_19950923_160549_SOUTHERN_SUMATRA__INDONESIA,1995-09-23,16:05:49.0,-5.561,104.062,55.0,9.922e+17,5.931,232.0,13.0,58.0,85.0,79.0,97.0
FCTs_19950923_223156_NEAR_COAST_OF_PERU,1995-09-23,22:31:56.0,-10.68,-78.58,70.0,6.837e+18,6.49,174.0,22.0,-93.0,357.0,68.0,-89.0
FCTs_19950930_104758_KURIL_ISLANDS,1995-09-30,10:47:58.0,50.829,157.341,42.0,1.443e+18,6.039,216.0,37.0,87.0,40.0,53.0,92.0
FCTs_19951001_155716_TURKEY,1995-10-01,15:57:16.0,38.06,30.13,8.0,3.385e+18,6.286,123.0,42.0,-105.0,323.0,50.0,-76.0
FCTs_19951003_015123_PERU-ECUADOR_BORDER_REGION,1995-10-03,01:51:23.0,-2.75,-77.88,24.0,3.121e+19,6.93,231.0,40.0,118.0,17.0,55.0,69.0
FCTs_19951003_124458_PERU-ECUADOR_BORDER_REGION,1995-10-03,12:44:58.0,-2.78,-77.85,18.0,4.582e+18,6.374,228.0,38.0,133.0,359.0,63.0,62.0
FCTs_19951004_151233_NEAR_ISLANDS__ALEUTIAN_ISLANDS,1995-10-04,15:12:33.0,52.711,172.412,30.0,8.176e+17,5.875,287.0,28.0,138.0,56.0,71.0,68.0
FCTs_19951006_113934_TONGA_ISLANDS,1995-10-06,11:39:34.0,-20.0,-175.92,221.0,4.605e+18,6.375,259.0,37.0,-24.0,8.0,76.0,-124.0
FCTs_19951006_180945_SOUTHERN_SUMATRA__INDONESIA,1995-10-06,18:09:45.0,-2.05,101.44,8.0,1.272e+19,6.67,235.0,89.0,0.0,145.0,90.0,179.0
FCTs_19951009_153553_NEAR_COAST_OF_JALISCO__MEXICO,1995-10-09,15:35:53.0,19.06,-104.21,30.0,4.361e+20,7.693,307.0,22.0,96.0,121.0,69.0,88.0
FCTs_19951014_080049_SOUTH_OF_FIJI_ISLANDS,1995-10-14,08:00:49.0,-25.76,-177.52,169.0,2.468e+18,6.195,224.0,48.0,123.0,359.0,52.0,58.0
FCTs_19951014_204457_SOLOMON_ISLANDS,1995-10-14,20:44:57.0,-6.43,154.56,28.0,1.998e+18,6.134,320.0,31.0,88.0,142.0,59.0,91.0
FCTs_19951015_150408_SOLOMON_ISLANDS,1995-10-15,15:04:08.0,-6.51,154.63,22.0,1.333e+18,6.017,310.0,27.0,86.0,135.0,63.0,92.0
FCTs_19951018_093038_HINDU_KUSH_REGION__AFGHANISTAN,1995-10-18,09:30:38.0,36.43,70.39,223.0,2.803e+18,6.232,92.0,31.0,96.0,265.0,60.0,87.0
FCTs_19951018_103726_RYUKYU_ISLANDS__JAPAN,1995-10-18,10:37:26.0,27.93,130.18,30.0,5.306e+19,7.083,348.0,29.0,-132.0,214.0,68.0,-69.0
FCTs_19951018_232558_RYUKYU_ISLANDS__JAPAN,1995-10-18,23:25:58.0,28.2,130.21,37.0,1.32e+18,6.014,76.0,11.0,-41.0,207.0,83.0,-98.0
FCTs_19951019_003206_RYUKYU_ISLANDS__JAPAN,1995-10-19,00:32:06.0,28.16,130.16,30.0,5.04e+18,6.402,42.0,10.0,-79.0,211.0,80.0,-92.0
FCTs_19951019_024136_RYUKYU_ISLANDS__JAPAN,1995-10-19,02:41:36.0,28.09,130.15,24.0,2.128e+19,6.819,26.0,18.0,-90.0,206.0,72.0,-90.0
FCTs_19951020_192128_MARIANA_ISLANDS,1995-10-20,19:21:28.0,18.71,145.54,223.0,1.96e+18,6.128,299.0,62.0,51.0,178.0,47.0,139.0
FCTs_19951021_023857_CHIAPAS__MEXICO,1995-10-21,02:38:57.0,16.84,-93.47,167.0,6.882e+19,7.158,244.0,12.0,18.0,136.0,86.0,102.0
FCTs_19951023_224650_SICHUAN__CHINA,1995-10-23,22:46:50.0,26.0,102.23,15.0,2e+18,6.134,285.0,85.0,-165.0,194.0,75.0,-5.0
FCTs_19951030_202525_ANDREANOF_ISLANDS__ALEUTIAN_IS,1995-10-30,20:25:25.0,51.667,-173.481,17.0,5.682e+17,5.77,255.0,26.0,99.0,65.0,65.0,86.0
FCTs_19951101_003532_NEAR_COAST_OF_CENTRAL_CHILE,1995-11-01,00:35:32.0,-28.91,-71.42,21.0,2.078e+19,6.812,4.0,27.0,105.0,168.0,64.0,82.0
FCTs_19951105_162958_SOUTHERN_SUMATRA__INDONESIA,1995-11-05,16:29:58.0,-4.92,103.22,41.0,2.183e+18,6.159,295.0,25.0,90.0,115.0,65.0,90.0
FCTs_19951108_071418_OFF_W_COAST_OF_NORTHERN_SUMATRA,1995-11-08,07:14:18.0,1.83,95.05,9.0,2.962e+19,6.914,287.0,73.0,-151.0,187.0,62.0,-19.0
FCTs_19951108_160119_MINAHASSA_PENINSULA__SULAWESI,1995-11-08,16:01:19.0,1.29,121.678,12.0,1.549e+18,6.06,189.0,27.0,-92.0,11.0,63.0,-89.0
FCTs_19951113_021751_TALAUD_ISLANDS__INDONESIA,1995-11-13,02:17:51.0,3.59,126.65,31.0,3.305e+18,6.279,7.0,49.0,114.0,153.0,46.0,65.0
FCTs_19951122_041511_EGYPT,1995-11-22,04:15:11.0,28.83,34.8,20.0,5.991e+19,7.118,196.0,64.0,-20.0,295.0,72.0,-153.0
FCTs_19951124_172411_KURIL_ISLANDS,1995-11-24,17:24:11.0,44.54,149.1,36.0,7.329e+18,6.51,244.0,29.0,112.0,39.0,63.0,78.0
FCTs_19951127_155256_KURIL_ISLANDS,1995-11-27,15:52:56.0,44.57,149.14,21.0,3.545e+18,6.3,245.0,23.0,123.0,29.0,71.0,77.0
FCTs_19951130_150922_HOKKAIDO__JAPAN_REGION,1995-11-30,15:09:22.0,44.277,145.619,138.0,8.557e+17,5.888,40.0,21.0,117.0,192.0,72.0,80.0
FCTs_19951130_233736_KURIL_ISLANDS,1995-11-30,23:37:36.0,44.47,149.34,21.0,2.923e+18,6.244,218.0,21.0,93.0,35.0,69.0,89.0
FCTs_19951201_052028_NORTHERN_EAST_PACIFIC_RISE,1995-12-01,05:20:28.0,10.16,-104.0,12.0,8.619e+18,6.557,77.0,82.0,-3.0,167.0,87.0,-172.0
FCTs_19951202_171318_KURIL_ISLANDS,1995-12-02,17:13:18.0,44.51,149.24,20.0,1.048e+19,6.614,235.0,22.0,111.0,33.0,69.0,82.0
FCTs_19951203_180108_KURIL_ISLANDS,1995-12-03,18:01:08.0,44.66,149.3,26.0,7.382e+20,7.845,242.0,20.0,119.0,32.0,73.0,80.0
FCTs_19951205_063206_TIMOR_REGION,1995-12-05,06:32:06.0,-9.03,124.67,6.0,4.242e+18,6.352,347.0,62.0,-160.0,247.0,72.0,-29.0
FCTs_19951205_145445_HALMAHERA__INDONESIA,1995-12-05,14:54:45.0,1.599,127.331,120.0,5.271e+17,5.748,311.0,30.0,9.0,213.0,85.0,120.0
FCTs_19951205_184930_TURKEY,1995-12-05,18:49:30.0,39.44,40.153,15.0,5.588e+17,5.765,135.0,80.0,161.0,228.0,71.0,10.0
FCTs_19951207_193024_KURIL_ISLANDS,1995-12-07,19:30:24.0,44.907,149.527,35.0,9.717e+17,5.925,238.0,30.0,119.0,26.0,64.0,74.0
FCTs_19951210_222312_KURIL_ISLANDS,1995-12-10,22:23:12.0,44.35,149.74,14.0,4.636e+18,6.377,228.0,19.0,101.0,36.0,72.0,86.0
FCTs_19951219_232812_IRIAN_JAYA__INDONESIA,1995-12-19,23:28:12.0,-3.7,140.23,69.0,7.346e+18,6.511,22.0,37.0,-82.0,191.0,54.0,-96.0
FCTs_19951225_044324_BANDA_SEA,1995-12-25,04:43:24.0,-6.9,129.15,158.0,7.911e+19,7.199,277.0,50.0,146.0,30.0,65.0,45.0
FCTs_19951230_121105_OFF_EAST_COAST_OF_HONSHU__JAPAN,1995-12-30,12:11:05.0,40.75,143.34,14.0,7.304e+18,6.509,178.0,17.0,67.0,22.0,74.0,97.0
FCTs_19960101_080510_MINAHASSA_PENINSULA__SULAWESI,1996-01-01,08:05:10.0,0.73,119.93,26.0,3.031e+20,7.588,15.0,16.0,35.0,251.0,81.0,103.0
FCTs_19960111_035134_SOLOMON_ISLANDS,1996-01-11,03:51:34.0,-8.428,158.693,90.0,6.58e+17,5.812,164.0,31.0,145.0,286.0,73.0,64.0
FCTs_19960117_100646_IRIAN_JAYA__INDONESIA,1996-01-17,10:06:46.0,-4.4,140.07,107.0,1.382e+18,6.027,45.0,26.0,38.0,280.0,74.0,111.0
FCTs_19960122_231957_SOUTH_SANDWICH_ISLANDS_REGION,1996-01-22,23:19:57.0,-60.61,-25.9,7.0,3.415e+18,6.289,55.0,45.0,-127.0,282.0,55.0,-59.0
FCTs_19960127_174809_MINDANAO__PHILIPPINES,1996-01-27,17:48:09.0,9.187,126.416,22.0,1.082e+18,5.956,209.0,28.0,100.0,18.0,62.0,85.0
FCTs_19960201_071804_KURIL_ISLANDS,1996-02-01,07:18:04.0,44.85,146.27,176.0,2.356e+18,6.181,53.0,54.0,173.0,148.0,84.0,36.0
FCTs_19960203_111420_YUNNAN__CHINA,1996-02-03,11:14:20.0,27.29,100.28,9.0,1.012e+19,6.603,12.0,44.0,-60.0,153.0,53.0,-116.0
FCTs_19960207_213646_KURIL_ISLANDS,1996-02-07,21:36:46.0,45.32,149.89,45.0,7.076e+19,7.167,236.0,30.0,110.0,34.0,62.0,79.0
FCTs_19960212_090807_SOUTH_OF_SUMBAWA__INDONESIA,1996-02-12,09:08:07.0,-11.04,118.67,7.0,2.45e+18,6.193,69.0,39.0,-100.0,261.0,52.0,-82.0
FCTs_19960216_094458_NORTH_OF_ASCENSION_ISLAND,1996-02-16,09:44:58.0,-1.5,-15.28,10.0,7.236e+18,6.506,257.0,72.0,173.0,349.0,83.0,18.0
FCTs_19960216_152258_OFF_EAST_COAST_OF_HONSHU__JAPAN,1996-02-16,15:22:58.0,37.35,142.38,54.0,1.102e+19,6.628,142.0,30.0,3.0,50.0,89.0,120.0
FCTs_19960217_055930_IRIAN_JAYA_REGION__INDONESIA,1996-02-17,05:59:30.0,-0.89,136.95,12.0,1.983e+21,8.132,84.0,13.0,43.0,311.0,81.0,100.0
FCTs_19960217_201807_IRIAN_JAYA_REGION__INDONESIA,1996-02-17,20:18:07.0,-0.92,136.23,8.0,8.008e+18,6.536,274.0,50.0,-55.0,46.0,51.0,-124.0
FCTs_19960218_022533_IRIAN_JAYA_REGION__INDONESIA,1996-02-18,02:25:33.0,-1.34,136.46,14.0,6.774e+18,6.487,84.0,75.0,-12.0,178.0,78.0,-165.0
FCTs_19960218_234928_NORTH_OF_ASCENSION_ISLAND,1996-02-18,23:49:28.0,-1.27,-14.27,10.0,1.056e+19,6.616,255.0,72.0,176.0,346.0,86.0,19.0
FCTs_19960221_125101_OFF_COAST_OF_NORTHERN_PERU,1996-02-21,12:51:01.0,-9.59,-79.59,12.0,2.149e+20,7.488,326.0,15.0,73.0,164.0,75.0,95.0
FCTs_19960222_145908_KURIL_ISLANDS,1996-02-22,14:59:08.0,45.26,148.54,132.0,4.344e+18,6.359,133.0,6.0,-21.0,243.0,88.0,-96.0
FCTs_19960224_155259_IRIAN_JAYA_REGION__INDONESIA,1996-02-24,15:52:59.0,-0.87,137.35,13.0,3.214e+18,6.271,110.0,19.0,82.0,299.0,71.0,93.0
FCTs_19960225_030815_OFF_COAST_OF_GUERRERO__MEXICO,1996-02-25,03:08:15.0,15.98,-98.07,13.0,5.104e+19,7.072,291.0,21.0,89.0,112.0,69.0,90.0
FCTs_19960228_094410_NORTHERN_MOLUCCA_SEA,1996-02-28,09:44:10.0,1.76,126.05,98.0,4.468e+18,6.367,92.0,39.0,93.0,268.0,51.0,87.0
FCTs_19960302_015004_EASTERN_NEW_GUINEA_REG.__P.N.G,1996-03-02,01:50:04.0,-5.97,146.57,36.0,2.079e+18,6.145,299.0,42.0,83.0,128.0,48.0,97.0
FCTs_19960303_145511_NEAR_COAST_OF_NICARAGUA,1996-03-03,14:55:11.0,11.66,-86.86,36.0,8.868e+18,6.565,312.0,36.0,100.0,119.0,55.0,83.0
FCTs_19960303_163731_NEAR_COAST_OF_NICARAGUA,1996-03-03,16:37:31.0,11.9,-86.77,37.0,1.472e+19,6.712,316.0,38.0,95.0,129.0,52.0,86.0
FCTs_19960304_155905_TALAUD_ISLANDS__INDONESIA,1996-03-04,15:59:05.0,2.798,125.167,155.0,7.541e+17,5.852,159.0,33.0,-141.0,35.0,70.0,-63.0
FCTs_19960305_145228_TAIWAN_REGION,1996-03-05,14:52:28.0,24.09,122.21,27.0,3.367e+18,6.285,292.0,22.0,128.0,72.0,73.0,76.0
FCTs_19960316_220406_BONIN_ISLANDS__JAPAN_REGION,1996-03-16,22:04:06.0,28.98,138.94,492.0,1.134e+19,6.636,68.0,31.0,-166.0,326.0,83.0,-59.0
FCTs_19960317_144856_VANUATU_ISLANDS,1996-03-17,14:48:56.0,-14.7,167.3,175.0,1.237e+19,6.661,175.0,48.0,119.0,315.0,50.0,61.0
FCTs_19960319_150026_SOUTHERN_XINJIANG__CHINA,1996-03-19,15:00:26.0,39.99,76.7,33.0,1.775e+18,6.099,260.0,18.0,99.0,71.0,72.0,87.0
FCTs_19960322_032420_RAT_ISLANDS__ALEUTIAN_ISLANDS,1996-03-22,03:24:20.0,51.22,178.7,24.0,1.53e+19,6.723,270.0,22.0,112.0,66.0,69.0,81.0
FCTs_19960327_205206_NEAR_COAST_OF_NICARAGUA,1996-03-27,20:52:06.0,11.777,-87.935,8.0,2.168e+18,6.157,127.0,43.0,-99.0,319.0,48.0,-81.0
FCTs_19960328_072828_OWEN_FRACTURE_ZONE_REGION,1996-03-28,07:28:28.0,11.92,57.81,9.0,1.812e+18,6.105,117.0,83.0,165.0,209.0,75.0,8.0
FCTs_19960328_195107_FOX_ISLANDS__ALEUTIAN_ISLANDS,1996-03-28,19:51:07.0,52.307,-168.778,16.0,7.803e+17,5.862,244.0,17.0,96.0,58.0,73.0,88.0
FCTs_19960330_130517_FOX_ISLANDS__ALEUTIAN_ISLANDS,1996-03-30,13:05:17.0,52.21,-168.73,16.0,3.346e+18,6.283,258.0,19.0,104.0,64.0,71.0,85.0
FCTs_19960416_003054_SOUTH_OF_FIJI_ISLANDS,1996-04-16,00:30:54.0,-24.06,-177.04,117.0,6.639e+19,7.148,61.0,34.0,27.0,308.0,75.0,121.0
FCTs_19960418_061257_SAMAR__PHILIPPINES,1996-04-18,06:12:57.0,12.816,124.982,24.0,7.772e+17,5.86,162.0,28.0,85.0,347.0,62.0,92.0
FCTs_19960419_001931_NEAR_COAST_OF_NORTHERN_CHILE,1996-04-19,00:19:31.0,-23.94,-70.09,52.0,8.745e+18,6.561,7.0,23.0,107.0,169.0,68.0,83.0
FCTs_19960427_084041_SOUTH_OF_PANAMA,1996-04-27,08:40:41.0,2.37,-79.34,13.0,1.902e+18,6.119,52.0,22.0,115.0,206.0,70.0,80.0
FCTs_19960429_144041_SOLOMON_ISLANDS,1996-04-29,14:40:41.0,-6.52,155.0,58.0,8.244e+19,7.211,142.0,44.0,97.0,312.0,46.0,83.0
FCTs_19960501_092124_SOLOMON_ISLANDS,1996-05-01,09:21:24.0,-6.66,154.85,25.0,1.15e+18,5.974,329.0,34.0,94.0,144.0,56.0,87.0
FCTs_19960502_023235_SOLOMON_ISLANDS,1996-05-02,02:32:35.0,-6.44,154.577,35.0,1.238e+18,5.995,329.0,33.0,87.0,152.0,57.0,92.0
FCTs_19960502_133428_SOLOMON_ISLANDS,1996-05-02,13:34:28.0,-4.55,154.83,518.0,1.116e+19,6.632,120.0,26.0,-42.0,249.0,73.0,-110.0
FCTs_19960507_232000_KURIL_ISLANDS,1996-05-07,23:20:00.0,43.71,147.61,52.0,1.995e+18,6.133,182.0,32.0,39.0,58.0,71.0,116.0
FCTs_19960511_134345_SOLOMON_ISLANDS,1996-05-11,13:43:45.0,-6.61,155.04,34.0,4.517e+18,6.37,318.0,39.0,83.0,147.0,52.0,96.0
FCTs_19960602_025209_NORTHERN_MID-ATLANTIC_RIDGE,1996-06-02,02:52:09.0,10.8,-42.25,14.0,3.133e+19,6.931,272.0,75.0,171.0,5.0,81.0,16.0
FCTs_19960606_173538_MID-INDIAN_RIDGE,1996-06-06,17:35:38.0,-41.33,80.67,4.0,2.383e+18,6.185,322.0,70.0,17.0,226.0,74.0,159.0
FCTs_19960608_231915_ANDREANOF_ISLANDS__ALEUTIAN_IS,1996-06-08,23:19:15.0,51.49,-178.13,35.0,7.99e+18,6.535,268.0,29.0,112.0,63.0,63.0,78.0
FCTs_19960609_011216_MARIANA_ISLANDS,1996-06-09,01:12:16.0,17.44,145.46,158.0,7e+18,6.497,213.0,42.0,163.0,316.0,78.0,49.0
FCTs_19960610_010446_VANUATU_ISLANDS,1996-06-10,01:04:46.0,-13.48,167.13,207.0,1.595e+19,6.735,353.0,44.0,95.0,166.0,47.0,85.0
FCTs_19960610_040335_ANDREANOF_ISLANDS__ALEUTIAN_IS,1996-06-10,04:03:35.0,51.56,-177.63,32.0,6.206e+20,7.795,267.0,24.0,113.0,62.0,68.0,80.0
FCTs_19960610_152456_ANDREANOF_ISLANDS__ALEUTIAN_IS,1996-06-10,15:24:56.0,51.48,-176.85,35.0,9.492e+19,7.252,266.0,26.0,112.0,62.0,66.0,80.0
FCTs_19960611_104008_ANDREANOF_ISLANDS__ALEUTIAN_IS,1996-06-11,10:40:08.0,51.276,-176.256,19.0,1.036e+18,5.943,257.0,25.0,102.0,64.0,65.0,85.0
FCTs_19960611_182255_SAMAR__PHILIPPINES,1996-06-11,18:22:55.0,12.61,125.15,49.0,3.051e+19,6.923,155.0,20.0,78.0,348.0,70.0,94.0
FCTs_19960614_150440_SAMAR__PHILIPPINES,1996-06-14,15:04:40.0,12.81,125.06,11.0,1.886e+18,6.117,228.0,50.0,-125.0,95.0,51.0,-56.0
FCTs_19960617_112218_FLORES_SEA,1996-06-17,11:22:18.0,-7.14,122.59,609.0,8.411e+20,7.883,223.0,55.0,-139.0,107.0,58.0,-43.0
FCTs_19960621_135710_OFF_EAST_COAST_OF_KAMCHATKA,1996-06-21,13:57:10.0,51.57,159.12,20.0,2.163e+19,6.823,208.0,20.0,85.0,33.0,70.0,92.0
FCTs_19960622_003213_BOUVET_ISLAND_REGION,1996-06-22,00:32:13.0,-53.77,8.8,7.0,6.526e+18,6.476,223.0,75.0,-164.0,129.0,75.0,-16.0
FCTs_19960622_145007_OFF_EAST_COAST_OF_KAMCHATKA,1996-06-22,14:50:07.0,51.4,159.24,19.0,2.227e+18,6.165,213.0,16.0,84.0,39.0,75.0,92.0
FCTs_19960626_032203_BONIN_ISLANDS__JAPAN_REGION,1996-06-26,03:22:03.0,27.73,139.75,496.0,2.965e+18,6.248,114.0,29.0,-138.0,346.0,71.0,-67.0
FCTs_19960630_113235_OFF_EAST_COAST_OF_KAMCHATKA,1996-06-30,11:32:35.0,51.73,159.81,17.0,2.892e+18,6.241,217.0,19.0,89.0,38.0,71.0,90.0
FCTs_19960704_155038_W._CAROLINE_ISLANDS__MICRONESIA,1996-07-04,15:50:38.0,8.489,141.564,18.0,8.243e+17,5.877,33.0,81.0,149.0,128.0,59.0,10.0
FCTs_19960706_213628_MARIANA_ISLANDS_REGION,1996-07-06,21:36:28.0,21.97,142.83,261.0,3.015e+18,6.253,71.0,54.0,47.0,309.0,53.0,134.0
FCTs_19960710_054819_FOX_ISLANDS__ALEUTIAN_ISLANDS,1996-07-10,05:48:19.0,52.168,-171.146,35.0,6.128e+17,5.792,262.0,34.0,107.0,62.0,58.0,79.0
FCTs_19960715_165122_MARIANA_ISLANDS,1996-07-15,16:51:22.0,18.73,145.63,193.0,3.36e+18,6.284,200.0,27.0,138.0,329.0,73.0,70.0
FCTs_19960715_212334_GUERRERO__MEXICO,1996-07-15,21:23:34.0,17.6,-100.96,22.0,1.109e+19,6.63,305.0,20.0,93.0,122.0,70.0,89.0
FCTs_19960716_034828_KOMANDORSKIYE_OSTROVA_REGION,1996-07-16,03:48:28.0,56.08,165.0,24.0,6.055e+18,6.455,34.0,81.0,-4.0,125.0,86.0,-171.0
FCTs_19960720_000041_DODECANESE_ISLANDS__GREECE,1996-07-20,00:00:41.0,36.15,27.1,11.0,2.353e+18,6.181,207.0,39.0,-88.0,25.0,51.0,-92.0
FCTs_19960720_091404_MINDORO__PHILIPPINES,1996-07-20,09:14:04.0,13.856,120.671,110.0,8.429e+17,5.884,6.0,30.0,137.0,135.0,70.0,67.0
FCTs_19960722_141935_MINAHASSA_PENINSULA__SULAWESI,1996-07-22,14:19:35.0,1.0,120.45,28.0,3.844e+19,6.99,66.0,16.0,74.0,263.0,74.0,95.0
FCTs_19960723_033212_SOUTH_OF_FIJI_ISLANDS,1996-07-23,03:32:12.0,-26.75,-177.2,5.0,1.059e+19,6.617,220.0,68.0,-160.0,123.0,72.0,-23.0
FCTs_19960728_104043_MINAHASSA_PENINSULA__SULAWESI,1996-07-28,10:40:43.0,1.006,120.196,20.0,1.254e+18,5.999,56.0,14.0,73.0,254.0,77.0,94.0
FCTs_19960730_173830_LUZON__PHILIPPINES,1996-07-30,17:38:30.0,14.51,119.95,45.0,9.053e+17,5.905,160.0,30.0,69.0,4.0,63.0,102.0
FCTs_19960802_125529_SOLOMON_ISLANDS,1996-08-02,12:55:29.0,-10.77,161.45,43.0,2.917e+19,6.91,268.0,61.0,53.0,145.0,46.0,137.0
FCTs_19960805_020858_TONGA_ISLANDS,1996-08-05,02:08:58.0,-15.27,-173.13,58.0,1.162e+19,6.643,271.0,31.0,-120.0,125.0,63.0,-73.0
FCTs_19960805_213916_NEAR_COAST_OF_ECUADOR,1996-08-05,21:39:16.0,-2.0,-81.0,13.0,4.625e+18,6.377,326.0,19.0,69.0,168.0,72.0,97.0
FCTs_19960805_223822_FIJI_ISLANDS_REGION,1996-08-05,22:38:22.0,-20.69,-178.31,567.0,1.586e+20,7.4,218.0,23.0,-94.0,42.0,67.0,-88.0
FCTs_19960808_231235_SAMAR__PHILIPPINES,1996-08-08,23:12:35.0,11.977,125.677,14.0,6.782e+17,5.821,183.0,8.0,87.0,6.0,82.0,90.0
FCTs_19960810_112019_NEW_BRITAIN_REGION__P.N.G,1996-08-10,11:20:19.0,-4.94,152.13,50.0,2.545e+18,6.204,240.0,41.0,77.0,78.0,50.0,101.0
FCTs_19960810_181217_EASTERN_HONSHU__JAPAN,1996-08-10,18:12:17.0,38.909,140.53,6.0,8.068e+17,5.871,205.0,42.0,122.0,345.0,55.0,65.0
FCTs_19960811_013116_VANUATU_ISLANDS,1996-08-11,01:31:16.0,-13.4,166.69,49.0,1.568e+18,6.064,216.0,42.0,101.0,21.0,49.0,80.0
FCTs_19960815_073350_VANUATU_ISLANDS,1996-08-15,07:33:50.0,-13.3,166.84,49.0,3.191e+18,6.269,152.0,40.0,87.0,336.0,50.0,93.0
FCTs_19960819_041916_ANDREANOF_ISLANDS__ALEUTIAN_IS,1996-08-19,04:19:16.0,51.451,-178.367,33.0,1.167e+18,5.978,266.0,31.0,111.0,62.0,61.0,78.0
FCTs_19960902_204152_SOUTH_OF_MARIANA_ISLANDS,1996-09-02,20:41:52.0,12.32,143.809,8.0,8.712e+17,5.893,308.0,51.0,-124.0,175.0,50.0,-56.0
FCTs_19960904_190649_COSTA_RICA,1996-09-04,19:06:49.0,9.36,-84.27,20.0,2.176e+18,6.158,317.0,31.0,110.0,113.0,61.0,78.0
FCTs_19960905_081414_EASTER_ISLAND_REGION,1996-09-05,08:14:14.0,-22.12,-113.44,13.0,2.712e+19,6.889,259.0,63.0,46.0,144.0,50.0,144.0
FCTs_19960905_204409_ADRIATIC_SEA,1996-09-05,20:44:09.0,42.803,17.936,6.0,5.756e+17,5.773,144.0,36.0,97.0,315.0,54.0,85.0
FCTs_19960905_234206_TAIWAN_REGION,1996-09-05,23:42:06.0,21.9,121.5,21.0,2.156e+19,6.822,210.0,38.0,106.0,10.0,54.0,78.0
FCTs_19960906_170346_SOLOMON_ISLANDS,1996-09-06,17:03:46.0,-7.31,155.89,24.0,2.848e+18,6.236,279.0,33.0,60.0,134.0,62.0,108.0
FCTs_19960909_002039_NEAR_COAST_OF_CENTRAL_CHILE,1996-09-09,00:20:39.0,-31.9,-71.56,44.0,9.813e+17,5.928,343.0,43.0,76.0,182.0,49.0,103.0
FCTs_19960911_023714_NEAR_EAST_COAST_OF_HONSHU__JAPAN,1996-09-11,02:37:14.0,35.54,140.94,22.0,2.384e+18,6.185,281.0,40.0,-121.0,139.0,57.0,-67.0
FCTs_19960914_131053_SANTA_CRUZ_ISLANDS,1996-09-14,13:10:53.0,-10.88,165.99,75.0,6.791e+18,6.488,183.0,55.0,45.0,63.0,55.0,136.0
FCTs_19960920_000318_MINDANAO__PHILIPPINES,1996-09-20,00:03:18.0,9.6,126.29,27.0,4.984e+18,6.398,188.0,25.0,82.0,16.0,65.0,94.0
FCTs_19960920_041027_MINDANAO__PHILIPPINES,1996-09-20,04:10:27.0,9.46,126.28,31.0,7.355e+18,6.511,171.0,32.0,66.0,19.0,61.0,104.0
FCTs_19960928_141042_LEYTE__PHILIPPINES,1996-09-28,14:10:42.0,10.04,125.37,235.0,4.268e+18,6.353,23.0,88.0,-171.0,293.0,81.0,-2.0
FCTs_19961001_155023_OWEN_FRACTURE_ZONE_REGION,1996-10-01,15:50:23.0,12.43,58.07,16.0,5.315e+18,6.417,300.0,70.0,-169.0,206.0,80.0,-20.0
FCTs_19961002_094801_SAMAR__PHILIPPINES,1996-10-02,09:48:01.0,11.76,125.48,25.0,5.187e+18,6.41,189.0,26.0,95.0,4.0,64.0,88.0
FCTs_19961006_201309_VANCOUVER_ISLAND__CANADA_REGION,1996-10-06,20:13:09.0,49.05,-127.88,6.0,2.043e+18,6.14,48.0,87.0,-9.0,138.0,81.0,-177.0
FCTs_19961008_013653_SOUTHEAST_INDIAN_RIDGE,1996-10-08,01:36:53.0,-45.78,96.03,7.0,9.782e+17,5.927,222.0,63.0,13.0,126.0,79.0,153.0
FCTs_19961009_131052_CYPRUS_REGION,1996-10-09,13:10:52.0,34.56,32.13,30.0,1.892e+19,6.785,45.0,70.0,167.0,139.0,78.0,21.0
FCTs_19961010_152104_NORTHERN_SUMATRA__INDONESIA,1996-10-10,15:21:04.0,3.44,97.94,19.0,3.481e+18,6.294,142.0,78.0,-172.0,50.0,82.0,-12.0
FCTs_19961012_153601_SOLOMON_ISLANDS,1996-10-12,15:36:01.0,-7.25,155.47,16.0,1.47e+18,6.045,274.0,26.0,57.0,130.0,68.0,105.0
FCTs_19961014_000758_SOLOMON_ISLANDS,1996-10-14,00:07:58.0,-7.228,155.488,20.0,1.175e+18,5.98,282.0,36.0,58.0,139.0,60.0,111.0
FCTs_19961014_232620_SOLOMON_ISLANDS,1996-10-14,23:26:20.0,-7.13,155.57,31.0,2.237e+19,6.833,293.0,35.0,70.0,137.0,57.0,104.0
FCTs_19961017_161525_MINDANAO__PHILIPPINES,1996-10-17,16:15:25.0,5.704,125.945,103.0,8.951e+17,5.901,196.0,22.0,120.0,344.0,71.0,78.0
FCTs_19961018_105020_KYUSHU__JAPAN,1996-10-18,10:50:20.0,30.57,131.09,31.0,1.061e+19,6.617,210.0,18.0,74.0,46.0,73.0,95.0
FCTs_19961019_144440_KYUSHU__JAPAN,1996-10-19,14:44:40.0,31.89,131.47,23.0,1.688e+19,6.752,215.0,24.0,90.0,35.0,66.0,90.0
FCTs_19961024_193153_NEAR_N._COAST_OF_EASTERN_SIBERIA,1996-10-24,19:31:53.0,66.99,-173.23,21.0,1.076e+18,5.955,250.0,58.0,-130.0,127.0,49.0,-44.0
FCTs_19961102_000850_BALI_SEA,1996-11-02,00:08:50.0,-7.558,117.301,304.0,5.997e+17,5.785,212.0,24.0,69.0,55.0,68.0,99.0
FCTs_19961104_172457_PANAMA-COLOMBIA_BORDER_REGION,1996-11-04,17:24:57.0,7.31,-77.39,16.0,3.059e+18,6.257,70.0,69.0,135.0,179.0,49.0,28.0
FCTs_19961105_094134_KERMADEC_ISLANDS_REGION,1996-11-05,09:41:34.0,-31.16,180.0,371.0,1.588e+19,6.734,38.0,45.0,-50.0,168.0,57.0,-123.0
FCTs_19961106_200058_BONIN_ISLANDS__JAPAN_REGION,1996-11-06,20:00:58.0,28.0,143.54,11.0,7.243e+18,6.507,343.0,41.0,-76.0,145.0,50.0,-102.0
FCTs_19961112_165944_NEAR_COAST_OF_PERU,1996-11-12,16:59:44.0,-14.99,-75.68,24.0,5.907e+20,7.781,309.0,33.0,61.0,162.0,62.0,107.0
FCTs_19961114_134738_FIJI_ISLANDS_REGION,1996-11-14,13:47:38.0,-21.24,-176.62,205.0,2.259e+18,6.169,218.0,35.0,-77.0,22.0,56.0,-99.0
FCTs_19961119_104446_EASTERN_KASHMIR,1996-11-19,10:44:46.0,35.35,78.13,10.0,2.62e+19,6.879,92.0,87.0,-4.0,182.0,86.0,-177.0
FCTs_19961120_175804_LUZON__PHILIPPINES,1996-11-20,17:58:04.0,16.348,120.527,12.0,9.967e+17,5.932,224.0,51.0,-149.0,114.0,67.0,-44.0
FCTs_19961202_221759_KYUSHU__JAPAN,1996-12-02,22:17:59.0,31.79,131.31,36.0,1.456e+19,6.709,235.0,23.0,105.0,38.0,68.0,84.0
FCTs_19961209_035416_JAVA__INDONESIA,1996-12-09,03:54:16.0,-7.94,107.49,34.0,1.47e+18,6.045,288.0,29.0,94.0,103.0,61.0,88.0
FCTs_19961209_112848_NORTHERN_MID-ATLANTIC_RIDGE,1996-12-09,11:28:48.0,29.85,-42.855,7.0,1.451e+18,6.041,160.0,49.0,-114.0,14.0,47.0,-65.0
FCTs_19961210_083618_CENTRAL_MID-ATLANTIC_RIDGE,1996-12-10,08:36:18.0,0.87,-30.04,11.0,1.223e+19,6.658,266.0,86.0,-179.0,176.0,89.0,-4.0
FCTs_19961222_145327_EASTERN_SEA_OF_JAPAN,1996-12-22,14:53:27.0,43.21,138.92,238.0,7.041e+18,6.498,132.0,28.0,-39.0,257.0,73.0,-113.0
FCTs_19961226_204823_IRIAN_JAYA__INDONESIA,1996-12-26,20:48:23.0,-2.24,138.94,16.0,2.88e+18,6.24,144.0,35.0,88.0,327.0,55.0,92.0
FCTs_19970109_134331_KYRGYZSTAN,1997-01-09,13:43:31.0,41.026,74.284,16.0,5.095e+17,5.738,280.0,36.0,109.0,76.0,56.0,77.0
FCTs_19970111_202826_MICHOACAN__MEXICO,1997-01-11,20:28:26.0,18.22,-102.76,47.0,5.549e+19,7.096,186.0,19.0,-15.0,290.0,85.0,-109.0
FCTs_19970117_112022_FLORES_REGION__INDONESIA,1997-01-17,11:20:22.0,-8.9,123.54,113.0,1.875e+18,6.115,161.0,7.0,8.0,63.0,89.0,97.0
FCTs_19970123_021522_JUJUY_PROVINCE__ARGENTINA,1997-01-23,02:15:22.0,-22.0,-65.72,269.0,5.57e+19,7.097,160.0,1.0,-99.0,348.0,89.0,-90.0
FCTs_19970204_103747_TURKMENISTAN-IRAN_BORDER_REGION,1997-02-04,10:37:47.0,37.66,57.29,14.0,8.62e+18,6.557,58.0,79.0,14.0,325.0,76.0,169.0
FCTs_19970207_084113_TONGA_ISLANDS,1997-02-07,08:41:13.0,-19.86,-173.29,37.0,6.332e+18,6.468,23.0,42.0,113.0,173.0,52.0,71.0
FCTs_19970227_210802_PAKISTAN,1997-02-27,21:08:02.0,29.98,68.21,14.0,3.601e+19,6.971,318.0,21.0,134.0,93.0,75.0,75.0
FCTs_19970228_125718_ARMENIA-AZERBAIJAN-IRAN_BORD_REG,1997-02-28,12:57:18.0,38.08,48.05,13.0,1.855e+18,6.112,186.0,72.0,-2.0,277.0,88.0,-162.0
FCTs_19970317_080548_SUNDA_STRAIT__INDONESIA,1997-03-17,08:05:48.0,-6.61,105.51,40.0,3.988e+18,6.334,291.0,29.0,101.0,99.0,62.0,84.0
FCTs_19970320_085040_PAKISTAN,1997-03-20,08:50:40.0,30.136,68.022,21.0,4.668e+17,5.713,349.0,7.0,-176.0,255.0,89.0,-83.0
FCTs_19970321_120717_KERMADEC_ISLANDS_REGION,1997-03-21,12:07:17.0,-31.16,179.62,461.0,2.872e+18,6.239,32.0,87.0,-40.0,124.0,50.0,-176.0
FCTs_19970323_204848_NORTHERN_MID-ATLANTIC_RIDGE,1997-03-23,20:48:48.0,30.984,-41.542,8.0,9.204e+17,5.909,182.0,38.0,-118.0,36.0,57.0,-70.0
FCTs_19970326_020857_RAT_ISLANDS__ALEUTIAN_ISLANDS,1997-03-26,02:08:57.0,51.28,179.53,31.0,1.198e+19,6.652,275.0,26.0,119.0,63.0,67.0,77.0
FCTs_19970326_181834_HALMAHERA__INDONESIA,1997-03-26,18:18:34.0,2.803,128.237,121.0,6.471e+17,5.807,14.0,60.0,132.0,133.0,50.0,40.0
FCTs_19970406_043635_SOUTHERN_XINJIANG__CHINA,1997-04-06,04:36:35.0,39.537,76.998,16.0,5.746e+17,5.773,235.0,37.0,-59.0,18.0,59.0,-111.0
FCTs_19970407_131417_NORTHERN_MOLUCCA_SEA,1997-04-07,13:14:17.0,0.344,125.299,56.0,3.366e+17,5.618,222.0,26.0,95.0,36.0,64.0,87.0
FCTs_19970408_180709_LUZON__PHILIPPINES,1997-04-08,18:07:09.0,18.315,120.953,78.0,4.763e+17,5.719,312.0,16.0,-38.0,79.0,80.0,-103.0
FCTs_19970411_053442_SOUTHERN_XINJIANG__CHINA,1997-04-11,05:34:42.0,39.53,76.94,16.0,1.164e+18,5.977,212.0,45.0,-77.0,15.0,47.0,-102.0
FCTs_19970415_181910_SOUTHERN_XINJIANG__CHINA,1997-04-15,18:19:10.0,39.634,76.992,17.0,4.857e+17,5.724,63.0,53.0,-34.0,175.0,64.0,-138.0
FCTs_19970421_120226_SANTA_CRUZ_ISLANDS,1997-04-21,12:02:26.0,-12.58,166.68,55.0,5.086e+20,7.738,305.0,33.0,42.0,178.0,69.0,115.0
FCTs_19970422_055559_SOUTHERN_SUMATRA__INDONESIA,1997-04-22,05:55:59.0,-3.37,102.144,102.0,6.505e+17,5.809,212.0,38.0,15.0,110.0,81.0,127.0
FCTs_19970422_093123_WINDWARD_ISLANDS,1997-04-22,09:31:23.0,11.11,-60.89,9.0,1.101e+19,6.628,244.0,47.0,-150.0,132.0,69.0,-47.0
FCTs_19970423_194428_MARIANA_ISLANDS,1997-04-23,19:44:28.0,13.99,144.9,108.0,5.659e+18,6.435,156.0,45.0,-55.0,291.0,55.0,-120.0
FCTs_19970425_053740_KURIL_ISLANDS,1997-04-25,05:37:40.0,46.154,153.108,10.0,8.512e+17,5.887,215.0,22.0,89.0,36.0,68.0,90.0
FCTs_19970425_091134_SOUTHERN_MID-ATLANTIC_RIDGE,1997-04-25,09:11:34.0,-48.342,-10.04,7.0,8.292e+17,5.879,330.0,45.0,-129.0,199.0,56.0,-57.0
FCTs_19970428_120737_PRINCE_EDWARD_ISLANDS_REGION,1997-04-28,12:07:37.0,-42.5,42.69,16.0,1.529e+19,6.723,279.0,84.0,2.0,189.0,88.0,174.0
FCTs_19970503_164602_KERMADEC_ISLANDS_REGION,1997-05-03,16:46:02.0,-31.79,-179.38,116.0,2.974e+19,6.916,155.0,38.0,-151.0,42.0,73.0,-55.0
FCTs_19970508_132924_FOX_ISLANDS__ALEUTIAN_ISLANDS,1997-05-08,13:29:24.0,51.717,-170.799,15.0,1.468e+18,6.044,238.0,23.0,95.0,52.0,67.0,88.0
FCTs_19970510_075729_NORTHERN_AND_CENTRAL_IRAN,1997-05-10,07:57:29.0,33.83,59.81,14.0,9.011e+19,7.237,159.0,55.0,176.0,251.0,87.0,35.0
FCTs_19970512_134526_PANAY__PHILIPPINES,1997-05-12,13:45:26.0,10.184,121.657,9.0,1.285e+18,6.006,270.0,60.0,-158.0,168.0,71.0,-32.0
FCTs_19970513_053830_KYUSHU__JAPAN,1997-05-13,05:38:30.0,31.82,130.28,13.0,1.47e+18,6.045,101.0,86.0,9.0,11.0,81.0,176.0
FCTs_19970513_141345_HINDU_KUSH_REGION__AFGHANISTAN,1997-05-13,14:13:45.0,36.41,70.94,190.0,6.218e+18,6.462,270.0,39.0,116.0,57.0,56.0,71.0
FCTs_19970521_141026_VANUATU_ISLANDS,1997-05-21,14:10:26.0,-20.44,169.29,69.0,1.73e+19,6.759,276.0,46.0,12.0,178.0,82.0,136.0
FCTs_19970521_225128_SOUTHERN_INDIA,1997-05-21,22:51:28.0,23.083,80.041,38.0,5.198e+17,5.744,276.0,30.0,117.0,66.0,63.0,75.0
FCTs_19970522_075053_GUERRERO__MEXICO,1997-05-22,07:50:53.0,18.68,-101.6,65.0,6.77e+18,6.487,90.0,26.0,-90.0,270.0,64.0,-90.0
FCTs_19970522_132136_LUZON__PHILIPPINES,1997-05-22,13:21:36.0,18.92,121.34,31.0,1.278e+18,6.004,30.0,35.0,92.0,207.0,55.0,89.0
FCTs_19970523_175035_NEAR_S._COAST_OF_HONSHU__JAPAN,1997-05-23,17:50:35.0,34.368,137.484,18.0,4.266e+17,5.687,260.0,14.0,-58.0,47.0,78.0,-98.0
FCTs_19970525_232233_SOUTH_OF_KERMADEC_ISLANDS,1997-05-25,23:22:33.0,-32.12,179.79,354.0,5.216e+19,7.078,229.0,44.0,155.0,337.0,73.0,49.0
FCTs_19970612_120733_EASTERN_NEW_GUINEA_REG.__P.N.G,1997-06-12,12:07:33.0,-5.95,147.03,37.0,2.068e+18,6.144,304.0,40.0,93.0,120.0,50.0,87.0
FCTs_19970617_210340_ANDREANOF_ISLANDS__ALEUTIAN_IS,1997-06-17,21:03:40.0,51.35,-179.33,27.0,3.81e+18,6.321,337.0,23.0,-103.0,171.0,68.0,-85.0
FCTs_19970624_230453_HALMAHERA__INDONESIA,1997-06-24,23:04:53.0,-1.92,127.9,19.0,3.814e+18,6.321,295.0,42.0,48.0,165.0,60.0,121.0
FCTs_19970625_095012_WESTERN_HONSHU__JAPAN,1997-06-25,09:50:12.0,34.395,131.603,11.0,6.276e+17,5.798,138.0,76.0,-7.0,230.0,83.0,-166.0
FCTs_19970625_193840_NORTHERN_AND_CENTRAL_IRAN,1997-06-25,19:38:40.0,33.938,59.475,4.0,7.96e+17,5.867,273.0,80.0,0.0,3.0,90.0,-170.0
FCTs_19970627_043952_AZORES_ISLANDS__PORTUGAL,1997-06-27,04:39:52.0,38.334,-26.684,9.0,6.853e+17,5.824,296.0,35.0,-118.0,149.0,59.0,-72.0
FCTs_19970706_095400_NEAR_COAST_OF_CENTRAL_CHILE,1997-07-06,09:54:00.0,-30.06,-71.87,13.0,1.807e+19,6.771,26.0,24.0,124.0,170.0,70.0,76.0
FCTs_19970706_201337_NORTH_OF_HONDURAS,1997-07-06,20:13:37.0,16.16,-87.92,10.0,8.463e+17,5.885,154.0,81.0,-164.0,62.0,75.0,-9.0
FCTs_19970708_022407_VOLCANO_ISLANDS__JAPAN_REGION,1997-07-08,02:24:07.0,23.799,142.696,31.0,4.568e+17,5.706,226.0,27.0,-128.0,87.0,69.0,-73.0
FCTs_19970708_121115_ANDREANOF_ISLANDS__ALEUTIAN_IS,1997-07-08,12:11:15.0,51.372,-178.582,32.0,7.211e+17,5.839,267.0,35.0,110.0,63.0,57.0,76.0
FCTs_19970709_192413_NEAR_COAST_OF_VENEZUELA,1997-07-09,19:24:13.0,10.6,-63.49,12.0,2.719e+19,6.89,263.0,71.0,-171.0,170.0,82.0,-19.0
FCTs_19970711_095512_JAVA_SEA,1997-07-11,09:55:12.0,-5.697,110.796,590.0,9.721e+17,5.925,324.0,75.0,-40.0,67.0,52.0,-161.0
FCTs_19970714_160935_KURIL_ISLANDS,1997-07-14,16:09:35.0,43.25,146.38,32.0,1.419e+18,6.035,213.0,28.0,111.0,10.0,64.0,79.0
FCTs_19970719_142208_NEAR_COAST_OF_GUERRERO__MEXICO,1997-07-19,14:22:08.0,16.33,-98.22,23.0,9.49e+18,6.585,288.0,11.0,84.0,114.0,79.0,91.0
FCTs_19970720_003020_FOX_ISLANDS__ALEUTIAN_ISLANDS,1997-07-20,00:30:20.0,52.56,-167.48,12.0,2.676e+18,6.218,224.0,18.0,76.0,59.0,72.0,95.0
FCTs_19970728_064655_VOLCANO_ISLANDS__JAPAN_REGION,1997-07-28,06:46:55.0,22.357,142.733,8.0,1.195e+18,5.985,167.0,43.0,-73.0,324.0,50.0,-105.0
FCTs_19970808_222719_FIJI_ISLANDS_REGION,1997-08-08,22:27:19.0,-15.48,-179.14,10.0,1.343e+19,6.685,245.0,78.0,-15.0,338.0,75.0,-168.0
FCTs_19970810_092030_WESTERN_AUSTRALIA,1997-08-10,09:20:30.0,-16.01,124.33,23.0,2.981e+18,6.25,293.0,71.0,15.0,198.0,76.0,160.0
FCTs_19970813_044504_SOUTHWESTERN_RYUKYU_ISL.__JAPAN,1997-08-13,04:45:04.0,25.03,125.77,61.0,1.368e+18,6.024,134.0,33.0,75.0,332.0,58.0,100.0
FCTs_19970820_071515_NORTHERN_SUMATRA__INDONESIA,1997-08-20,07:15:15.0,4.358,96.494,13.0,1.278e+18,6.004,208.0,83.0,4.0,117.0,86.0,173.0
FCTs_19970820_135116_MID-INDIAN_RIDGE,1997-08-20,13:51:16.0,-41.72,80.13,7.0,6.619e+18,6.481,50.0,88.0,-175.0,320.0,85.0,-2.0
FCTs_19970827_134252_NEW_BRITAIN_REGION__P.N.G,1997-08-27,13:42:52.0,-6.015,148.568,48.0,9.683e+17,5.924,257.0,39.0,86.0,83.0,51.0,93.0
FCTs_19970830_032834_MARIANA_ISLANDS,1997-08-30,03:28:34.0,14.696,144.826,12.0,3.858e+17,5.658,118.0,32.0,-101.0,310.0,59.0,-83.0
FCTs_19970902_121322_COLOMBIA,1997-09-02,12:13:22.0,3.85,-75.75,207.0,1.73e+19,6.759,121.0,44.0,108.0,277.0,49.0,74.0
FCTs_19970904_042337_SOUTH_OF_FIJI_ISLANDS,1997-09-04,04:23:37.0,-26.57,178.34,636.0,2.259e+19,6.836,229.0,14.0,-70.0,28.0,77.0,-95.0
FCTs_19970915_130542_MINDANAO__PHILIPPINES,1997-09-15,13:05:42.0,8.1,126.64,42.0,2.07e+18,6.144,194.0,45.0,80.0,28.0,46.0,100.0
FCTs_19970920_161132_KERMADEC_ISLANDS_REGION,1997-09-20,16:11:32.0,-28.68,-177.62,41.0,4.674e+19,7.046,203.0,35.0,96.0,15.0,55.0,86.0
FCTs_19970921_181322_LAKE_TANGANYIKA_REGION,1997-09-21,18:13:22.0,-7.36,30.37,30.0,8.18e+17,5.875,319.0,40.0,-123.0,179.0,57.0,-65.0
FCTs_19970925_142048_MID-INDIAN_RIDGE,1997-09-25,14:20:48.0,-13.761,66.248,7.0,1.3e+18,6.009,59.0,79.0,11.0,326.0,79.0,169.0
FCTs_19970926_094026_CENTRAL_ITALY,1997-09-26,09:40:26.0,43.084,12.812,6.0,9.373e+17,5.915,302.0,44.0,-116.0,156.0,52.0,-67.0
FCTs_19970926_154834_BANDA_SEA,1997-09-26,15:48:34.0,-5.385,128.994,256.0,1.134e+18,5.97,100.0,44.0,131.0,230.0,58.0,58.0
FCTs_19971005_180430_SOUTH_SANDWICH_ISLANDS_REGION,1997-10-05,18:04:30.0,-59.74,-29.2,288.0,4.264e+18,6.353,358.0,35.0,-74.0,159.0,56.0,-101.0
FCTs_19971006_123005_MINDANAO__PHILIPPINES,1997-10-06,12:30:05.0,9.79,125.78,112.0,6.021e+18,6.453,119.0,31.0,33.0,359.0,74.0,117.0
FCTs_19971008_212059_HOKKAIDO__JAPAN_REGION,1997-10-08,21:20:59.0,41.911,144.815,14.0,1.381e+18,6.027,213.0,16.0,92.0,31.0,74.0,89.0
FCTs_19971013_133937_SOUTHERN_GREECE,1997-10-13,13:39:37.0,36.38,22.07,27.0,8.239e+18,6.544,263.0,22.0,61.0,114.0,71.0,101.0
FCTs_19971014_095318_SOUTH_OF_FIJI_ISLANDS,1997-10-14,09:53:18.0,-22.1,-176.77,179.0,4.977e+20,7.731,240.0,18.0,-47.0,15.0,77.0,-103.0
FCTs_19971015_010333_NEAR_COAST_OF_CENTRAL_CHILE,1997-10-15,01:03:33.0,-30.93,-71.22,63.0,5.671e+19,7.102,318.0,14.0,-123.0,172.0,79.0,-83.0
FCTs_19971017_150200_FIJI_ISLANDS_REGION,1997-10-17,15:02:00.0,-20.888,-178.839,597.0,1.132e+18,5.969,277.0,9.0,-36.0,42.0,84.0,-98.0
FCTs_19971028_061517_NORTHERN_PERU,1997-10-28,06:15:17.0,-4.37,-76.68,113.0,8.185e+19,7.209,335.0,38.0,-88.0,152.0,52.0,-92.0
FCTs_19971103_191733_NEAR_COAST_OF_CENTRAL_CHILE,1997-11-03,19:17:33.0,-30.74,-71.22,46.0,2.402e+18,6.187,0.0,38.0,93.0,176.0,52.0,87.0
FCTs_19971103_191758_BANDA_SEA,1997-11-03,19:17:58.0,-6.74,129.02,219.0,1.258e+18,6.0,90.0,30.0,60.0,304.0,64.0,106.0
FCTs_19971105_234530_BONIN_ISLANDS__JAPAN_REGION,1997-11-05,23:45:30.0,27.864,142.608,10.0,1.867e+18,6.114,163.0,16.0,65.0,9.0,75.0,97.0
FCTs_19971109_225642_EL_SALVADOR,1997-11-09,22:56:42.0,13.85,-88.81,181.0,4.631e+18,6.377,315.0,23.0,91.0,134.0,67.0,90.0
FCTs_19971110_230644_SOUTHEAST_OF_HONSHU__JAPAN,1997-11-10,23:06:44.0,31.19,140.49,76.0,1.694e+18,6.086,83.0,4.0,168.0,185.0,89.0,86.0
FCTs_19971114_213851_AEGEAN_SEA,1997-11-14,21:38:51.0,38.859,25.795,8.0,7.401e+17,5.846,146.0,73.0,-3.0,237.0,87.0,-163.0
FCTs_19971115_070516_HOKKAIDO__JAPAN_REGION,1997-11-15,07:05:16.0,43.81,145.02,154.0,1.671e+18,6.082,180.0,8.0,22.0,68.0,87.0,97.0
FCTs_19971118_130741_IONIAN_SEA,1997-11-18,13:07:41.0,37.57,20.66,41.0,1.028e+19,6.608,10.0,40.0,162.0,115.0,78.0,51.0
FCTs_19971121_112306_INDIA-BANGLADESH_BORDER_REGION,1997-11-21,11:23:06.0,22.21,92.7,55.0,1.592e+18,6.068,163.0,29.0,162.0,269.0,81.0,62.0
FCTs_19971125_121433_MINAHASSA_PENINSULA__SULAWESI,1997-11-25,12:14:33.0,1.24,122.54,29.0,4.342e+19,7.025,126.0,26.0,113.0,280.0,66.0,79.0
FCTs_19971128_225341_PERU-BOLIVIA_BORDER_REGION,1997-11-28,22:53:41.0,-13.74,-68.79,615.0,1.199e+19,6.653,210.0,11.0,-177.0,117.0,89.0,-79.0
FCTs_19971205_112654_NEAR_EAST_COAST_OF_KAMCHATKA,1997-12-05,11:26:54.0,54.84,162.04,31.0,7.479e+20,7.849,224.0,21.0,97.0,37.0,69.0,87.0
FCTs_19971205_184822_OFF_EAST_COAST_OF_KAMCHATKA,1997-12-05,18:48:22.0,53.75,161.75,11.0,1.1e+19,6.628,225.0,17.0,119.0,15.0,75.0,82.0
FCTs_19971206_105910_OFF_EAST_COAST_OF_KAMCHATKA,1997-12-06,10:59:10.0,53.97,161.91,18.0,2.58e+18,6.208,218.0,27.0,92.0,36.0,63.0,89.0
FCTs_19971207_175618_NEAR_EAST_COAST_OF_KAMCHATKA,1997-12-07,17:56:18.0,54.66,162.88,13.0,2.664e+18,6.217,210.0,20.0,85.0,36.0,70.0,92.0
FCTs_19971211_075628_COLOMBIA,1997-12-11,07:56:28.0,3.93,-75.79,178.0,4.185e+18,6.348,253.0,49.0,36.0,138.0,63.0,133.0
FCTs_19971217_043851_RAT_ISLANDS__ALEUTIAN_ISLANDS,1997-12-17,04:38:51.0,51.19,178.87,17.0,1.484e+19,6.714,271.0,22.0,114.0,66.0,70.0,81.0
FCTs_19971218_202302_MARIANA_ISLANDS,1997-12-18,20:23:02.0,14.707,144.654,9.0,5.99e+17,5.785,137.0,44.0,-57.0,274.0,55.0,-118.0
FCTs_19980104_061158_SOUTHEAST_OF_LOYALTY_ISLANDS,1998-01-04,06:11:58.0,-22.3,170.91,103.0,2.139e+20,7.487,335.0,42.0,156.0,84.0,74.0,51.0
FCTs_19980110_082005_GUATEMALA,1998-01-10,08:20:05.0,14.37,-91.47,60.0,1.381e+19,6.694,173.0,13.0,-58.0,320.0,79.0,-97.0
FCTs_19980112_101407_NEAR_COAST_OF_CENTRAL_CHILE,1998-01-12,10:14:07.0,-30.99,-71.41,36.0,9.553e+18,6.587,5.0,33.0,97.0,177.0,57.0,86.0
FCTs_19980112_163620_FIJI_ISLANDS_REGION,1998-01-12,16:36:20.0,-15.85,-179.38,10.0,1.294e+19,6.675,73.0,84.0,6.0,342.0,84.0,174.0
FCTs_19980127_210544_SOUTH_OF_FIJI_ISLANDS,1998-01-27,21:05:44.0,-22.41,179.04,633.0,5.477e+18,6.426,128.0,37.0,-74.0,289.0,55.0,-101.0
FCTs_19980130_121608_NEAR_COAST_OF_NORTHERN_CHILE,1998-01-30,12:16:08.0,-23.91,-70.21,46.0,4.864e+19,7.058,5.0,28.0,100.0,173.0,62.0,84.0
FCTs_19980203_030200_NEAR_COAST_OF_OAXACA__MEXICO,1998-02-03,03:02:00.0,15.88,-96.3,30.0,3.005e+18,6.252,91.0,40.0,72.0,294.0,52.0,104.0
FCTs_19980204_143321_AFGHANISTAN-TAJIKISTAN_BORD_REG,1998-02-04,14:33:21.0,37.075,70.089,10.0,7.602e+17,5.854,214.0,87.0,9.0,123.0,81.0,177.0
FCTs_19980207_011859_VOLCANO_ISLANDS__JAPAN_REGION,1998-02-07,01:18:59.0,24.82,141.75,545.0,5.211e+18,6.411,103.0,33.0,-139.0,337.0,69.0,-64.0
FCTs_19980216_235319_REYKJANES_RIDGE,1998-02-16,23:53:19.0,52.72,-33.68,11.0,1.37e+19,6.691,278.0,81.0,-175.0,187.0,85.0,-9.0
FCTs_19980219_141451_BANDA_SEA,1998-02-19,14:14:51.0,-4.48,129.08,14.0,6.653e+18,6.482,107.0,45.0,67.0,318.0,50.0,112.0
FCTs_19980220_121806_AFGHANISTAN-TAJIKISTAN_BORD_REG,1998-02-20,12:18:06.0,36.48,71.09,230.0,4.627e+18,6.377,173.0,20.0,88.0,355.0,70.0,91.0
FCTs_19980314_194027_NORTHERN_AND_CENTRAL_IRAN,1998-03-14,19:40:27.0,30.15,57.6,11.0,9.216e+18,6.576,243.0,86.0,21.0,152.0,69.0,176.0
FCTs_19980321_163311_GREENLAND_SEA,1998-03-21,16:33:11.0,79.89,1.86,8.0,2.903e+18,6.242,216.0,87.0,13.0,126.0,77.0,177.0
FCTs_19980322_010857_MID-INDIAN_RIDGE,1998-03-22,01:08:57.0,-11.43,66.25,7.0,1.477e+18,6.046,180.0,44.0,-56.0,316.0,55.0,-119.0
FCTs_19980325_031225_BALLENY_ISLANDS_REGION,1998-03-25,03:12:25.0,-62.88,149.53,12.0,3.676e+21,8.31,90.0,70.0,-27.0,190.0,65.0,-157.0
FCTs_19980329_071458_NORTH_OF_ASCENSION_ISLAND,1998-03-29,07:14:58.0,-0.24,-17.93,20.0,1.619e+18,6.073,80.0,75.0,179.0,170.0,89.0,15.0
FCTs_19980329_194816_FIJI_ISLANDS_REGION,1998-03-29,19:48:16.0,-17.55,-179.09,561.0,5.503e+19,7.094,359.0,52.0,156.0,104.0,72.0,40.0
FCTs_19980401_175623_SOUTHERN_SUMATRA__INDONESIA,1998-04-01,17:56:23.0,-0.54,99.26,43.0,3.578e+19,6.969,330.0,25.0,113.0,125.0,67.0,80.0
FCTs_19980401_224256_OFF_COAST_OF_SOUTHERN_CHILE,1998-04-01,22:42:56.0,-40.32,-74.87,10.0,1.566e+19,6.73,207.0,39.0,-70.0,2.0,53.0,-106.0
FCTs_19980403_220148_PERU-BRAZIL_BORDER_REGION,1998-04-03,22:01:48.0,-8.15,-74.24,148.0,1.181e+19,6.648,71.0,20.0,162.0,178.0,84.0,71.0
FCTs_19980414_034122_SOUTH_OF_FIJI_ISLANDS,1998-04-14,03:41:22.0,-23.82,-179.87,519.0,1.858e+18,6.113,177.0,11.0,-64.0,330.0,80.0,-95.0
FCTs_19980415_152306_KAMCHATKA_PENINSULA__RUSSIA,1998-04-15,15:23:06.0,58.502,164.45,19.0,6.359e+17,5.802,268.0,29.0,124.0,50.0,66.0,72.0
FCTs_19980425_060723_SOUTHERN_MID-ATLANTIC_RIDGE,1998-04-25,06:07:23.0,-35.27,-17.33,18.0,3.98e+18,6.333,260.0,89.0,7.0,170.0,83.0,179.0
FCTs_19980427_184038_IRIAN_JAYA_REGION__INDONESIA,1998-04-27,18:40:38.0,-2.99,136.28,31.0,1.619e+18,6.073,60.0,30.0,85.0,245.0,60.0,93.0
FCTs_19980503_233021_SOUTHEAST_OF_TAIWAN,1998-05-03,23:30:21.0,22.31,125.31,16.0,1.751e+20,7.429,227.0,81.0,164.0,320.0,74.0,10.0
FCTs_19980510_060558_NEAR_COAST_OF_GUATEMALA,1998-05-10,06:05:58.0,13.68,-90.75,31.0,3.069e+18,6.258,295.0,38.0,87.0,119.0,52.0,92.0
FCTs_19980513_230205_NEW_BRITAIN_REGION__P.N.G,1998-05-13,23:02:05.0,-5.15,151.71,51.0,1.09e+19,6.625,249.0,38.0,79.0,82.0,52.0,99.0
FCTs_19980514_185623_OFF_EAST_COAST_OF_HONSHU__JAPAN,1998-05-14,18:56:23.0,40.254,143.253,14.0,1.72e+18,6.09,186.0,19.0,76.0,21.0,72.0,95.0
FCTs_19980515_055806_MARIANA_ISLANDS,1998-05-15,05:58:06.0,14.178,144.88,170.0,1.378e+18,6.026,190.0,44.0,25.0,82.0,73.0,131.0
FCTs_19980516_022203_SOUTH_OF_FIJI_ISLANDS,1998-05-16,02:22:03.0,-22.23,-179.52,613.0,2.51e+19,6.866,164.0,8.0,-130.0,24.0,84.0,-85.0
FCTs_19980521_053425_MINAHASSA_PENINSULA__SULAWESI,1998-05-21,05:34:25.0,0.21,119.58,10.0,1.352e+19,6.687,210.0,61.0,33.0,102.0,62.0,147.0
FCTs_19980521_223122_PRINCE_EDWARD_ISLANDS_REGION,1998-05-21,22:31:22.0,-43.4,41.39,12.0,3.297e+18,6.279,282.0,81.0,7.0,191.0,83.0,171.0
FCTs_19980522_044850_CENTRAL_BOLIVIA,1998-05-22,04:48:50.0,-17.73,-65.43,10.0,1.164e+19,6.644,279.0,82.0,-2.0,10.0,88.0,-172.0
FCTs_19980523_174447_MINDANAO__PHILIPPINES,1998-05-23,17:44:47.0,8.138,123.726,637.0,1.446e+18,6.04,238.0,23.0,-69.0,35.0,68.0,-99.0
FCTs_19980527_204137_OFF_EAST_COAST_OF_KAMCHATKA,1998-05-27,20:41:37.0,52.239,159.526,33.0,1.122e+18,5.967,225.0,28.0,97.0,37.0,63.0,86.0
FCTs_19980530_062228_AFGHANISTAN-TAJIKISTAN_BORD_REG,1998-05-30,06:22:28.0,37.11,70.11,25.0,1.146e+19,6.639,111.0,85.0,175.0,202.0,85.0,5.0
FCTs_19980530_181815_OFF_EAST_COAST_OF_HONSHU__JAPAN,1998-05-30,18:18:15.0,39.03,143.44,26.0,1.566e+18,6.063,203.0,19.0,85.0,29.0,71.0,92.0
FCTs_19980601_053403_OFF_EAST_COAST_OF_KAMCHATKA,1998-06-01,05:34:03.0,52.89,160.07,38.0,6.665e+18,6.483,214.0,31.0,86.0,39.0,59.0,92.0
FCTs_19980607_161046_SAN_JUAN_PROVINCE__ARGENTINA,1998-06-07,16:10:46.0,-31.518,-67.833,111.0,6.344e+17,5.802,37.0,63.0,-36.0,146.0,58.0,-148.0
FCTs_19980607_232013_NEAR_COAST_OF_CHIAPAS__MEXICO,1998-06-07,23:20:13.0,15.96,-93.78,84.0,2.901e+18,6.242,108.0,6.0,-129.0,327.0,86.0,-87.0
FCTs_19980612_215300_EASTERN_NEW_GUINEA_REG.__P.N.G,1998-06-12,21:53:00.0,-5.724,147.889,138.0,5.299e+17,5.749,324.0,31.0,104.0,128.0,60.0,82.0
FCTs_19980618_041754_ASCENSION_ISLAND_REGION,1998-06-18,04:17:54.0,-11.57,-13.89,12.0,3.084e+18,6.259,255.0,75.0,-9.0,348.0,82.0,-165.0
FCTs_19980624_104430_SOUTHERN_MID-ATLANTIC_RIDGE,1998-06-24,10:44:30.0,-37.295,-17.391,8.0,1.388e+18,6.028,334.0,51.0,-119.0,195.0,47.0,-59.0
FCTs_19980627_135552_TURKEY,1998-06-27,13:55:52.0,36.88,35.31,21.0,3.152e+18,6.266,57.0,69.0,21.0,319.0,70.0,157.0
FCTs_19980709_051907_AZORES_ISLANDS__PORTUGAL,1998-07-09,05:19:07.0,38.65,-28.63,4.0,2.141e+18,6.154,66.0,74.0,-163.0,331.0,74.0,-17.0
FCTs_19980709_144539_KERMADEC_ISLANDS__NEW_ZEALAND,1998-07-09,14:45:39.0,-30.49,-178.99,158.0,2.997e+19,6.918,206.0,19.0,-75.0,10.0,72.0,-95.0
FCTs_19980709_193943_SOUTHERN_ALASKA,1998-07-09,19:39:43.0,60.53,-153.22,150.0,2.025e+18,6.138,58.0,56.0,32.0,308.0,64.0,141.0
FCTs_19980716_115636_SANTA_CRUZ_ISLANDS,1998-07-16,11:56:36.0,-11.04,166.16,106.0,5.417e+19,7.089,42.0,40.0,105.0,202.0,51.0,77.0
FCTs_19980717_084913_NEAR_N_COAST_OF_NEW_GUINEA__PNG,1998-07-17,08:49:13.0,-2.96,141.93,35.0,3.965e+19,6.999,226.0,24.0,-160.0,117.0,82.0,-67.0
FCTs_19980718_164119_VANUATU_ISLANDS,1998-07-18,16:41:19.0,-18.37,168.17,36.0,1.739e+18,6.093,327.0,32.0,80.0,159.0,59.0,96.0
FCTs_19980719_155838_TONGA_ISLANDS,1998-07-19,15:58:38.0,-21.836,-175.792,74.0,9.078e+17,5.905,348.0,23.0,75.0,185.0,68.0,96.0
FCTs_19980720_010558_XIZANG,1998-07-20,01:05:58.0,30.134,88.173,12.0,3.946e+17,5.664,189.0,38.0,-98.0,19.0,53.0,-84.0
FCTs_19980724_184404_TAIWAN_REGION,1998-07-24,18:44:04.0,21.25,122.02,11.0,2.055e+18,6.142,71.0,87.0,164.0,162.0,74.0,3.0
FCTs_19980725_023923_VANUATU_ISLANDS,1998-07-25,02:39:23.0,-13.61,166.87,52.0,2.805e+18,6.232,22.0,39.0,88.0,205.0,51.0,92.0
FCTs_19980729_071424_NEAR_COAST_OF_CENTRAL_CHILE,1998-07-29,07:14:24.0,-32.31,-71.29,54.0,7.484e+18,6.516,171.0,37.0,107.0,331.0,54.0,77.0
FCTs_19980731_124059_SOUTHEAST_OF_LOYALTY_ISLANDS,1998-07-31,12:40:59.0,-21.61,169.82,30.0,1.303e+18,6.01,313.0,36.0,62.0,166.0,59.0,109.0
FCTs_19980804_185920_NEAR_COAST_OF_ECUADOR,1998-08-04,18:59:20.0,-0.59,-80.39,26.0,5.154e+19,7.075,27.0,22.0,117.0,178.0,71.0,80.0
FCTs_19980810_095214_NICOBAR_ISLANDS__INDIA_REGION,1998-08-10,09:52:14.0,7.324,94.305,11.0,1.166e+18,5.978,332.0,71.0,-160.0,235.0,71.0,-20.0
FCTs_19980820_064055_BONIN_ISLANDS__JAPAN_REGION,1998-08-20,06:40:55.0,28.93,139.33,444.0,4.31e+19,7.023,90.0,30.0,-159.0,342.0,80.0,-61.0
FCTs_19980820_150008_RAT_ISLANDS__ALEUTIAN_ISLANDS,1998-08-20,15:00:08.0,51.62,175.25,15.0,2.233e+18,6.166,268.0,20.0,109.0,68.0,71.0,83.0
FCTs_19980823_135715_OFF_COAST_OF_CENTRAL_AMERICA,1998-08-23,13:57:15.0,11.66,-88.04,12.0,9.572e+18,6.587,129.0,39.0,-98.0,320.0,52.0,-83.0
FCTs_19980827_090336_SOUTHERN_XINJIANG__CHINA,1998-08-27,09:03:36.0,39.66,77.34,11.0,4.41e+18,6.363,61.0,77.0,-3.0,152.0,87.0,-167.0
FCTs_19980830_014808_MARIANA_ISLANDS_REGION,1998-08-30,01:48:08.0,17.09,148.13,12.0,2.974e+18,6.249,9.0,38.0,-79.0,176.0,53.0,-98.0
FCTs_19980830_113333_VANCOUVER_ISLAND__CANADA_REGION,1998-08-30,11:33:33.0,50.91,-130.66,12.0,1.719e+18,6.09,258.0,86.0,10.0,167.0,80.0,176.0
FCTs_19980902_083729_MINDANAO__PHILIPPINES,1998-09-02,08:37:29.0,5.41,126.76,52.0,1.892e+19,6.785,39.0,48.0,64.0,255.0,48.0,116.0
FCTs_19980903_075821_EASTERN_HONSHU__JAPAN,1998-09-03,07:58:21.0,39.716,140.76,7.0,5.848e+17,5.778,219.0,54.0,130.0,344.0,52.0,49.0
FCTs_19980903_173758_NEAR_COAST_OF_CENTRAL_CHILE,1998-09-03,17:37:58.0,-29.45,-71.71,31.0,6.107e+18,6.457,351.0,24.0,62.0,201.0,69.0,101.0
FCTs_19980905_051617_SOLOMON_ISLANDS,1998-09-05,05:16:17.0,-6.646,155.209,37.0,8.479e+17,5.886,317.0,43.0,80.0,150.0,48.0,99.0
FCTs_19980908_091003_MARIANA_ISLANDS,1998-09-08,09:10:03.0,13.257,144.007,149.0,5.456e+17,5.758,199.0,22.0,50.0,61.0,74.0,104.0
FCTs_19980914_231646_ANDREANOF_ISLANDS__ALEUTIAN_IS,1998-09-14,23:16:46.0,51.62,-173.15,17.0,2.284e+18,6.173,254.0,22.0,99.0,64.0,69.0,86.0
FCTs_19980915_083551_NEW_BRITAIN_REGION__P.N.G,1998-09-15,08:35:51.0,-5.62,151.64,31.0,2.464e+18,6.194,267.0,29.0,88.0,90.0,61.0,91.0
FCTs_19980921_065241_MINAHASSA_PENINSULA__SULAWESI,1998-09-21,06:52:41.0,0.262,122.467,149.0,1.056e+18,5.949,139.0,39.0,108.0,297.0,54.0,76.0
FCTs_19980921_120939_VANUATU_ISLANDS,1998-09-21,12:09:39.0,-13.57,166.79,45.0,4.985e+18,6.398,157.0,40.0,93.0,334.0,50.0,88.0
FCTs_19980922_011655_SOUTH_OF_MARIANA_ISLANDS,1998-09-22,01:16:55.0,11.822,143.154,8.0,1.837e+18,6.109,278.0,21.0,109.0,77.0,70.0,83.0
FCTs_19980928_133430_JAVA__INDONESIA,1998-09-28,13:34:30.0,-8.19,112.41,144.0,7.66e+18,6.523,338.0,13.0,168.0,80.0,87.0,78.0
FCTs_19980928_192323_TALAUD_ISLANDS__INDONESIA,1998-09-28,19:23:23.0,3.84,126.41,9.0,3.04e+18,6.255,300.0,39.0,43.0,174.0,65.0,121.0
FCTs_19981001_034113_NORTHERN_MID-ATLANTIC_RIDGE,1998-10-01,03:41:13.0,13.738,-45.565,8.0,9.168e+17,5.908,302.0,79.0,-26.0,37.0,65.0,-168.0
FCTs_19981003_111542_NORTHWEST_OF_RYUKYU_ISLANDS,1998-10-03,11:15:42.0,28.5,127.61,219.0,2.114e+18,6.15,217.0,22.0,83.0,44.0,68.0,93.0
FCTs_19981010_162908_MINAHASSA_PENINSULA__SULAWESI,1998-10-10,16:29:08.0,-0.384,119.859,17.0,9.777e+17,5.927,3.0,23.0,49.0,227.0,73.0,106.0
FCTs_19981011_120454_FIJI_ISLANDS_REGION,1998-10-11,12:04:54.0,-21.04,-179.11,637.0,8.183e+17,5.875,230.0,26.0,-97.0,57.0,65.0,-87.0
FCTs_19981019_012501_VANUATU_ISLANDS,1998-10-19,01:25:01.0,-17.275,167.763,23.0,9.787e+17,5.927,323.0,33.0,71.0,166.0,59.0,102.0
FCTs_19981028_162503_NORTHERN_MOLUCCA_SEA,1998-10-28,16:25:03.0,0.84,125.97,15.0,1.21e+19,6.655,63.0,71.0,-170.0,330.0,81.0,-19.0
FCTs_19981105_180524_SAMAR__PHILIPPINES,1998-11-05,18:05:24.0,12.867,125.036,13.0,8.471e+17,5.885,101.0,43.0,-54.0,236.0,57.0,-118.0
FCTs_19981108_072548_SAVU_SEA,1998-11-08,07:25:48.0,-9.14,121.42,64.0,5.054e+18,6.402,93.0,11.0,-84.0,266.0,79.0,-91.0
FCTs_19981109_053014_BANDA_SEA,1998-11-09,05:30:14.0,-6.95,129.02,12.0,1.668e+19,6.748,240.0,41.0,35.0,122.0,68.0,125.0
FCTs_19981115_024412_FIJI_ISLANDS_REGION,1998-11-15,02:44:12.0,-21.59,-176.5,172.0,2.782e+18,6.23,222.0,28.0,-69.0,18.0,64.0,-101.0
FCTs_19981119_153919_SOUTHEAST_OF_TAIWAN,1998-11-19,15:39:19.0,22.6,125.78,8.0,4.176e+18,6.347,131.0,59.0,-23.0,233.0,71.0,-147.0
FCTs_19981124_235446_TONGA_ISLANDS,1998-11-24,23:54:46.0,-16.51,-174.75,236.0,1.358e+18,6.022,219.0,36.0,-83.0,30.0,54.0,-95.0
FCTs_19981129_141031_CERAM_SEA,1998-11-29,14:10:31.0,-2.07,124.89,13.0,3.622e+20,7.639,192.0,46.0,-167.0,92.0,81.0,-45.0
FCTs_19981206_004713_NORTHERN_MOLUCCA_SEA,1998-12-06,00:47:13.0,1.25,126.2,36.0,7.071e+18,6.5,216.0,37.0,95.0,30.0,53.0,86.0
FCTs_19981227_003826_FIJI_ISLANDS_REGION,1998-12-27,00:38:26.0,-21.63,-176.38,163.0,2.211e+19,6.83,266.0,20.0,-28.0,22.0,81.0,-108.0
FCTs_19990112_023225_BONIN_ISLANDS__JAPAN_REGION,1999-01-12,02:32:25.0,26.741,140.17,473.0,8.631e+17,5.891,118.0,66.0,-140.0,9.0,54.0,-30.0
FCTs_19990112_084920_NEW_BRITAIN_REGION__P.N.G,1999-01-12,08:49:20.0,-5.421,151.681,36.0,1.245e+18,5.997,243.0,37.0,81.0,75.0,53.0,97.0
FCTs_19990116_104439_GULF_OF_ALASKA,1999-01-16,10:44:39.0,56.233,-147.427,28.0,1.333e+18,6.016,259.0,39.0,40.0,136.0,66.0,122.0
FCTs_19990119_033533_NEW_IRELAND_REGION__P.N.G,1999-01-19,03:35:33.0,-4.6,153.24,93.0,4.226e+19,7.017,151.0,34.0,91.0,330.0,56.0,90.0
FCTs_19990124_070158_TONGA_ISLANDS,1999-01-24,07:01:58.0,-21.13,-174.66,15.0,1.59e+18,6.068,212.0,25.0,99.0,22.0,66.0,86.0
FCTs_19990128_081005_FOX_ISLANDS__ALEUTIAN_ISLANDS,1999-01-28,08:10:05.0,52.89,-169.12,68.0,7.243e+18,6.507,149.0,19.0,140.0,278.0,78.0,75.0
FCTs_19990128_182425_NEW_IRELAND_REGION__P.N.G,1999-01-28,18:24:25.0,-4.58,153.66,91.0,4.782e+18,6.386,143.0,34.0,89.0,324.0,56.0,91.0
FCTs_19990203_011357_TONGA_ISLANDS,1999-02-03,01:13:57.0,-20.31,-174.37,12.0,2.484e+18,6.197,209.0,18.0,96.0,23.0,72.0,88.0
FCTs_19990203_063556_SUNDA_STRAIT__INDONESIA,1999-02-03,06:35:56.0,-6.19,104.222,38.0,6.293e+17,5.799,292.0,23.0,77.0,127.0,68.0,96.0
FCTs_19990204_192800_NORTHERN_SUMATRA__INDONESIA,1999-02-04,19:28:00.0,4.033,95.283,50.0,5.92e+17,5.782,81.0,39.0,-155.0,331.0,75.0,-54.0
FCTs_19990206_214759_SANTA_CRUZ_ISLANDS,1999-02-06,21:47:59.0,-12.85,166.7,86.0,1.115e+20,7.298,323.0,33.0,57.0,181.0,63.0,110.0
FCTs_19990211_140851_SOUTHEASTERN_AFGHANISTAN,1999-02-11,14:08:51.0,34.259,69.364,14.0,1.286e+18,6.006,193.0,63.0,-6.0,285.0,85.0,-153.0
FCTs_19990213_144512_NEAR_N_COAST_OF_NEW_GUINEA__PNG,1999-02-13,14:45:12.0,-3.56,144.83,10.0,4.293e+18,6.355,261.0,72.0,-6.0,352.0,85.0,-162.0
FCTs_19990214_211224_VANUATU_ISLANDS,1999-02-14,21:12:24.0,-15.507,167.996,20.0,9.996e+17,5.933,331.0,41.0,75.0,170.0,51.0,103.0
FCTs_19990222_010032_SOUTHEAST_OF_LOYALTY_ISLANDS,1999-02-22,01:00:32.0,-21.45,169.68,38.0,3.44e+18,6.291,6.0,12.0,113.0,163.0,79.0,85.0
FCTs_19990222_134900_TAIWAN_REGION,1999-02-22,13:49:00.0,24.115,122.646,35.0,5.97e+17,5.784,287.0,27.0,127.0,67.0,69.0,73.0
FCTs_19990223_072756_MINAHASSA_PENINSULA__SULAWESI,1999-02-23,07:27:56.0,0.2,119.54,10.0,1.375e+18,6.025,90.0,44.0,143.0,208.0,65.0,52.0
FCTs_19990302_071220_NEAR_EAST_COAST_OF_HONSHU__JAPAN,1999-03-02,07:12:20.0,35.592,141.751,12.0,1.406e+18,6.032,216.0,24.0,121.0,3.0,69.0,77.0
FCTs_19990304_053826_SOUTHERN_IRAN,1999-03-04,05:38:26.0,28.34,57.19,26.0,5.318e+18,6.417,321.0,16.0,133.0,96.0,79.0,79.0
FCTs_19990304_085201_CELEBES_SEA,1999-03-04,08:52:01.0,5.4,121.94,13.0,3.662e+19,6.976,335.0,37.0,73.0,176.0,55.0,103.0
FCTs_19990305_130110_CELEBES_SEA,1999-03-05,13:01:10.0,5.255,122.168,7.0,3.527e+17,5.632,336.0,36.0,80.0,169.0,55.0,97.0
FCTs_19990308_122548_OFF_EAST_COAST_OF_KAMCHATKA,1999-03-08,12:25:48.0,52.06,159.52,29.0,2.265e+19,6.837,217.0,26.0,90.0,37.0,64.0,90.0
FCTs_19990320_104745_ANDREANOF_ISLANDS__ALEUTIAN_IS,1999-03-20,10:47:45.0,51.59,-177.67,42.0,2.781e+19,6.896,258.0,34.0,105.0,60.0,58.0,80.0
FCTs_19990328_190511_WESTERN_XIZANG-INDIA_BORDER_REG,1999-03-28,19:05:11.0,30.51,79.4,16.0,4.601e+18,6.375,259.0,13.0,62.0,107.0,78.0,96.0
FCTs_19990329_061758_SOUTH_INDIAN_OCEAN,1999-03-29,06:17:58.0,-3.996,87.284,7.0,8.707e+17,5.893,209.0,80.0,40.0,110.0,51.0,167.0
FCTs_19990401_213621_NEW_BRITAIN_REGION__P.N.G,1999-04-01,21:36:21.0,-4.36,152.71,12.0,1.86e+18,6.113,129.0,76.0,-24.0,225.0,67.0,-165.0
FCTs_19990402_170547_VANUATU_ISLANDS,1999-04-02,17:05:47.0,-19.9,168.19,17.0,1.567e+18,6.063,180.0,30.0,-76.0,344.0,61.0,-98.0
FCTs_19990403_061718_NEAR_COAST_OF_PERU,1999-04-03,06:17:18.0,-16.66,-72.66,87.0,2.352e+19,6.848,90.0,18.0,-110.0,292.0,73.0,-84.0
FCTs_19990405_110804_NEW_BRITAIN_REGION__P.N.G,1999-04-05,11:08:04.0,-5.59,149.57,145.0,1.632e+20,7.408,271.0,19.0,83.0,98.0,71.0,92.0
FCTs_19990406_045105_NORTHERN_MID-ATLANTIC_RIDGE,1999-04-06,04:51:05.0,24.451,-46.374,10.0,6.146e+17,5.792,359.0,38.0,-118.0,213.0,57.0,-70.0
FCTs_19990406_082214_EASTERN_NEW_GUINEA_REG.__P.N.G,1999-04-06,08:22:14.0,-6.53,147.01,21.0,2.713e+18,6.222,322.0,14.0,103.0,129.0,76.0,87.0
FCTs_19990408_131034_E._RUSSIA-N.E._CHINA_BORDER_REG,1999-04-08,13:10:34.0,43.61,130.35,584.0,5.122e+19,7.073,81.0,27.0,163.0,187.0,82.0,65.0
FCTs_19990413_103848_FIJI_ISLANDS_REGION,1999-04-13,10:38:48.0,-21.42,-176.46,171.0,1.956e+19,6.794,256.0,12.0,-33.0,18.0,84.0,-100.0
FCTs_19990420_190408_KERMADEC_ISLANDS_REGION,1999-04-20,19:04:08.0,-31.89,-179.04,101.0,5.911e+18,6.448,124.0,10.0,67.0,327.0,80.0,94.0
FCTs_19990426_181726_ECUADOR,1999-04-26,18:17:26.0,-1.648,-77.783,171.0,1.6e+18,6.069,176.0,31.0,-47.0,309.0,68.0,-112.0
FCTs_19990429_074608_SOUTHEAST_OF_RYUKYU_ISLANDS,1999-04-29,07:46:08.0,28.867,131.148,26.0,8.653e+17,5.891,48.0,16.0,-59.0,196.0,76.0,-98.0
FCTs_19990506_230053_SOUTHERN_IRAN,1999-05-06,23:00:53.0,29.5,51.88,14.0,2.382e+18,6.185,322.0,90.0,172.0,52.0,82.0,0.0
FCTs_19990507_141352_KODIAK_ISLAND_REGION__ALASKA,1999-05-07,14:13:52.0,56.42,-152.94,22.0,3.578e+18,6.302,211.0,13.0,63.0,58.0,78.0,96.0
FCTs_19990508_194435_KURIL_ISLANDS,1999-05-08,19:44:35.0,45.449,151.63,67.0,7.141e+17,5.836,258.0,17.0,92.0,76.0,73.0,89.0
FCTs_19990510_203302_NEW_BRITAIN_REGION__P.N.G,1999-05-10,20:33:02.0,-5.16,150.88,140.0,6.311e+19,7.133,200.0,49.0,-124.0,66.0,52.0,-57.0
FCTs_19990512_175922_HOKKAIDO__JAPAN_REGION,1999-05-12,17:59:22.0,43.03,143.84,104.0,2.18e+18,6.159,146.0,17.0,-38.0,273.0,79.0,-104.0
FCTs_19990516_005120_NEW_BRITAIN_REGION__P.N.G,1999-05-16,00:51:20.0,-4.75,152.49,54.0,5.488e+19,7.093,247.0,32.0,88.0,69.0,58.0,91.0
FCTs_19990517_100756_NEW_BRITAIN_REGION__P.N.G,1999-05-17,10:07:56.0,-5.16,152.88,32.0,6.891e+18,6.492,295.0,19.0,113.0,91.0,72.0,82.0
FCTs_19990518_041953_NEW_BRITAIN_REGION__P.N.G,1999-05-18,04:19:53.0,-5.65,148.53,128.0,1.428e+18,6.037,238.0,86.0,142.0,331.0,52.0,5.0
FCTs_19990518_195259_MINDANAO__PHILIPPINES,1999-05-18,19:52:59.0,5.625,123.855,23.0,8.375e+17,5.882,171.0,42.0,108.0,328.0,51.0,74.0
FCTs_19990604_042557_UNIMAK_ISLAND_REGION__ALASKA,1999-06-04,04:25:57.0,53.859,-164.064,36.0,4.845e+17,5.724,216.0,29.0,84.0,43.0,62.0,93.0
FCTs_19990615_204205_CENTRAL_MEXICO,1999-06-15,20:42:05.0,18.39,-97.44,60.0,2.689e+19,6.886,312.0,40.0,-85.0,125.0,50.0,-94.0
FCTs_19990621_174304_GUERRERO__MEXICO,1999-06-21,17:43:04.0,18.32,-101.54,52.0,3.032e+18,6.254,278.0,23.0,-121.0,132.0,70.0,-77.0
FCTs_19990702_114531_VANCOUVER_ISLAND__CANADA_REGION,1999-07-02,11:45:31.0,49.371,-129.204,9.0,6.953e+17,5.828,320.0,80.0,160.0,54.0,70.0,11.0
FCTs_19990703_014354_WASHINGTON,1999-07-03,01:43:54.0,47.076,-123.463,44.0,5.467e+17,5.759,196.0,33.0,-63.0,345.0,61.0,-106.0
FCTs_19990703_053010_BONIN_ISLANDS__JAPAN_REGION,1999-07-03,05:30:10.0,26.32,140.48,447.0,1.369e+18,6.024,145.0,63.0,-130.0,27.0,47.0,-38.0
FCTs_19990707_185257_KURIL_ISLANDS,1999-07-07,18:52:57.0,49.23,155.56,32.0,1.714e+18,6.089,226.0,33.0,96.0,39.0,57.0,86.0
FCTs_19990709_050442_SOLOMON_ISLANDS,1999-07-09,05:04:42.0,-6.51,154.94,41.0,3.342e+18,6.283,313.0,43.0,83.0,142.0,47.0,96.0
FCTs_19990711_141416_HONDURAS,1999-07-11,14:14:16.0,15.78,-88.33,11.0,1.448e+19,6.707,345.0,85.0,174.0,76.0,84.0,5.0
FCTs_19990719_021703_KERMADEC_ISLANDS_REGION,1999-07-19,02:17:03.0,-28.63,-177.61,46.0,4.195e+18,6.348,208.0,36.0,95.0,22.0,54.0,87.0
FCTs_19990728_001657_KERMADEC_ISLANDS_REGION,1999-07-28,00:16:57.0,-28.69,-177.52,52.0,1.419e+18,6.035,199.0,37.0,92.0,17.0,53.0,89.0
FCTs_19990728_100820_KERMADEC_ISLANDS__NEW_ZEALAND,1999-07-28,10:08:20.0,-30.28,-178.01,38.0,3.659e+18,6.309,205.0,33.0,96.0,18.0,57.0,86.0
FCTs_19990801_083904_KERMADEC_ISLANDS__NEW_ZEALAND,1999-08-01,08:39:04.0,-30.37,-177.83,37.0,5.112e+18,6.406,220.0,28.0,110.0,18.0,64.0,79.0
FCTs_19990801_124750_ANDREANOF_ISLANDS__ALEUTIAN_IS,1999-08-01,12:47:50.0,51.52,-176.273,37.0,9.97e+17,5.932,260.0,30.0,104.0,64.0,61.0,82.0
FCTs_19990803_155857_NEAR_COAST_OF_ECUADOR,1999-08-03,15:58:57.0,-3.453,-79.162,87.0,5.867e+17,5.779,195.0,45.0,-94.0,20.0,45.0,-86.0
FCTs_19990806_003241_KURIL_ISLANDS,1999-08-06,00:32:41.0,49.933,156.261,46.0,1.031e+18,5.942,220.0,35.0,94.0,36.0,55.0,87.0
FCTs_19990812_054459_SULAWESI__INDONESIA,1999-08-12,05:44:59.0,-1.72,122.46,23.0,1.469e+18,6.045,29.0,89.0,150.0,120.0,60.0,1.0
FCTs_19990813_075640_FOX_ISLANDS__ALEUTIAN_ISLANDS,1999-08-13,07:56:40.0,52.037,-169.502,24.0,4.672e+17,5.713,222.0,25.0,76.0,57.0,65.0,96.0
FCTs_19990814_001652_SOUTHERN_SUMATRA__INDONESIA,1999-08-14,00:16:52.0,-5.89,104.71,97.0,4.209e+18,6.349,54.0,32.0,139.0,181.0,70.0,65.0
FCTs_19990817_000139_TURKEY,1999-08-17,00:01:39.0,40.75,29.86,17.0,2.064e+20,7.477,88.0,79.0,166.0,181.0,76.0,12.0
FCTs_19990820_100221_COSTA_RICA,1999-08-20,10:02:21.0,9.04,-84.16,22.0,2.418e+19,6.856,311.0,25.0,102.0,118.0,65.0,84.0
FCTs_19990821_104951_COSTA_RICA,1999-08-21,10:49:51.0,8.918,-83.938,16.0,5.462e+17,5.758,316.0,29.0,112.0,112.0,63.0,78.0
FCTs_19990822_093539_OFF_COAST_OF_SOUTHERN_CHILE,1999-08-22,09:35:39.0,-40.51,-74.76,9.0,4.842e+18,6.39,212.0,42.0,-75.0,11.0,50.0,-103.0
FCTs_19990822_124045_VANUATU_ISLANDS,1999-08-22,12:40:45.0,-16.12,168.04,18.0,6.846e+18,6.49,185.0,39.0,102.0,350.0,52.0,80.0
FCTs_19990826_073928_NEAR_N_COAST_OF_NEW_GUINEA__PNG,1999-08-26,07:39:28.0,-3.52,145.66,17.0,2.503e+18,6.199,93.0,75.0,8.0,1.0,82.0,165.0
FCTs_19990828_124006_ECUADOR,1999-08-28,12:40:06.0,-1.29,-77.55,194.0,3.774e+18,6.318,145.0,17.0,-92.0,327.0,73.0,-89.0
FCTs_19990829_004613_CARLSBERG_RIDGE,1999-08-29,00:46:13.0,3.103,65.855,6.0,5.797e+17,5.775,138.0,47.0,-58.0,276.0,52.0,-120.0
FCTs_19990907_115649_GREECE,1999-09-07,11:56:49.0,38.119,23.605,11.0,9.574e+17,5.921,279.0,37.0,-104.0,117.0,55.0,-80.0
FCTs_19990912_030318_BONIN_ISLANDS__JAPAN_REGION,1999-09-12,03:03:18.0,28.97,142.053,14.0,5.842e+17,5.778,153.0,21.0,47.0,18.0,75.0,105.0
FCTs_19990913_115528_TURKEY,1999-09-13,11:55:28.0,40.709,30.045,14.0,6.216e+17,5.796,270.0,41.0,177.0,2.0,88.0,49.0
FCTs_19990915_030124_SOUTHERN_BOLIVIA,1999-09-15,03:01:24.0,-20.93,-67.28,210.0,6.047e+18,6.454,92.0,26.0,-168.0,351.0,85.0,-64.0
FCTs_19990917_145448_VANUATU_ISLANDS,1999-09-17,14:54:48.0,-13.79,167.24,210.0,3.553e+18,6.3,168.0,44.0,100.0,334.0,47.0,81.0
FCTs_19990918_212833_NEAR_EAST_COAST_OF_KAMCHATKA,1999-09-18,21:28:33.0,51.207,157.556,64.0,1.226e+18,5.992,298.0,30.0,50.0,163.0,67.0,111.0
FCTs_19990920_174718_TAIWAN,1999-09-20,17:47:18.0,23.77,120.98,12.0,3.341e+20,7.616,48.0,20.0,110.0,206.0,72.0,83.0
FCTs_19990922_001439_TAIWAN,1999-09-22,00:14:39.0,23.73,121.17,26.0,4.776e+18,6.386,332.0,25.0,59.0,186.0,69.0,104.0
FCTs_19990925_235248_TAIWAN,1999-09-25,23:52:48.0,23.74,121.16,20.0,5.963e+18,6.45,358.0,30.0,78.0,192.0,61.0,97.0
FCTs_19990928_050042_KOMANDORSKIYE_OSTROVA_REGION,1999-09-28,05:00:42.0,54.59,168.26,7.0,1.909e+18,6.121,159.0,27.0,-83.0,331.0,63.0,-94.0
FCTs_19990930_163115_OAXACA__MEXICO,1999-09-30,16:31:15.0,16.06,-96.93,49.0,1.523e+20,7.389,110.0,37.0,-97.0,299.0,53.0,-85.0
FCTs_19991010_070304_IRIAN_JAYA_REGION__INDONESIA,1999-10-10,07:03:04.0,-1.99,134.28,8.0,1.08e+18,5.956,191.0,36.0,-112.0,37.0,57.0,-75.0
FCTs_19991013_013340_ALASKA_PENINSULA,1999-10-13,01:33:40.0,54.66,-161.19,34.0,4.65e+18,6.378,250.0,24.0,99.0,60.0,66.0,86.0
FCTs_19991016_094644_SOUTHERN_CALIFORNIA,1999-10-16,09:46:44.0,34.59,-116.27,16.0,6.518e+19,7.143,64.0,84.0,7.0,334.0,83.0,174.0
FCTs_19991018_024323_SOUTH_SANDWICH_ISLANDS_REGION,1999-10-18,02:43:23.0,-56.12,-26.58,43.0,5.488e+18,6.426,3.0,68.0,22.0,264.0,69.0,156.0
FCTs_19991020_082852_BANDA_SEA,1999-10-20,08:28:52.0,-6.94,129.336,195.0,6.489e+17,5.808,286.0,36.0,135.0,55.0,66.0,63.0
FCTs_19991022_021858_TAIWAN,1999-10-22,02:18:58.0,23.445,120.506,17.0,7.527e+17,5.851,183.0,47.0,58.0,45.0,52.0,119.0
FCTs_19991023_021205_NEW_IRELAND_REGION__P.N.G,1999-10-23,02:12:05.0,-4.81,153.41,61.0,2.059e+18,6.142,256.0,16.0,3.0,164.0,89.0,106.0
FCTs_19991025_072955_SOUTHEAST_OF_HONSHU__JAPAN,1999-10-25,07:29:55.0,31.971,142.251,11.0,5.952e+17,5.783,178.0,39.0,-112.0,25.0,54.0,-73.0
FCTs_19991101_175300_TAIWAN,1999-11-01,17:53:00.0,23.38,121.52,30.0,3.728e+18,6.314,216.0,43.0,103.0,18.0,48.0,78.0
FCTs_19991108_164543_AFGHANISTAN-TAJIKISTAN_BORD_REG,1999-11-08,16:45:43.0,36.52,71.24,222.0,8.266e+18,6.545,209.0,31.0,96.0,23.0,59.0,87.0
FCTs_19991111_024105_KURIL_ISLANDS,1999-11-11,02:41:05.0,49.31,155.63,40.0,1.873e+18,6.115,225.0,34.0,98.0,36.0,57.0,85.0
FCTs_19991111_180543_NORTHERN_SUMATRA__INDONESIA,1999-11-11,18:05:43.0,1.28,100.32,219.0,2.043e+18,6.14,90.0,48.0,165.0,190.0,79.0,43.0
FCTs_19991112_165719_TURKEY,1999-11-12,16:57:19.0,40.76,31.16,14.0,5.47e+19,7.092,260.0,59.0,-170.0,165.0,81.0,-31.0
FCTs_19991115_054243_SOUTH_INDIAN_OCEAN,1999-11-15,05:42:43.0,-1.34,88.98,11.0,3.908e+19,6.995,101.0,59.0,177.0,192.0,88.0,31.0
FCTs_19991117_032742_NEW_BRITAIN_REGION__P.N.G,1999-11-17,03:27:42.0,-5.98,148.82,46.0,4.084e+19,7.007,262.0,41.0,87.0,86.0,49.0,93.0
FCTs_19991117_113634_NEW_BRITAIN_REGION__P.N.G,1999-11-17,11:36:34.0,-6.0,148.8,46.0,3.326e+18,6.281,261.0,39.0,86.0,86.0,51.0,93.0
FCTs_19991119_135646_NEW_BRITAIN_REGION__P.N.G,1999-11-19,13:56:46.0,-6.35,148.76,43.0,4.008e+19,7.002,274.0,29.0,90.0,94.0,61.0,90.0
FCTs_19991121_035114_CHILE-BOLIVIA_BORDER_REGION,1999-11-21,03:51:14.0,-21.75,-68.78,96.0,8.251e+17,5.878,169.0,18.0,-72.0,330.0,73.0,-96.0
FCTs_19991126_002900_KOMANDORSKIYE_OSTROVA_REGION,1999-11-26,00:29:00.0,55.133,165.364,17.0,1.061e+18,5.951,296.0,73.0,-162.0,201.0,72.0,-18.0
FCTs_19991126_132115_VANUATU_ISLANDS,1999-11-26,13:21:15.0,-16.42,168.21,17.0,1.508e+20,7.386,191.0,33.0,108.0,350.0,59.0,79.0
FCTs_19991129_034630_SOUTH_INDIAN_OCEAN,1999-11-29,03:46:30.0,-1.27,89.04,12.0,5.068e+18,6.403,22.0,81.0,7.0,291.0,83.0,171.0
FCTs_19991130_040153_NORTHERN_CHILE,1999-11-30,04:01:53.0,-18.9,-69.17,134.0,1.043e+19,6.612,252.0,17.0,-15.0,357.0,86.0,-106.0
FCTs_19991130_162334_SOUTHEAST_OF_LOYALTY_ISLANDS,1999-11-30,16:23:34.0,-21.284,169.105,9.0,8.263e+17,5.878,320.0,27.0,78.0,153.0,63.0,96.0
FCTs_19991206_231233_KODIAK_ISLAND_REGION__ALASKA,1999-12-06,23:12:33.0,57.41,-154.49,56.0,3.123e+19,6.93,352.0,58.0,177.0,83.0,87.0,32.0
FCTs_19991207_212949_TONGA_ISLANDS,1999-12-07,21:29:49.0,-15.91,-173.98,153.0,4.014e+18,6.336,103.0,18.0,57.0,318.0,75.0,100.0
FCTs_19991209_101817_NEW_BRITAIN_REGION__P.N.G,1999-12-09,10:18:17.0,-6.03,148.14,56.0,4.555e+18,6.372,243.0,38.0,75.0,82.0,54.0,102.0
FCTs_19991210_183830_WEST_CHILE_RISE,1999-12-10,18:38:30.0,-36.21,-97.32,9.0,7.948e+18,6.534,270.0,87.0,177.0,1.0,87.0,3.0
FCTs_19991211_180336_LUZON__PHILIPPINES,1999-12-11,18:03:36.0,15.77,119.74,54.0,6.191e+19,7.128,93.0,22.0,171.0,191.0,87.0,68.0
FCTs_19991213_093039_NORTHERN_MOLUCCA_SEA,1999-12-13,09:30:39.0,2.077,127.115,84.0,7.074e+17,5.833,209.0,85.0,139.0,303.0,50.0,7.0
FCTs_19991215_044112_NEW_BRITAIN_REGION__P.N.G,1999-12-15,04:41:12.0,-5.79,150.97,29.0,2.95e+18,6.247,243.0,34.0,79.0,76.0,56.0,97.0
FCTs_19991218_174455_NEAR_NORTH_COAST_OF_IRIAN_JAYA,1999-12-18,17:44:55.0,-2.42,139.68,18.0,3.049e+18,6.256,82.0,52.0,36.0,327.0,62.0,136.0
FCTs_19991221_141457_SUNDA_STRAIT__INDONESIA,1999-12-21,14:14:57.0,-6.84,105.56,45.0,6.237e+18,6.463,202.0,30.0,5.0,107.0,88.0,120.0
FCTs_19991229_051946_GUERRERO__MEXICO,1999-12-29,05:19:46.0,18.244,-101.432,53.0,8.723e+17,5.894,278.0,21.0,-114.0,123.0,71.0,-81.0
FCTs_19991229_132919_SANTA_CRUZ_ISLANDS,1999-12-29,13:29:19.0,-10.86,165.35,32.0,2.996e+19,6.918,315.0,13.0,76.0,150.0,77.0,93.0
FCTs_19991229_225357_SANTA_CRUZ_ISLANDS,1999-12-29,22:53:57.0,-11.16,165.33,23.0,1.524e+18,6.055,328.0,26.0,86.0,152.0,64.0,92.0
FCTs_20000105_074040_SANTA_CRUZ_ISLANDS,2000-01-05,07:40:40.0,-11.37,165.38,15.0,1.305e+18,6.01,169.0,25.0,-77.0,335.0,66.0,-96.0
FCTs_20000106_213106_LUZON__PHILIPPINES,2000-01-06,21:31:06.0,16.09,119.48,12.0,1.84e+18,6.11,17.0,16.0,95.0,192.0,74.0,88.0
FCTs_20000108_011946_SOLOMON_ISLANDS,2000-01-08,01:19:46.0,-9.81,159.81,14.0,6.785e+18,6.488,172.0,84.0,147.0,265.0,57.0,7.0
FCTs_20000108_115921_NEAR_COAST_OF_NORTHERN_CHILE,2000-01-08,11:59:21.0,-23.17,-70.12,45.0,4.135e+18,6.344,1.0,28.0,99.0,171.0,62.0,85.0
FCTs_20000108_164720_TONGA_ISLANDS,2000-01-08,16:47:20.0,-16.92,-174.25,172.0,6.968e+19,7.162,106.0,8.0,13.0,4.0,88.0,97.0
FCTs_20000109_215440_FIJI_ISLANDS_REGION,2000-01-09,21:54:40.0,-18.82,174.37,8.0,4.368e+18,6.36,50.0,88.0,10.0,319.0,80.0,178.0
FCTs_20000113_200714_FIJI_ISLANDS_REGION,2000-01-13,20:07:14.0,-17.61,-178.74,569.0,2.519e+18,6.201,11.0,70.0,-139.0,264.0,52.0,-26.0
FCTs_20000119_070933_HINDU_KUSH_REGION__AFGHANISTAN,2000-01-19,07:09:33.0,36.372,70.379,210.0,1.428e+18,6.037,84.0,38.0,79.0,277.0,53.0,98.0
FCTs_20000126_132650_TONGA_ISLANDS,2000-01-26,13:26:50.0,-17.27,-174.0,68.0,4.119e+18,6.343,215.0,16.0,-66.0,10.0,75.0,-97.0
FCTs_20000128_142107_KURIL_ISLANDS,2000-01-28,14:21:07.0,43.05,146.84,47.0,2.052e+19,6.808,166.0,39.0,23.0,57.0,75.0,127.0
FCTs_20000206_113352_NEW_BRITAIN_REGION__P.N.G,2000-02-06,11:33:52.0,-5.84,150.88,35.0,1.417e+19,6.701,245.0,32.0,88.0,67.0,58.0,91.0
FCTs_20000225_014358_VANUATU_ISLANDS_REGION,2000-02-25,01:43:58.0,-19.53,173.82,15.0,4.378e+19,7.028,49.0,82.0,15.0,316.0,75.0,172.0
FCTs_20000226_081148_MARIANA_ISLANDS,2000-02-26,08:11:48.0,13.8,144.78,132.0,2.405e+18,6.187,256.0,89.0,-135.0,165.0,45.0,-2.0
FCTs_20000226_182439_PANAMA,2000-02-26,18:24:39.0,9.41,-78.53,73.0,1.468e+18,6.044,224.0,36.0,-51.0,359.0,62.0,-115.0
FCTs_20000303_220913_BANDA_SEA,2000-03-03,22:09:13.0,-7.32,128.49,152.0,4.119e+18,6.343,344.0,45.0,86.0,169.0,46.0,94.0
FCTs_20000305_235703_SOUTH_OF_AUSTRALIA,2000-03-05,23:57:03.0,-62.9,145.64,7.0,1.266e+18,6.002,121.0,39.0,60.0,337.0,57.0,112.0
FCTs_20000315_063505_SOUTH_PACIFIC_OCEAN,2000-03-15,06:35:05.0,-44.396,-117.435,14.0,1.192e+18,5.984,268.0,44.0,-117.0,123.0,52.0,-67.0
FCTs_20000321_052607_NORTH_OF_HALMAHERA__INDONESIA,2000-03-21,05:26:07.0,3.155,128.034,86.0,6.822e+17,5.823,2.0,36.0,128.0,138.0,63.0,66.0
FCTs_20000328_110022_VOLCANO_ISLANDS__JAPAN_REGION,2000-03-28,11:00:22.0,22.34,143.73,118.0,3.196e+20,7.603,41.0,4.0,19.0,292.0,89.0,94.0
FCTs_20000403_152001_TALAUD_ISLANDS__INDONESIA,2000-04-03,15:20:01.0,4.08,125.61,129.0,1.623e+18,6.074,325.0,75.0,8.0,233.0,82.0,165.0
FCTs_20000418_172812_FIJI_ISLANDS_REGION,2000-04-18,17:28:12.0,-20.664,-176.469,232.0,7.289e+17,5.842,238.0,6.0,-62.0,30.0,84.0,-93.0
FCTs_20000421_043517_ANDREANOF_ISLANDS__ALEUTIAN_IS,2000-04-21,04:35:17.0,51.422,-178.137,34.0,1.34e+18,6.018,265.0,33.0,109.0,63.0,59.0,78.0
FCTs_20000423_092723_SANTIAGO_DEL_ESTERO_PROV.__ARG,2000-04-23,09:27:23.0,-28.31,-62.99,616.0,3.003e+19,6.918,351.0,7.0,-97.0,178.0,83.0,-89.0
FCTs_20000423_170117_SANTIAGO_DEL_ESTERO_PROV.__ARG,2000-04-23,17:01:17.0,-28.38,-62.94,614.0,1.602e+18,6.07,61.0,23.0,-22.0,172.0,82.0,-111.0
FCTs_20000430_210835_BISMARCK_SEA,2000-04-30,21:08:35.0,-3.986,146.556,7.0,8.845e+17,5.898,74.0,74.0,-9.0,166.0,82.0,-164.0
FCTs_20000502_150336_MARIANA_ISLANDS_REGION,2000-05-02,15:03:36.0,17.439,147.516,9.0,8.475e+17,5.885,35.0,67.0,-36.0,141.0,57.0,-152.0
FCTs_20000504_042116_SULAWESI__INDONESIA,2000-05-04,04:21:16.0,-1.11,123.57,12.0,4.829e+20,7.723,147.0,39.0,31.0,32.0,71.0,125.0
FCTs_20000504_203632_FIJI_ISLANDS_REGION,2000-05-04,20:36:32.0,-17.91,-178.52,545.0,5.133e+18,6.407,211.0,75.0,152.0,308.0,63.0,16.0
FCTs_20000506_134413_SANTA_CRUZ_ISLANDS,2000-05-06,13:44:13.0,-11.3,165.43,15.0,5.086e+18,6.404,167.0,35.0,-65.0,317.0,59.0,-106.0
FCTs_20000512_184318_JUJUY_PROVINCE__ARGENTINA,2000-05-12,18:43:18.0,-23.55,-66.45,227.0,6.959e+19,7.162,173.0,12.0,-100.0,3.0,78.0,-88.0
FCTs_20000512_231029_HINDU_KUSH_REGION__AFGHANISTAN,2000-05-12,23:10:29.0,35.97,70.66,98.0,2.872e+18,6.239,151.0,11.0,10.0,51.0,88.0,101.0
FCTs_20000514_200834_BANDA_SEA,2000-05-14,20:08:34.0,-4.3,123.16,15.0,3.569e+18,6.302,238.0,29.0,128.0,16.0,67.0,71.0
FCTs_20000519_203426_SOUTHERN_ALASKA,2000-05-19,20:34:26.0,59.204,-153.139,88.0,5.627e+17,5.767,240.0,90.0,-37.0,330.0,53.0,-180.0
FCTs_20000521_195847_JAN_MAYEN_ISLAND_REGION,2000-05-21,19:58:47.0,71.19,-8.263,9.0,1.062e+18,5.951,113.0,80.0,1.0,23.0,89.0,170.0
FCTs_20000526_003004_W._CAROLINE_ISLANDS__MICRONESIA,2000-05-26,00:30:04.0,11.359,139.245,14.0,1.28e+18,6.005,304.0,33.0,164.0,47.0,81.0,58.0
FCTs_20000602_111349_OFF_COAST_OF_OREGON,2000-06-02,11:13:49.0,44.51,-130.08,6.0,2.819e+18,6.233,202.0,87.0,15.0,111.0,75.0,177.0
FCTs_20000603_085449_NEAR_EAST_COAST_OF_HONSHU__JAPAN,2000-06-03,08:54:49.0,35.55,140.46,47.0,1.365e+18,6.023,184.0,24.0,98.0,355.0,67.0,86.0
FCTs_20000604_162826_SOUTHERN_SUMATRA__INDONESIA,2000-06-04,16:28:26.0,-4.72,102.09,41.0,1.111e+21,7.964,82.0,55.0,136.0,201.0,55.0,44.0
FCTs_20000606_024149_TURKEY,2000-06-06,02:41:49.0,40.693,32.992,8.0,1.35e+18,6.02,5.0,48.0,-28.0,114.0,69.0,-135.0
FCTs_20000606_095806_SOUTHERN_SUMATRA__INDONESIA,2000-06-06,09:58:06.0,-5.09,102.7,32.0,2.211e+18,6.163,304.0,23.0,88.0,126.0,67.0,91.0
FCTs_20000606_145702_SOUTHEAST_OF_RYUKYU_ISLANDS,2000-06-06,14:57:02.0,29.42,131.42,31.0,3.68e+18,6.311,16.0,55.0,47.0,255.0,54.0,134.0
FCTs_20000606_211642_SEA_OF_JAPAN,2000-06-06,21:16:42.0,36.829,135.464,9.0,9.104e+17,5.906,10.0,35.0,88.0,193.0,55.0,92.0
FCTs_20000607_214655_MYANMAR,2000-06-07,21:46:55.0,26.86,97.24,6.0,6.747e+18,6.486,270.0,25.0,14.0,167.0,84.0,114.0
FCTs_20000607_234526_SOUTHERN_SUMATRA__INDONESIA,2000-06-07,23:45:26.0,-4.61,101.9,39.0,1.226e+19,6.659,357.0,41.0,56.0,219.0,57.0,116.0
FCTs_20000609_012715_NEW_BRITAIN_REGION__P.N.G,2000-06-09,01:27:15.0,-5.07,152.49,34.0,2.663e+18,6.217,281.0,29.0,101.0,88.0,62.0,84.0
FCTs_20000609_233145_SOUTHEAST_OF_HONSHU__JAPAN,2000-06-09,23:31:45.0,30.49,137.73,495.0,2.543e+18,6.204,240.0,34.0,-84.0,53.0,57.0,-94.0
FCTs_20000610_182329_TAIWAN,2000-06-10,18:23:29.0,23.84,121.22,29.0,4.357e+18,6.359,15.0,19.0,82.0,204.0,71.0,93.0
FCTs_20000611_115512_WESTERN_INDIAN-ANTARCTIC_RIDGE,2000-06-11,11:55:12.0,-50.58,139.55,19.0,5.419e+18,6.423,181.0,80.0,5.0,90.0,85.0,170.0
FCTs_20000614_021525_SOUTH_OF_FIJI_ISLANDS,2000-06-14,02:15:25.0,-25.52,178.05,636.0,5.71e+18,6.438,123.0,31.0,-145.0,2.0,73.0,-64.0
FCTs_20000614_170048_TALAUD_ISLANDS__INDONESIA,2000-06-14,17:00:48.0,4.54,127.72,104.0,5.222e+18,6.412,336.0,35.0,67.0,184.0,58.0,106.0
FCTs_20000615_111046_SOUTHEAST_OF_SHIKOKU__JAPAN,2000-06-15,11:10:46.0,29.37,132.08,12.0,1.947e+18,6.126,190.0,37.0,-86.0,5.0,53.0,-93.0
FCTs_20000616_075535_CHILE-ARGENTINA_BORDER_REGION,2000-06-16,07:55:35.0,-33.88,-70.09,120.0,6.541e+18,6.477,222.0,29.0,-62.0,10.0,64.0,-105.0
FCTs_20000617_154041_ICELAND,2000-06-17,15:40:41.0,63.97,-20.49,7.0,6.646e+18,6.482,273.0,87.0,0.0,183.0,90.0,177.0
FCTs_20000618_144413_SOUTH_INDIAN_OCEAN,2000-06-18,14:44:13.0,-13.8,97.45,18.0,6.218e+20,7.796,253.0,73.0,162.0,349.0,73.0,18.0
FCTs_20000620_113400_SOUTH_INDIAN_OCEAN,2000-06-20,11:34:00.0,-14.104,97.577,7.0,7.735e+17,5.859,75.0,72.0,169.0,169.0,80.0,18.0
FCTs_20000621_005146_ICELAND,2000-06-21,00:51:46.0,63.98,-20.76,7.0,5.434e+18,6.423,93.0,88.0,-4.0,184.0,86.0,-178.0
FCTs_20000621_162506_MARIANA_ISLANDS,2000-06-21,16:25:06.0,14.112,144.962,125.0,9.742e+17,5.926,84.0,89.0,137.0,176.0,47.0,2.0
FCTs_20000625_063442_KYUSHU__JAPAN,2000-06-25,06:34:42.0,31.183,131.206,34.0,1.152e+18,5.974,200.0,20.0,81.0,29.0,70.0,93.0
FCTs_20000629_075906_MARIANA_ISLANDS,2000-06-29,07:59:06.0,13.031,144.538,41.0,7.614e+17,5.854,214.0,38.0,86.0,39.0,52.0,93.0
FCTs_20000701_070155_NEAR_S._COAST_OF_HONSHU__JAPAN,2000-07-01,07:01:55.0,34.22,139.13,13.0,2.094e+18,6.147,91.0,76.0,172.0,183.0,83.0,15.0
FCTs_20000708_045255_SOUTHERN_SUMATRA__INDONESIA,2000-07-08,04:52:55.0,-5.408,102.7,25.0,7.483e+17,5.849,253.0,42.0,-47.0,21.0,61.0,-122.0
FCTs_20000710_095818_SEA_OF_OKHOTSK,2000-07-10,09:58:18.0,46.828,145.422,370.0,6.618e+17,5.814,294.0,40.0,-24.0,43.0,75.0,-128.0
FCTs_20000715_013030_NEAR_S._COAST_OF_HONSHU__JAPAN,2000-07-15,01:30:30.0,34.32,139.26,10.0,1.955e+18,6.127,195.0,65.0,-12.0,290.0,79.0,-155.0
FCTs_20000715_071344_BANDA_SEA,2000-07-15,07:13:44.0,-7.027,128.931,224.0,8.916e+17,5.9,197.0,28.0,19.0,90.0,81.0,117.0
FCTs_20000716_032145_PHILIPPINE_ISLANDS_REGION,2000-07-16,03:21:45.0,20.25,122.04,27.0,4.393e+18,6.362,141.0,73.0,-5.0,232.0,85.0,-163.0
FCTs_20000716_172523_SANTA_CRUZ_ISLANDS,2000-07-16,17:25:23.0,-12.4,166.51,44.0,2.217e+18,6.164,181.0,41.0,91.0,1.0,49.0,89.0
FCTs_20000717_225347_HINDU_KUSH_REGION__AFGHANISTAN,2000-07-17,22:53:47.0,36.28,70.92,131.0,3.974e+18,6.333,308.0,24.0,149.0,67.0,78.0,69.0
FCTs_20000720_183918_NEAR_EAST_COAST_OF_HONSHU__JAPAN,2000-07-20,18:39:18.0,36.51,140.983,36.0,1.196e+18,5.985,207.0,25.0,78.0,40.0,66.0,95.0
FCTs_20000721_015335_OFF_COAST_OF_COSTA_RICA,2000-07-21,01:53:35.0,9.42,-85.33,7.0,4.516e+18,6.37,97.0,35.0,-102.0,292.0,56.0,-81.0
FCTs_20000728_123833_SANTA_CRUZ_ISLANDS,2000-07-28,12:38:33.0,-12.36,166.49,41.0,7.572e+17,5.853,149.0,42.0,89.0,331.0,48.0,91.0
FCTs_20000730_122545_SOUTHEAST_OF_HONSHU__JAPAN,2000-07-30,12:25:45.0,33.9,139.38,11.0,1.142e+19,6.638,193.0,70.0,13.0,99.0,77.0,159.0
FCTs_20000731_224430_FIJI_ISLANDS_REGION,2000-07-31,22:44:30.0,-16.7,174.54,13.0,1.178e+18,5.981,256.0,41.0,-39.0,17.0,66.0,-124.0
FCTs_20000803_010938_SANTA_CRUZ_ISLANDS,2000-08-03,01:09:38.0,-12.04,166.45,48.0,1.141e+19,6.638,178.0,41.0,91.0,357.0,49.0,89.0
FCTs_20000804_211302_SAKHALIN__RUSSIA,2000-08-04,21:13:02.0,48.79,142.25,13.0,1.848e+19,6.778,318.0,38.0,50.0,186.0,62.0,117.0
FCTs_20000806_072712_BONIN_ISLANDS__JAPAN_REGION,2000-08-06,07:27:12.0,28.86,139.56,422.0,1.18e+20,7.315,119.0,25.0,-133.0,345.0,72.0,-72.0
FCTs_20000807_143355_BANDA_SEA,2000-08-07,14:33:55.0,-7.02,123.36,654.0,5.971e+18,6.451,245.0,30.0,-126.0,105.0,66.0,-71.0
FCTs_20000809_000841_VANUATU_ISLANDS,2000-08-09,00:08:41.0,-15.69,167.99,22.0,3.206e+18,6.271,330.0,43.0,50.0,198.0,59.0,120.0
FCTs_20000809_114147_MICHOACAN__MEXICO,2000-08-09,11:41:47.0,18.2,-102.48,30.0,6.33e+18,6.468,117.0,40.0,93.0,293.0,50.0,87.0
FCTs_20000809_225559_FIJI_ISLANDS_REGION,2000-08-09,22:55:59.0,-16.8,174.33,10.0,6.636e+18,6.481,281.0,85.0,5.0,191.0,85.0,175.0
FCTs_20000814_221116_D'ENTRECASTEAUX_ISLANDS_REGION,2000-08-14,22:11:16.0,-9.377,153.854,7.0,1.405e+18,6.032,322.0,37.0,65.0,173.0,57.0,108.0
FCTs_20000815_043008_KERMADEC_ISLANDS_REGION,2000-08-15,04:30:08.0,-31.51,179.73,375.0,9.244e+18,6.577,139.0,35.0,-145.0,20.0,71.0,-60.0
FCTs_20000821_091625_SOUTH_ATLANTIC_OCEAN,2000-08-21,09:16:25.0,-53.02,-45.97,21.0,1.593e+18,6.068,3.0,78.0,134.0,105.0,45.0,18.0
FCTs_20000824_113645_SOUTHWEST_OF_SUMATRA__INDONESIA,2000-08-24,11:36:45.0,-6.026,102.687,12.0,9.971e+17,5.932,118.0,42.0,77.0,316.0,50.0,102.0
FCTs_20000828_150547_BANDA_SEA,2000-08-28,15:05:47.0,-4.11,127.39,14.0,2.036e+19,6.806,281.0,36.0,104.0,83.0,55.0,80.0
FCTs_20000828_192932_BANDA_SEA,2000-08-28,19:29:32.0,-4.12,127.03,7.0,1.445e+19,6.707,307.0,88.0,-160.0,216.0,70.0,-2.0
FCTs_20000901_115651_OFF_W_COAST_OF_NORTHERN_SUMATRA,2000-09-01,11:56:51.0,1.438,96.591,26.0,1.288e+18,6.007,301.0,31.0,83.0,129.0,59.0,94.0
FCTs_20000910_190615_HALMAHERA__INDONESIA,2000-09-10,19:06:15.0,-1.11,129.33,8.0,1.606e+18,6.07,107.0,44.0,-67.0,256.0,51.0,-111.0
FCTs_20000911_171753_TONGA_ISLANDS,2000-09-11,17:17:53.0,-15.88,-173.69,123.0,2.843e+18,6.236,349.0,7.0,-108.0,188.0,84.0,-88.0
FCTs_20000912_002758_QINGHAI__CHINA,2000-09-12,00:27:58.0,35.39,99.34,8.0,1.705e+18,6.088,251.0,73.0,3.0,160.0,87.0,163.0
FCTs_20000922_182203_SOUTHERN_SUMATRA__INDONESIA,2000-09-22,18:22:03.0,-4.96,102.1,36.0,1.9e+18,6.119,190.0,80.0,10.0,98.0,81.0,170.0
FCTs_20000926_061752_TONGA_ISLANDS,2000-09-26,06:17:52.0,-17.18,-173.93,69.0,4.937e+18,6.396,352.0,35.0,83.0,180.0,55.0,95.0
FCTs_20000928_232343_NEAR_COAST_OF_ECUADOR,2000-09-28,23:23:43.0,-0.22,-80.58,16.0,3.73e+18,6.314,27.0,20.0,117.0,178.0,73.0,81.0
FCTs_20001002_022531_LAKE_TANGANYIKA_REGION,2000-10-02,02:25:31.0,-7.98,30.71,40.0,5.4e+18,6.422,177.0,35.0,-83.0,349.0,55.0,-95.0
FCTs_20001003_041330_OFF_EAST_COAST_OF_HONSHU__JAPAN,2000-10-03,04:13:30.0,40.28,143.12,16.0,2.583e+18,6.208,181.0,20.0,65.0,28.0,72.0,98.0
FCTs_20001004_143744_WINDWARD_ISLANDS,2000-10-04,14:37:44.0,11.12,-62.56,119.0,2.215e+18,6.164,258.0,37.0,133.0,28.0,64.0,63.0
FCTs_20001004_165844_VANUATU_ISLANDS,2000-10-04,16:58:44.0,-15.42,166.91,31.0,2.482e+19,6.863,320.0,40.0,77.0,157.0,51.0,100.0
FCTs_20001005_133911_NORTHERN_MID-ATLANTIC_RIDGE,2000-10-05,13:39:11.0,31.73,-40.96,7.0,1.322e+18,6.014,9.0,44.0,-118.0,226.0,53.0,-66.0
FCTs_20001005_200614_MINDANAO__PHILIPPINES,2000-10-05,20:06:14.0,6.85,126.82,47.0,1.124e+18,5.967,6.0,42.0,101.0,172.0,49.0,80.0
FCTs_20001006_043019_WESTERN_HONSHU__JAPAN,2000-10-06,04:30:19.0,35.46,133.13,9.0,1.223e+19,6.658,241.0,85.0,-169.0,150.0,79.0,-5.0
FCTs_20001021_052514_TONGA_ISLANDS,2000-10-21,05:25:14.0,-17.29,-175.18,301.0,2.799e+18,6.231,22.0,18.0,-88.0,199.0,72.0,-91.0
FCTs_20001021_223032_MINDORO__PHILIPPINES,2000-10-21,22:30:32.0,13.679,120.729,149.0,5.996e+17,5.785,322.0,36.0,76.0,159.0,56.0,100.0
FCTs_20001025_093223_SUNDA_STRAIT__INDONESIA,2000-10-25,09:32:23.0,-6.55,105.63,41.0,1.642e+19,6.744,293.0,28.0,96.0,106.0,62.0,87.0
FCTs_20001027_042151_BONIN_ISLANDS__JAPAN_REGION,2000-10-27,04:21:51.0,26.27,140.46,400.0,1.8e+18,6.104,130.0,26.0,147.0,250.0,76.0,68.0
FCTs_20001029_083708_NEW_IRELAND_REGION__P.N.G,2000-10-29,08:37:08.0,-4.77,153.95,80.0,3.243e+19,6.941,128.0,31.0,81.0,319.0,59.0,95.0
FCTs_20001030_120130_SUMBA_REGION__INDONESIA,2000-10-30,12:01:30.0,-9.708,119.075,49.0,1.104e+18,5.962,244.0,78.0,-22.0,339.0,69.0,-167.0
FCTs_20001107_001804_SOUTH_SANDWICH_ISLANDS_REGION,2000-11-07,00:18:04.0,-55.63,-29.88,20.0,2.783e+19,6.896,94.0,20.0,75.0,290.0,71.0,95.0
FCTs_20001107_075009_SOLOMON_ISLANDS,2000-11-07,07:50:09.0,-5.43,154.02,84.0,3.104e+18,6.261,135.0,29.0,90.0,315.0,61.0,90.0
FCTs_20001116_045456_NEW_IRELAND_REGION__P.N.G,2000-11-16,04:54:56.0,-3.98,152.17,28.0,1.878e+21,8.116,143.0,73.0,-14.0,238.0,76.0,-162.0
FCTs_20001117_210156_NEW_BRITAIN_REGION__P.N.G,2000-11-17,21:01:56.0,-5.5,151.78,46.0,2.046e+20,7.474,237.0,31.0,75.0,75.0,60.0,99.0
FCTs_20001118_065458_NEW_BRITAIN_REGION__P.N.G,2000-11-18,06:54:58.0,-5.23,151.77,51.0,2.123e+19,6.818,245.0,42.0,76.0,84.0,50.0,102.0
FCTs_20001119_162214_NEW_IRELAND_REGION__P.N.G,2000-11-19,16:22:14.0,-4.801,153.112,21.0,9.074e+17,5.905,147.0,7.0,14.0,44.0,88.0,96.0
FCTs_20001121_173334_NEW_BRITAIN_REGION__P.N.G,2000-11-21,17:33:34.0,-5.49,152.15,15.0,2.177e+18,6.159,229.0,28.0,80.0,60.0,63.0,95.0
FCTs_20001121_212105_NEW_BRITAIN_REGION__P.N.G,2000-11-21,21:21:05.0,-5.43,152.69,15.0,1.779e+18,6.1,32.0,44.0,110.0,184.0,50.0,72.0
FCTs_20001125_180911_EASTERN_CAUCASUS,2000-11-25,18:09:11.0,40.24,49.95,71.0,4.046e+18,6.338,106.0,13.0,-122.0,318.0,79.0,-83.0
FCTs_20001129_102513_NEAR_COAST_OF_NORTHERN_CHILE,2000-11-29,10:25:13.0,-24.87,-70.89,45.0,4.042e+18,6.338,208.0,15.0,-57.0,354.0,77.0,-99.0
FCTs_20001205_221134_FOX_ISLANDS__ALEUTIAN_ISLANDS,2000-12-05,22:11:34.0,52.577,-167.847,16.0,1.178e+18,5.981,269.0,20.0,112.0,66.0,71.0,82.0
FCTs_20001206_171106_TURKMENISTAN,2000-12-06,17:11:06.0,39.57,54.8,32.0,3.478e+19,6.961,318.0,36.0,126.0,97.0,61.0,67.0
FCTs_20001206_225740_NEW_BRITAIN_REGION__P.N.G,2000-12-06,22:57:40.0,-4.22,152.73,30.0,6.213e+18,6.462,2.0,43.0,113.0,152.0,51.0,70.0
FCTs_20001207_093119_NEW_BRITAIN_REGION__P.N.G,2000-12-07,09:31:19.0,-4.274,152.786,29.0,5.814e+17,5.776,353.0,42.0,111.0,146.0,52.0,72.0
FCTs_20001215_164447_TURKEY,2000-12-15,16:44:47.0,38.457,31.351,12.0,1.069e+18,5.953,305.0,43.0,-72.0,100.0,49.0,-107.0
FCTs_20001218_011921_FIJI_ISLANDS_REGION,2000-12-18,01:19:21.0,-21.18,-179.12,657.0,7.46e+18,6.515,186.0,16.0,-128.0,45.0,78.0,-80.0
FCTs_20001219_131147_SOUTH_OF_MARIANA_ISLANDS,2000-12-19,13:11:47.0,11.77,144.76,8.0,2.867e+18,6.238,72.0,39.0,-79.0,238.0,52.0,-99.0
FCTs_20001220_112354_OFF_COAST_OF_CENTRAL_CHILE,2000-12-20,11:23:54.0,-39.01,-74.66,8.0,7.263e+18,6.507,351.0,41.0,-120.0,208.0,55.0,-66.0
FCTs_20001220_164943_D'ENTRECASTEAUX_ISLANDS_REGION,2000-12-20,16:49:43.0,-9.23,154.35,6.0,1.342e+19,6.685,96.0,85.0,-6.0,187.0,84.0,-175.0
FCTs_20001221_010127_NEW_BRITAIN_REGION__P.N.G,2000-12-21,01:01:27.0,-5.71,151.12,46.0,4.914e+18,6.394,221.0,30.0,104.0,25.0,61.0,82.0
FCTs_20001222_101301_KURIL_ISLANDS,2000-12-22,10:13:01.0,44.79,147.2,143.0,2.353e+18,6.181,337.0,9.0,177.0,70.0,90.0,81.0
FCTs_20001228_043428_NEW_BRITAIN_REGION__P.N.G,2000-12-28,04:34:28.0,-4.05,152.31,14.0,2.195e+18,6.161,319.0,75.0,12.0,226.0,79.0,164.0
FCTs_20010101_065704_MINDANAO__PHILIPPINES,2001-01-01,06:57:04.0,6.9,126.58,48.0,2.056e+20,7.475,176.0,45.0,63.0,31.0,51.0,114.0
FCTs_20010102_073003_MINDANAO__PHILIPPINES,2001-01-02,07:30:03.0,6.75,126.81,30.0,3.817e+18,6.321,111.0,14.0,25.0,356.0,84.0,103.0
FCTs_20010103_144749_KURIL_ISLANDS,2001-01-03,14:47:49.0,43.932,147.813,60.0,7.625e+17,5.855,152.0,36.0,24.0,43.0,76.0,124.0
FCTs_20010107_101820_OFF_COAST_OF_CENTRAL_CHILE,2001-01-07,10:18:20.0,-33.443,-72.233,21.0,1.304e+18,6.01,5.0,21.0,97.0,177.0,69.0,87.0
FCTs_20010109_164928_VANUATU_ISLANDS,2001-01-09,16:49:28.0,-14.93,167.17,116.0,3.582e+19,6.969,162.0,28.0,156.0,273.0,79.0,64.0
FCTs_20010110_160244_KODIAK_ISLAND_REGION__ALASKA,2001-01-10,16:02:44.0,57.08,-153.21,26.0,2.882e+19,6.906,253.0,11.0,103.0,59.0,80.0,88.0
FCTs_20010113_173332_EL_SALVADOR,2001-01-13,17:33:32.0,13.05,-88.66,45.0,3.439e+20,7.624,128.0,32.0,-90.0,308.0,58.0,-90.0
FCTs_20010114_085825_VOLCANO_ISLANDS__JAPAN_REGION,2001-01-14,08:58:25.0,22.094,143.751,101.0,5.968e+17,5.784,11.0,29.0,26.0,258.0,77.0,117.0
FCTs_20010115_055216_MID-INDIAN_RIDGE,2001-01-15,05:52:16.0,-40.34,78.36,8.0,3.66e+18,6.309,217.0,88.0,9.0,127.0,81.0,178.0
FCTs_20010116_132509_SOUTHERN_SUMATRA__INDONESIA,2001-01-16,13:25:09.0,-4.02,101.78,32.0,1.801e+19,6.77,333.0,20.0,116.0,126.0,72.0,81.0
FCTs_20010119_081014_SANTA_CRUZ_ISLANDS,2001-01-19,08:10:14.0,-11.66,166.38,44.0,3.499e+18,6.296,175.0,42.0,89.0,357.0,48.0,91.0
FCTs_20010126_031640_SOUTHERN_INDIA,2001-01-26,03:16:40.0,23.42,70.23,15.0,3.813e+20,7.654,285.0,43.0,113.0,75.0,51.0,70.0
FCTs_20010128_010210_SOUTHERN_INDIA,2001-01-28,01:02:10.0,23.507,70.517,15.0,5.131e+17,5.74,288.0,43.0,106.0,85.0,49.0,75.0
FCTs_20010129_232125_IRIAN_JAYA_REGION__INDONESIA,2001-01-29,23:21:25.0,-0.68,133.33,15.0,2.54e+18,6.203,136.0,36.0,96.0,309.0,55.0,86.0
FCTs_20010201_181930_ANDREANOF_ISLANDS__ALEUTIAN_IS,2001-02-01,18:19:30.0,51.437,-177.797,36.0,1.126e+18,5.968,262.0,31.0,107.0,63.0,60.0,80.0
FCTs_20010213_192830_SOUTHERN_SUMATRA__INDONESIA,2001-02-13,19:28:30.0,-4.68,102.56,29.0,1.236e+20,7.328,304.0,20.0,90.0,124.0,70.0,90.0
FCTs_20010216_055909_BALI_SEA,2001-02-16,05:59:09.0,-7.16,117.49,523.0,1.356e+18,6.022,70.0,35.0,-118.0,283.0,59.0,-72.0
FCTs_20010217_201130_QUEEN_CHARLOTTE_ISLANDS_REGION,2001-02-17,20:11:30.0,53.92,-133.61,16.0,1.614e+18,6.072,234.0,73.0,-33.0,335.0,58.0,-160.0
FCTs_20010224_072348_NORTHERN_MOLUCCA_SEA,2001-02-24,07:23:48.0,1.27,126.25,28.0,7.113e+19,7.168,198.0,40.0,80.0,31.0,51.0,98.0
FCTs_20010225_022159_HINDU_KUSH_REGION__AFGHANISTAN,2001-02-25,02:21:59.0,36.42,70.88,193.0,2.407e+18,6.188,274.0,46.0,109.0,67.0,48.0,71.0
FCTs_20010228_123014_SOUTHEAST_OF_LOYALTY_ISLANDS,2001-02-28,12:30:14.0,-21.99,170.21,38.0,1.063e+19,6.618,305.0,29.0,74.0,143.0,62.0,99.0
FCTs_20010228_185432_WASHINGTON,2001-02-28,18:54:32.0,47.15,-122.73,63.0,1.37e+19,6.691,176.0,15.0,-92.0,358.0,75.0,-89.0
FCTs_20010314_185618_MINAHASSA_PENINSULA__SULAWESI,2001-03-14,18:56:18.0,0.451,121.892,114.0,1.012e+18,5.937,344.0,45.0,49.0,215.0,58.0,123.0
FCTs_20010315_012243_NICOBAR_ISLANDS__INDIA_REGION,2001-03-15,01:22:43.0,8.656,94.013,9.0,1.051e+18,5.948,259.0,72.0,14.0,165.0,77.0,161.0
FCTs_20010319_055215_BANDA_SEA,2001-03-19,05:52:15.0,-4.03,128.02,36.0,6.63e+18,6.481,324.0,66.0,-178.0,233.0,88.0,-24.0
FCTs_20010323_113010_KURIL_ISLANDS,2001-03-23,11:30:10.0,44.071,148.054,37.0,1.175e+18,5.98,242.0,28.0,115.0,35.0,65.0,78.0
FCTs_20010324_062753_WESTERN_HONSHU__JAPAN,2001-03-24,06:27:53.0,34.08,132.53,56.0,1.776e+19,6.766,327.0,36.0,-117.0,179.0,58.0,-72.0
FCTs_20010404_074411_ARU_ISLANDS_REGION__INDONESIA,2001-04-04,07:44:11.0,-5.18,132.37,12.0,6.677e+18,6.483,248.0,80.0,-32.0,344.0,58.0,-168.0
FCTs_20010409_090057_OFF_COAST_OF_CENTRAL_CHILE,2001-04-09,09:00:57.0,-32.67,-73.11,10.0,1.182e+19,6.648,219.0,37.0,-82.0,29.0,53.0,-96.0
FCTs_20010413_153353_SOUTH_SANDWICH_ISLANDS_REGION,2001-04-13,15:33:53.0,-59.72,-25.59,16.0,3.875e+18,6.326,213.0,23.0,112.0,10.0,69.0,81.0
FCTs_20010414_232726_SOUTHEAST_OF_HONSHU__JAPAN,2001-04-14,23:27:26.0,30.092,141.768,6.0,1.701e+18,6.087,19.0,35.0,-71.0,177.0,57.0,-103.0
FCTs_20010419_024036_SOLOMON_ISLANDS,2001-04-19,02:40:36.0,-7.414,155.964,21.0,8.685e+17,5.893,274.0,35.0,58.0,131.0,61.0,110.0
FCTs_20010419_205826_SOLOMON_ISLANDS,2001-04-19,20:58:26.0,-7.31,155.96,29.0,2.767e+18,6.228,287.0,37.0,66.0,136.0,57.0,107.0
FCTs_20010419_214342_SOLOMON_ISLANDS,2001-04-19,21:43:42.0,-7.41,155.87,26.0,1.059e+19,6.617,300.0,31.0,78.0,134.0,60.0,97.0
FCTs_20010426_174857_HOKKAIDO__JAPAN_REGION,2001-04-26,17:48:57.0,43.097,145.923,81.0,1e+18,5.933,86.0,16.0,-51.0,226.0,78.0,-100.0
FCTs_20010428_044953_FIJI_ISLANDS_REGION,2001-04-28,04:49:53.0,-18.06,-176.94,373.0,2.043e+19,6.807,127.0,17.0,180.0,217.0,90.0,73.0
FCTs_20010509_173826_SOLOMON_ISLANDS,2001-05-09,17:38:26.0,-10.32,161.23,69.0,2.263e+18,6.17,296.0,38.0,51.0,162.0,61.0,117.0
FCTs_20010518_020533_NORTHERN_SUMATRA__INDONESIA,2001-05-18,02:05:33.0,0.414,97.784,24.0,1.014e+18,5.937,313.0,15.0,87.0,136.0,75.0,91.0
FCTs_20010519_173625_FIJI_ISLANDS_REGION,2001-05-19,17:36:25.0,-19.903,-177.515,398.0,9.308e+17,5.913,173.0,26.0,-103.0,7.0,65.0,-84.0
FCTs_20010520_042143_NEAR_COAST_OF_JALISCO__MEXICO,2001-05-20,04:21:43.0,18.82,-104.45,19.0,2.731e+18,6.224,262.0,12.0,58.0,115.0,80.0,97.0
FCTs_20010525_004050_KURIL_ISLANDS,2001-05-25,00:40:50.0,44.27,148.39,37.0,1.221e+19,6.658,231.0,21.0,115.0,25.0,71.0,81.0
FCTs_20010525_050610_JAVA__INDONESIA,2001-05-25,05:06:10.0,-7.87,110.18,126.0,3.224e+18,6.272,42.0,20.0,-151.0,284.0,80.0,-72.0
FCTs_20010526_105726_FIJI_ISLANDS_REGION,2001-05-26,10:57:26.0,-20.29,-177.84,412.0,3.04e+18,6.255,135.0,67.0,-169.0,41.0,80.0,-23.0
FCTs_20010529_233719_SOLOMON_ISLANDS,2001-05-29,23:37:19.0,-7.02,155.04,22.0,4.33e+18,6.358,284.0,28.0,63.0,135.0,65.0,104.0
FCTs_20010601_203656_SOLOMON_ISLANDS,2001-06-01,20:36:56.0,-7.199,154.923,10.0,5.976e+17,5.784,300.0,27.0,76.0,136.0,64.0,97.0
FCTs_20010603_024157_KERMADEC_ISLANDS__NEW_ZEALAND,2001-06-03,02:41:57.0,-29.67,-178.63,204.0,6.608e+19,7.147,216.0,39.0,130.0,348.0,62.0,63.0
FCTs_20010605_090005_EASTERN_NEW_GUINEA_REG.__P.N.G,2001-06-05,09:00:05.0,-6.88,146.39,12.0,3.416e+18,6.289,46.0,42.0,104.0,207.0,50.0,78.0
FCTs_20010605_151358_EASTERN_NEW_GUINEA_REG.__P.N.G,2001-06-05,15:13:58.0,-6.815,146.41,9.0,9.704e+17,5.925,9.0,39.0,73.0,211.0,53.0,104.0
FCTs_20010614_023525_TAIWAN_REGION,2001-06-14,02:35:25.0,24.513,122.033,28.0,5.529e+17,5.762,180.0,88.0,-139.0,88.0,49.0,-3.0
FCTs_20010614_194847_ANDREANOF_ISLANDS__ALEUTIAN_IS,2001-06-14,19:48:47.0,51.16,-179.83,19.0,7.606e+18,6.521,266.0,26.0,109.0,65.0,65.0,81.0
FCTs_20010614_233128_MARIANA_ISLANDS,2001-06-14,23:31:28.0,18.852,146.81,18.0,1.246e+18,5.997,160.0,24.0,78.0,353.0,66.0,95.0
FCTs_20010615_061745_MARIANA_ISLANDS,2001-06-15,06:17:45.0,18.833,146.983,20.0,1.883e+18,6.117,183.0,20.0,83.0,10.0,70.0,93.0
FCTs_20010615_161907_EASTERN_GULF_OF_ADEN,2001-06-15,16:19:07.0,13.903,51.679,12.0,7.439e+17,5.848,205.0,77.0,175.0,296.0,85.0,13.0
FCTs_20010618_195656_NORTHERN_CHILE,2001-06-18,19:56:56.0,-24.291,-69.173,92.0,5.002e+17,5.733,141.0,32.0,-97.0,330.0,58.0,-85.0
FCTs_20010619_093224_CHILE-BOLIVIA_BORDER_REGION,2001-06-19,09:32:24.0,-22.739,-67.877,136.0,1.171e+18,5.979,155.0,8.0,-112.0,358.0,82.0,-87.0
FCTs_20010623_203314_NEAR_COAST_OF_PERU,2001-06-23,20:33:14.0,-16.26,-73.64,38.0,3.982e+21,8.333,302.0,28.0,57.0,159.0,67.0,106.0
FCTs_20010624_131851_KURIL_ISLANDS,2001-06-24,13:18:51.0,44.189,148.51,35.0,1.102e+18,5.962,225.0,28.0,105.0,28.0,63.0,82.0
FCTs_20010626_041831_NEAR_COAST_OF_PERU,2001-06-26,04:18:31.0,-17.75,-71.65,26.0,1.546e+19,6.726,329.0,23.0,82.0,158.0,67.0,93.0
FCTs_20010629_183551_SOUTHERN_BOLIVIA,2001-06-29,18:35:51.0,-19.52,-66.25,274.0,1.561e+18,6.062,188.0,18.0,-62.0,339.0,74.0,-99.0
FCTs_20010701_014606_NEW_BRITAIN_REGION__P.N.G,2001-07-01,01:46:06.0,-4.31,152.96,32.0,1.439e+18,6.039,332.0,24.0,39.0,206.0,75.0,109.0
FCTs_20010703_131042_MARIANA_ISLANDS_REGION,2001-07-03,13:10:42.0,21.64,142.98,315.0,6.67e+18,6.483,224.0,39.0,102.0,29.0,52.0,80.0
FCTs_20010704_070631_FIJI_ISLANDS_REGION,2001-07-04,07:06:31.0,-21.73,-176.71,194.0,5.544e+18,6.429,271.0,22.0,-28.0,27.0,80.0,-110.0
FCTs_20010704_120903_CENTRAL_BOLIVIA,2001-07-04,12:09:03.0,-17.0,-65.71,16.0,1.572e+18,6.064,91.0,37.0,50.0,318.0,62.0,116.0
FCTs_20010704_174745_SOUTHEAST_OF_HONSHU__JAPAN,2001-07-04,17:47:45.0,32.156,139.545,8.0,7.343e+17,5.844,190.0,44.0,-65.0,337.0,51.0,-112.0
FCTs_20010705_135348_NEAR_COAST_OF_PERU,2001-07-05,13:53:48.0,-16.09,-73.99,74.0,1.186e+19,6.649,141.0,23.0,-71.0,300.0,69.0,-98.0
FCTs_20010707_093843_NEAR_COAST_OF_PERU,2001-07-07,09:38:43.0,-17.54,-72.08,28.0,2.383e+20,7.518,313.0,21.0,56.0,169.0,72.0,102.0
FCTs_20010708_175418_NEW_BRITAIN_REGION__P.N.G,2001-07-08,17:54:18.0,-6.66,152.11,8.0,3.484e+18,6.295,62.0,42.0,-94.0,248.0,48.0,-86.0
FCTs_20010719_180040_KODIAK_ISLAND_REGION__ALASKA,2001-07-19,18:00:40.0,57.203,-151.036,28.0,6.654e+17,5.815,67.0,75.0,25.0,331.0,66.0,164.0
FCTs_20010724_050009_NORTHERN_CHILE,2001-07-24,05:00:09.0,-19.45,-69.25,9.0,4.467e+18,6.367,282.0,66.0,-34.0,27.0,59.0,-152.0
FCTs_20010726_002136_AEGEAN_SEA,2001-07-26,00:21:36.0,39.06,24.24,8.0,6.231e+18,6.463,146.0,73.0,-9.0,238.0,82.0,-163.0
FCTs_20010728_073243_SOUTHERN_ALASKA,2001-07-28,07:32:43.0,59.03,-155.12,139.0,1.02e+19,6.606,321.0,67.0,150.0,64.0,63.0,26.0
FCTs_20010802_234106_NEAR_EAST_COAST_OF_KAMCHATKA,2001-08-02,23:41:06.0,56.26,163.79,10.0,3.888e+18,6.326,272.0,61.0,158.0,13.0,71.0,31.0
FCTs_20010805_051616_ANDAMAN_ISLANDS__INDIA_REGION,2001-08-05,05:16:16.0,12.224,93.352,93.0,1.038e+18,5.944,267.0,61.0,27.0,163.0,66.0,148.0
FCTs_20010806_035259_SOUTHERN_EAST_PACIFIC_RISE,2001-08-06,03:52:59.0,-55.54,-123.42,11.0,1.109e+19,6.63,116.0,39.0,-60.0,260.0,57.0,-111.0
FCTs_20010813_201123_HOKKAIDO__JAPAN_REGION,2001-08-13,20:11:23.0,41.05,142.31,38.0,4.847e+18,6.39,188.0,21.0,74.0,25.0,70.0,96.0
FCTs_20010817_222549_RYUKYU_ISLANDS__JAPAN,2001-08-17,22:25:49.0,25.748,126.19,16.0,8.302e+17,5.879,128.0,41.0,-102.0,324.0,50.0,-80.0
FCTs_20010821_065206_EAST_OF_NORTH_ISLAND__N.Z,2001-08-21,06:52:06.0,-36.81,-179.57,47.0,8.386e+19,7.216,71.0,43.0,117.0,217.0,52.0,67.0
FCTs_20010823_214503_BISMARCK_SEA,2001-08-23,21:45:03.0,-3.37,146.31,8.0,2.932e+18,6.245,269.0,68.0,2.0,178.0,88.0,158.0
FCTs_20010828_065609_NEAR_COAST_OF_NORTHERN_CHILE,2001-08-28,06:56:09.0,-21.722,-70.108,68.0,7.607e+17,5.854,139.0,22.0,-122.0,352.0,71.0,-78.0
FCTs_20010902_022554_NORTH_INDIAN_OCEAN,2001-09-02,02:25:54.0,0.89,82.5,12.0,1.681e+18,6.084,278.0,86.0,167.0,9.0,77.0,4.0
FCTs_20010907_024559_SOUTH_INDIAN_OCEAN,2001-09-07,02:45:59.0,-13.166,97.297,6.0,9.55e+17,5.92,223.0,31.0,95.0,37.0,59.0,87.0
FCTs_20010911_145650_IRIAN_JAYA_REGION__INDONESIA,2001-09-11,14:56:50.0,-0.58,133.13,23.0,5.001e+18,6.399,84.0,73.0,28.0,345.0,64.0,161.0
FCTs_20010912_084837_FIJI_ISLANDS_REGION,2001-09-12,08:48:37.0,-20.99,-179.11,651.0,5.942e+18,6.449,183.0,17.0,-121.0,35.0,75.0,-81.0
FCTs_20010914_044508_VANCOUVER_ISLAND__CANADA_REGION,2001-09-14,04:45:08.0,48.69,-128.71,13.0,1.045e+18,5.946,152.0,80.0,-171.0,60.0,81.0,-10.0
FCTs_20010918_021930_BANDA_SEA,2001-09-18,02:19:30.0,-7.506,127.739,136.0,1.169e+18,5.978,125.0,23.0,84.0,312.0,68.0,92.0
FCTs_20010922_032338_COLOMBIA,2001-09-22,03:23:38.0,3.873,-75.968,174.0,9.649e+17,5.923,133.0,61.0,132.0,252.0,49.0,40.0
FCTs_20010929_024007_VANUATU_ISLANDS,2001-09-29,02:40:07.0,-18.5,168.16,25.0,4.971e+18,6.398,327.0,28.0,81.0,158.0,62.0,95.0
FCTs_20011002_004818_TONGA_ISLANDS,2001-10-02,00:48:18.0,-16.18,-173.82,109.0,1.969e+18,6.13,343.0,32.0,-94.0,167.0,58.0,-88.0
FCTs_20011003_172512_NORTHWEST_OF_KURIL_ISLANDS,2001-10-03,17:25:12.0,47.079,148.631,289.0,8.184e+17,5.875,164.0,15.0,-117.0,12.0,77.0,-83.0
FCTs_20011007_022109_NEAR_N_COAST_OF_NEW_GUINEA__PNG,2001-10-07,02:21:09.0,-3.3,142.93,8.0,3.432e+18,6.29,250.0,78.0,22.0,155.0,69.0,167.0
FCTs_20011008_181426_OFF_EAST_COAST_OF_KAMCHATKA,2001-10-08,18:14:26.0,52.59,160.32,31.0,5.594e+18,6.432,233.0,23.0,101.0,42.0,67.0,85.0
FCTs_20011009_235337_EAST_OF_KURIL_ISLANDS,2001-10-09,23:53:37.0,47.758,155.102,33.0,6.187e+17,5.794,121.0,67.0,18.0,24.0,74.0,156.0
FCTs_20011012_050234_QUEEN_CHARLOTTE_ISLANDS_REGION,2001-10-12,05:02:34.0,52.63,-132.2,17.0,1.182e+18,5.982,323.0,25.0,108.0,123.0,66.0,82.0
FCTs_20011012_150216_SOUTH_OF_MARIANA_ISLANDS,2001-10-12,15:02:16.0,12.69,144.98,37.0,3.176e+19,6.935,149.0,30.0,53.0,10.0,67.0,109.0
FCTs_20011014_011045_JAVA__INDONESIA,2001-10-14,01:10:45.0,-8.598,110.633,71.0,6.267e+17,5.798,155.0,54.0,49.0,30.0,52.0,132.0
FCTs_20011019_032844_BANDA_SEA,2001-10-19,03:28:44.0,-4.1,123.91,22.0,2.431e+20,7.524,274.0,76.0,19.0,179.0,72.0,166.0
FCTs_20011021_002921_OFF_E._COAST_OF_N._ISLAND__N.Z,2001-10-21,00:29:21.0,-37.14,178.98,13.0,1.59e+19,6.734,179.0,72.0,-149.0,78.0,60.0,-21.0
FCTs_20011026_230550_VANUATU_ISLANDS,2001-10-26,23:05:50.0,-18.49,168.11,23.0,2.267e+18,6.17,336.0,31.0,87.0,159.0,59.0,92.0
FCTs_20011031_091020_NEW_BRITAIN_REGION__P.N.G,2001-10-31,09:10:20.0,-5.91,150.2,44.0,3.511e+19,6.964,250.0,32.0,82.0,80.0,58.0,95.0
FCTs_20011105_230711_FIJI_ISLANDS_REGION,2001-11-05,23:07:11.0,-17.29,-179.25,590.0,1.874e+18,6.115,36.0,44.0,-134.0,269.0,60.0,-56.0
FCTs_20011114_092610_QINGHAI__CHINA,2001-11-14,09:26:10.0,35.95,90.54,12.0,9.371e+20,7.915,186.0,57.0,168.0,283.0,80.0,34.0
FCTs_20011115_010306_NORTH_OF_ASCENSION_ISLAND,2001-11-15,01:03:06.0,-1.59,-15.58,13.0,3.317e+18,6.28,258.0,70.0,175.0,350.0,85.0,20.0
FCTs_20011120_210818_BANDA_SEA,2001-11-20,21:08:18.0,-6.88,128.92,8.0,2.878e+18,6.239,53.0,80.0,18.0,320.0,73.0,170.0
FCTs_20011122_232220_FIJI_ISLANDS,2001-11-22,23:22:20.0,-16.25,178.02,6.0,3.368e+18,6.285,168.0,85.0,-172.0,78.0,82.0,-5.0
FCTs_20011123_204303_AFGHANISTAN-TAJIKISTAN_BORD_REG,2001-11-23,20:43:03.0,36.39,71.51,96.0,1.222e+18,5.991,261.0,46.0,139.0,23.0,62.0,52.0
FCTs_20011202_024756_SANTA_CRUZ_ISLANDS,2001-12-02,02:47:56.0,-12.738,166.664,100.0,1.289e+18,6.007,327.0,37.0,72.0,169.0,55.0,103.0
FCTs_20011202_130153_EASTERN_HONSHU__JAPAN,2001-12-02,13:01:53.0,39.4,141.09,125.0,6.534e+18,6.477,2.0,5.0,-85.0,177.0,85.0,-90.0
FCTs_20011203_113229_FIJI_ISLANDS_REGION,2001-12-03,11:32:29.0,-16.5,-177.54,20.0,5.697e+18,6.437,228.0,80.0,-1.0,319.0,89.0,-170.0
FCTs_20011208_202934_RYUKYU_ISLANDS__JAPAN,2001-12-08,20:29:34.0,28.25,129.57,35.0,1.985e+18,6.132,233.0,25.0,160.0,341.0,81.0,66.0
FCTs_20011209_181502_MINAHASSA_PENINSULA__SULAWESI,2001-12-09,18:15:02.0,0.0,122.87,153.0,1.363e+18,6.023,71.0,27.0,96.0,245.0,63.0,87.0
FCTs_20011212_125318_VANUATU_ISLANDS,2001-12-12,12:53:18.0,-17.19,167.72,55.0,2.288e+18,6.173,341.0,46.0,77.0,179.0,46.0,103.0
FCTs_20011212_140235_SOUTH_OF_AUSTRALIA,2001-12-12,14:02:35.0,-42.81,124.69,13.0,5.319e+19,7.084,80.0,67.0,153.0,181.0,66.0,26.0
FCTs_20011218_040258_TAIWAN_REGION,2001-12-18,04:02:58.0,23.95,122.73,16.0,2.259e+19,6.836,203.0,47.0,-54.0,336.0,53.0,-122.0
FCTs_20011222_004004_SANTA_CRUZ_ISLANDS,2001-12-22,00:40:04.0,-10.91,165.863,71.0,1.018e+18,5.939,178.0,35.0,29.0,63.0,74.0,122.0
FCTs_20011223_102128_BONIN_ISLANDS__JAPAN_REGION,2001-12-23,10:21:28.0,27.871,141.75,35.0,7.953e+17,5.867,169.0,30.0,77.0,4.0,61.0,97.0
FCTs_20011223_225254_SOLOMON_ISLANDS,2001-12-23,22:52:54.0,-9.61,159.53,17.0,1.839e+19,6.776,301.0,30.0,40.0,175.0,71.0,114.0
FCTs_20011227_105451_VANUATU_ISLANDS,2001-12-27,10:54:51.0,-14.65,167.26,163.0,2.108e+18,6.149,181.0,49.0,117.0,323.0,48.0,62.0
FCTs_20020101_112922_MINDANAO__PHILIPPINES,2002-01-01,11:29:22.0,6.3,125.65,125.0,3.198e+18,6.27,184.0,42.0,118.0,328.0,54.0,67.0
FCTs_20020102_172248_VANUATU_ISLANDS,2002-01-02,17:22:48.0,-17.6,167.86,45.0,7.433e+19,7.181,331.0,16.0,54.0,188.0,77.0,99.0
FCTs_20020103_070527_HINDU_KUSH_REGION__AFGHANISTAN,2002-01-03,07:05:27.0,36.09,70.69,122.0,1.859e+18,6.113,225.0,26.0,81.0,54.0,64.0,94.0
FCTs_20020103_101736_VANUATU_ISLANDS,2002-01-03,10:17:36.0,-17.66,168.0,32.0,1.067e+19,6.619,350.0,30.0,90.0,171.0,60.0,90.0
FCTs_20020110_111456_NEAR_N_COAST_OF_NEW_GUINEA__PNG,2002-01-10,11:14:56.0,-3.21,142.43,13.0,1.427e+19,6.703,111.0,35.0,38.0,348.0,70.0,118.0
FCTs_20020113_141056_NEW_BRITAIN_REGION__P.N.G,2002-01-13,14:10:56.0,-5.65,151.07,40.0,3.81e+18,6.321,258.0,37.0,69.0,103.0,56.0,105.0
FCTs_20020115_071258_SUNDA_STRAIT__INDONESIA,2002-01-15,07:12:58.0,-6.31,105.21,8.0,2.534e+18,6.203,170.0,63.0,-139.0,58.0,54.0,-34.0
FCTs_20020116_230952_NEAR_COAST_OF_CHIAPAS__MEXICO,2002-01-16,23:09:52.0,15.5,-93.13,85.0,4.029e+18,6.337,143.0,10.0,-71.0,304.0,81.0,-93.0
FCTs_20020121_154235_VANUATU_ISLANDS,2002-01-21,15:42:35.0,-15.384,167.483,124.0,6.479e+17,5.808,94.0,24.0,87.0,277.0,66.0,91.0
FCTs_20020122_045352_CRETE__GREECE,2002-01-22,04:53:52.0,35.79,26.62,94.0,2.227e+18,6.165,1.0,30.0,179.0,92.0,90.0,60.0
FCTs_20020128_135028_KURIL_ISLANDS,2002-01-28,13:50:28.0,49.38,155.59,39.0,1.813e+18,6.106,218.0,36.0,92.0,35.0,54.0,88.0
FCTs_20020201_215520_PRIMOR'YE__RUSSIA,2002-02-01,21:55:20.0,45.464,136.719,358.0,7.684e+17,5.857,328.0,24.0,-24.0,80.0,80.0,-113.0
FCTs_20020203_071128_TURKEY,2002-02-03,07:11:28.0,38.57,31.27,7.0,8.302e+18,6.546,48.0,53.0,-135.0,287.0,55.0,-47.0
FCTs_20020205_132724_NEW_BRITAIN_REGION__P.N.G,2002-02-05,13:27:24.0,-5.34,151.25,50.0,1.063e+19,6.618,250.0,39.0,74.0,90.0,53.0,102.0
FCTs_20020219_003545_NEW_IRELAND_REGION__P.N.G,2002-02-19,00:35:45.0,-3.73,150.99,5.0,2.631e+18,6.213,129.0,75.0,-10.0,221.0,81.0,-165.0
FCTs_20020228_015048_NEW_BRITAIN_REGION__P.N.G,2002-02-28,01:50:48.0,-5.68,151.26,44.0,2.867e+18,6.238,203.0,25.0,99.0,12.0,65.0,86.0
FCTs_20020303_120819_HINDU_KUSH_REGION__AFGHANISTAN,2002-03-03,12:08:19.0,36.5,70.48,218.0,1.378e+20,7.36,284.0,26.0,86.0,109.0,64.0,92.0
FCTs_20020305_211609_MINDANAO__PHILIPPINES,2002-03-05,21:16:09.0,6.03,124.25,21.0,1.996e+20,7.467,306.0,31.0,60.0,160.0,64.0,107.0
FCTs_20020311_014620_SOUTHEAST_OF_HONSHU__JAPAN,2002-03-11,01:46:20.0,30.599,141.566,14.0,8.732e+17,5.894,166.0,26.0,74.0,4.0,66.0,97.0
FCTs_20020314_160831_ANDREANOF_ISLANDS__ALEUTIAN_IS,2002-03-14,16:08:31.0,51.531,-173.083,15.0,8.621e+17,5.89,261.0,27.0,100.0,70.0,64.0,85.0
FCTs_20020319_221414_BANDA_SEA,2002-03-19,22:14:14.0,-6.49,129.9,159.0,1.217e+18,5.99,324.0,29.0,-146.0,204.0,74.0,-65.0
FCTs_20020325_145633_HINDU_KUSH_REGION__AFGHANISTAN,2002-03-25,14:56:33.0,36.06,69.32,9.0,1.364e+18,6.023,345.0,45.0,48.0,218.0,58.0,124.0
FCTs_20020326_034548_SOUTHWESTERN_RYUKYU_ISL.__JAPAN,2002-03-26,03:45:48.0,23.35,124.09,14.0,1.029e+19,6.608,251.0,20.0,91.0,70.0,70.0,90.0
FCTs_20020328_045622_CHILE-BOLIVIA_BORDER_REGION,2002-03-28,04:56:22.0,-21.66,-68.33,124.0,8.597e+18,6.556,252.0,11.0,-26.0,8.0,85.0,-100.0
FCTs_20020331_065250_TAIWAN_REGION,2002-03-31,06:52:50.0,24.28,122.18,40.0,6.144e+19,7.126,292.0,32.0,124.0,73.0,64.0,71.0
FCTs_20020401_195932_NEAR_COAST_OF_CENTRAL_CHILE,2002-04-01,19:59:32.0,-29.67,-71.38,76.0,4.611e+18,6.376,259.0,31.0,-31.0,16.0,75.0,-117.0
FCTs_20020408_034855_WESTERN_INDIAN-ANTARCTIC_RIDGE,2002-04-08,03:48:55.0,-51.07,139.27,6.0,2.815e+18,6.233,268.0,88.0,163.0,359.0,73.0,2.0
FCTs_20020410_100921_VANUATU_ISLANDS,2002-04-10,10:09:21.0,-20.741,169.285,34.0,8.584e+17,5.889,321.0,36.0,122.0,103.0,60.0,69.0
FCTs_20020411_215656_VANUATU_ISLANDS,2002-04-11,21:56:56.0,-14.39,167.69,11.0,1.588e+18,6.067,353.0,40.0,112.0,145.0,53.0,73.0
FCTs_20020412_040023_HINDU_KUSH_REGION__AFGHANISTAN,2002-04-12,04:00:23.0,35.959,69.417,6.0,6.588e+17,5.813,344.0,37.0,40.0,220.0,67.0,120.0
FCTs_20020418_160836_NEAR_COAST_OF_NORTHERN_CHILE,2002-04-18,16:08:36.0,-27.53,-70.59,51.0,8.008e+18,6.536,228.0,27.0,114.0,22.0,65.0,78.0
FCTs_20020426_160607_MARIANA_ISLANDS,2002-04-26,16:06:07.0,13.09,144.62,67.0,4.136e+19,7.011,239.0,9.0,76.0,73.0,81.0,92.0
FCTs_20020508_052600_TONGA_ISLANDS,2002-05-08,05:26:00.0,-17.95,-174.57,138.0,2.861e+18,6.238,220.0,18.0,-59.0,8.0,74.0,-100.0
FCTs_20020508_194518_NEAR_EAST_COAST_OF_KAMCHATKA,2002-05-08,19:45:18.0,53.813,160.774,41.0,6.701e+17,5.817,194.0,36.0,79.0,28.0,55.0,98.0
FCTs_20020514_165610_MID-INDIAN_RIDGE,2002-05-14,16:56:10.0,-36.52,78.93,7.0,2.344e+18,6.18,49.0,89.0,3.0,319.0,87.0,179.0
FCTs_20020515_034605_TAIWAN,2002-05-15,03:46:05.0,24.64,121.92,8.0,2.089e+18,6.147,280.0,65.0,-24.0,21.0,68.0,-153.0
FCTs_20020523_155215_NEAR_COAST_OF_CENTRAL_CHILE,2002-05-23,15:52:15.0,-30.749,-71.197,47.0,1.047e+18,5.947,6.0,39.0,94.0,181.0,51.0,87.0
FCTs_20020526_001021_HALMAHERA__INDONESIA,2002-05-26,00:10:21.0,1.832,127.238,100.0,6.489e+17,5.808,353.0,18.0,28.0,237.0,82.0,106.0
FCTs_20020528_040422_CATAMARCA_PROVINCE__ARGENTINA,2002-05-28,04:04:22.0,-28.937,-66.797,14.0,1.216e+18,5.99,178.0,30.0,68.0,23.0,63.0,102.0
FCTs_20020528_164517_TAIWAN_REGION,2002-05-28,16:45:17.0,24.07,122.26,21.0,1.235e+18,5.994,293.0,24.0,123.0,77.0,70.0,76.0
FCTs_20020603_091500_BONIN_ISLANDS__JAPAN_REGION,2002-06-03,09:15:00.0,27.564,139.78,513.0,7.455e+17,5.848,97.0,25.0,-135.0,326.0,73.0,-71.0
FCTs_20020606_235348_ADMIRALTY_ISLANDS_REGION__P.N.G,2002-06-06,23:53:48.0,-0.88,148.33,12.0,3.129e+18,6.264,109.0,13.0,99.0,279.0,77.0,88.0
FCTs_20020610_224836_W._CAROLINE_ISLANDS__MICRONESIA,2002-06-10,22:48:36.0,10.98,140.69,14.0,1.502e+18,6.051,75.0,25.0,-109.0,276.0,67.0,-81.0
FCTs_20020613_012719_SOUTHEAST_INDIAN_RIDGE,2002-06-13,01:27:19.0,-47.8,99.75,13.0,7.652e+18,6.523,214.0,86.0,-175.0,124.0,85.0,-4.0
FCTs_20020616_000025_MINAHASSA_PENINSULA__SULAWESI,2002-06-16,00:00:25.0,0.495,119.901,18.0,7.823e+17,5.862,86.0,69.0,-139.0,339.0,53.0,-27.0
FCTs_20020616_024614_COSTA_RICA,2002-06-16,02:46:14.0,8.78,-83.99,17.0,3.661e+18,6.309,317.0,8.0,112.0,115.0,83.0,87.0
FCTs_20020616_183110_SOUTHERN_SUMATRA__INDONESIA,2002-06-16,18:31:10.0,-2.338,102.559,219.0,5.22e+17,5.745,251.0,22.0,43.0,120.0,75.0,107.0
FCTs_20020617_212622_SANTA_CRUZ_ISLANDS,2002-06-17,21:26:22.0,-12.59,166.38,49.0,1.801e+19,6.77,172.0,40.0,92.0,350.0,50.0,89.0
FCTs_20020618_135622_NEAR_COAST_OF_CENTRAL_CHILE,2002-06-18,13:56:22.0,-30.81,-71.12,54.0,6.693e+18,6.484,353.0,35.0,94.0,169.0,55.0,87.0
FCTs_20020622_025821_WESTERN_IRAN,2002-06-22,02:58:21.0,35.63,49.05,11.0,5.716e+18,6.438,272.0,43.0,69.0,119.0,50.0,108.0
FCTs_20020627_055035_SUNDA_STRAIT__INDONESIA,2002-06-27,05:50:35.0,-6.96,104.18,16.0,1.118e+19,6.632,292.0,43.0,76.0,130.0,48.0,102.0
FCTs_20020628_171930_E._RUSSIA-N.E._CHINA_BORDER_REG,2002-06-28,17:19:30.0,43.75,130.67,586.0,1.128e+20,7.302,25.0,13.0,106.0,188.0,78.0,86.0
FCTs_20020629_023900_SANTA_CRUZ_ISLANDS,2002-06-29,02:39:00.0,-12.4,166.52,52.0,2.309e+18,6.176,186.0,40.0,94.0,2.0,50.0,87.0
FCTs_20020630_212936_SOUTH_OF_FIJI_ISLANDS,2002-06-30,21:29:36.0,-22.2,179.25,642.0,4.654e+18,6.379,95.0,44.0,-152.0,344.0,71.0,-49.0
FCTs_20020703_230018_EASTERN_NEW_GUINEA_REG.__P.N.G,2002-07-03,23:00:18.0,-5.03,147.34,9.0,2.036e+18,6.139,269.0,73.0,12.0,175.0,79.0,163.0
FCTs_20020709_184035_OFF_COAST_OF_OREGON,2002-07-09,18:40:35.0,43.519,-127.169,9.0,4.553e+17,5.706,110.0,63.0,173.0,203.0,84.0,27.0
FCTs_20020713_200627_PAKISTAN,2002-07-13,20:06:27.0,30.797,69.979,16.0,2.869e+17,5.572,270.0,67.0,-159.0,172.0,71.0,-25.0
FCTs_20020730_065507_SOUTH_SANDWICH_ISLANDS_REGION,2002-07-30,06:55:07.0,-57.89,-23.24,10.0,2.497e+18,6.198,12.0,34.0,-74.0,173.0,58.0,-100.0
FCTs_20020731_001644_SOUTH_OF_PANAMA,2002-07-31,00:16:44.0,7.93,-82.79,21.0,6.219e+18,6.462,167.0,75.0,165.0,261.0,75.0,15.0
FCTs_20020802_231139_SOUTHEAST_OF_HONSHU__JAPAN,2002-08-02,23:11:39.0,29.28,138.97,454.0,2.635e+18,6.214,75.0,25.0,-169.0,335.0,85.0,-65.0
FCTs_20020807_235914_SOUTH_OF_PANAMA,2002-08-07,23:59:14.0,7.851,-82.895,5.0,1.458e+18,6.043,81.0,85.0,18.0,349.0,73.0,175.0
FCTs_20020808_133958_NEAR_WEST_COAST_OF_COLOMBIA,2002-08-08,13:39:58.0,4.98,-77.819,8.0,5.563e+17,5.764,259.0,46.0,-50.0,28.0,57.0,-124.0
FCTs_20020809_133105_FIJI_ISLANDS_REGION,2002-08-09,13:31:05.0,-16.31,-176.17,387.0,1.495e+18,6.05,17.0,65.0,-143.0,269.0,57.0,-30.0
FCTs_20020812_025924_VANUATU_ISLANDS,2002-08-12,02:59:24.0,-19.506,169.036,122.0,8.658e+17,5.892,329.0,19.0,82.0,158.0,71.0,93.0
FCTs_20020813_060537_SUNDA_STRAIT__INDONESIA,2002-08-13,06:05:37.0,-6.998,104.016,7.0,1.063e+18,5.951,313.0,57.0,166.0,51.0,79.0,34.0
FCTs_20020813_083722_OWEN_FRACTURE_ZONE_REGION,2002-08-13,08:37:22.0,14.749,55.85,7.0,6.009e+17,5.786,275.0,31.0,-77.0,79.0,60.0,-98.0
FCTs_20020814_131239_W._CAROLINE_ISLANDS__MICRONESIA,2002-08-14,13:12:39.0,7.83,136.88,17.0,3.349e+18,6.283,249.0,37.0,100.0,56.0,54.0,82.0
FCTs_20020814_135752_MARIANA_ISLANDS,2002-08-14,13:57:52.0,14.1,146.2,39.0,6.632e+18,6.481,314.0,31.0,152.0,69.0,76.0,62.0
FCTs_20020815_053026_SULAWESI__INDONESIA,2002-08-15,05:30:26.0,-1.2,121.33,10.0,2.398e+18,6.187,211.0,47.0,109.0,4.0,46.0,70.0
FCTs_20020819_110101_FIJI_ISLANDS_REGION,2002-08-19,11:01:01.0,-21.7,-179.51,645.0,3.141e+20,7.598,160.0,21.0,-134.0,27.0,75.0,-75.0
FCTs_20020820_105932_SOUTHEAST_OF_HONSHU__JAPAN,2002-08-20,10:59:32.0,30.99,141.97,12.0,2.767e+18,6.228,161.0,21.0,71.0,1.0,70.0,97.0
FCTs_20020824_184053_KURIL_ISLANDS,2002-08-24,18:40:53.0,43.11,146.12,36.0,1.726e+18,6.091,236.0,31.0,114.0,28.0,62.0,76.0
FCTs_20020826_145513_SUNDA_STRAIT__INDONESIA,2002-08-26,14:55:13.0,-6.75,105.705,40.0,4.342e+17,5.692,292.0,35.0,95.0,106.0,55.0,86.0
FCTs_20020901_171459_EASTERN_GULF_OF_ADEN,2002-09-01,17:14:59.0,14.284,51.945,7.0,1.155e+18,5.975,116.0,80.0,-5.0,207.0,85.0,-169.0
FCTs_20020908_184423_NEAR_N_COAST_OF_NEW_GUINEA__PNG,2002-09-08,18:44:23.0,-3.3,142.95,12.0,1.853e+20,7.445,96.0,45.0,23.0,350.0,74.0,133.0
FCTs_20020913_222829_ANDAMAN_ISLANDS__INDIA_REGION,2002-09-13,22:28:29.0,13.04,93.07,24.0,6.421e+18,6.472,198.0,31.0,118.0,346.0,63.0,74.0
FCTs_20020914_195836_ANDAMAN_ISLANDS__INDIA_REGION,2002-09-14,19:58:36.0,13.055,93.157,16.0,7.055e+17,5.832,191.0,44.0,109.0,346.0,49.0,73.0
FCTs_20020915_083932_NORTHEASTERN_CHINA,2002-09-15,08:39:32.0,44.83,129.92,593.0,4.386e+18,6.361,102.0,18.0,169.0,202.0,87.0,72.0
FCTs_20020916_132300_NEAR_N_COAST_OF_NEW_GUINEA__PNG,2002-09-16,13:23:00.0,-3.31,142.68,6.0,2.561e+18,6.206,167.0,29.0,-154.0,53.0,78.0,-64.0
FCTs_20020916_184826_ICELAND_REGION,2002-09-16,18:48:26.0,66.938,-18.456,6.0,6.21e+17,5.795,209.0,67.0,-7.0,302.0,83.0,-157.0
FCTs_20020917_112023_NEAR_N_COAST_OF_NEW_GUINEA__PNG,2002-09-17,11:20:23.0,-3.284,142.769,6.0,2.484e+18,6.197,155.0,46.0,-169.0,58.0,82.0,-45.0
FCTs_20020920_154335_IRIAN_JAYA_REGION__INDONESIA,2002-09-20,15:43:35.0,-1.68,134.23,8.0,6.532e+18,6.477,58.0,73.0,-40.0,161.0,52.0,-159.0
FCTs_20020924_035722_SAN_JUAN_PROVINCE__ARGENTINA,2002-09-24,03:57:22.0,-31.52,-69.2,111.0,4.027e+18,6.337,34.0,39.0,-86.0,209.0,51.0,-93.0
FCTs_20020924_225421_SOLOMON_ISLANDS,2002-09-24,22:54:21.0,-10.56,161.11,13.0,3.911e+18,6.328,313.0,24.0,59.0,166.0,69.0,103.0
FCTs_20021003_042606_SOLOMON_ISLANDS,2002-10-03,04:26:06.0,-10.986,161.45,14.0,8.227e+17,5.877,296.0,22.0,82.0,125.0,68.0,93.0
FCTs_20021003_160829_GULF_OF_CALIFORNIA,2002-10-03,16:08:29.0,23.32,-108.53,18.0,6.334e+18,6.468,215.0,82.0,1.0,125.0,89.0,172.0
FCTs_20021004_190548_FIJI_ISLANDS_REGION,2002-10-04,19:05:48.0,-20.99,-179.02,654.0,3.248e+18,6.274,197.0,24.0,-119.0,48.0,69.0,-78.0
FCTs_20021006_154633_SUMBAWA_REGION__INDONESIA,2002-10-06,15:46:33.0,-8.2,118.34,17.0,2.561e+18,6.206,81.0,26.0,98.0,252.0,64.0,86.0
FCTs_20021010_105020_IRIAN_JAYA_REGION__INDONESIA,2002-10-10,10:50:20.0,-1.76,134.3,19.0,7.841e+20,7.863,59.0,83.0,-7.0,150.0,83.0,-173.0
FCTs_20021012_200911_WESTERN_BRAZIL,2002-10-12,20:09:11.0,-8.3,-71.74,534.0,2.65e+19,6.882,355.0,40.0,-72.0,152.0,52.0,-105.0
FCTs_20021013_205507_SAMOA_ISLANDS_REGION,2002-10-13,20:55:07.0,-14.6,-175.42,6.0,1.108e+18,5.963,1.0,70.0,-175.0,269.0,86.0,-20.0
FCTs_20021014_141243_HOKKAIDO__JAPAN_REGION,2002-10-14,14:12:43.0,41.17,142.25,42.0,1.347e+18,6.019,185.0,23.0,71.0,25.0,68.0,98.0
FCTs_20021016_101221_NEAR_EAST_COAST_OF_KAMCHATKA,2002-10-16,10:12:21.0,51.95,157.32,114.0,2.401e+18,6.187,126.0,13.0,-172.0,28.0,88.0,-78.0
FCTs_20021017_042355_FIJI_ISLANDS_REGION,2002-10-17,04:23:55.0,-19.84,-178.4,632.0,2.347e+18,6.18,324.0,14.0,27.0,208.0,84.0,103.0
FCTs_20021017_175244_IRIAN_JAYA__INDONESIA,2002-10-17,17:52:44.0,-3.6,140.23,32.0,3.928e+18,6.329,104.0,28.0,78.0,298.0,63.0,96.0
FCTs_20021019_120905_KURIL_ISLANDS,2002-10-19,12:09:05.0,44.3,149.96,23.0,3.896e+18,6.327,229.0,19.0,93.0,47.0,71.0,89.0
FCTs_20021022_113904_FIJI_ISLANDS_REGION,2002-10-22,11:39:04.0,-20.63,-178.39,576.0,1.956e+18,6.128,289.0,17.0,-50.0,68.0,77.0,-101.0
FCTs_20021023_112719_CENTRAL_ALASKA,2002-10-23,11:27:19.0,63.51,-147.91,11.0,1.22e+19,6.657,262.0,77.0,172.0,354.0,82.0,13.0
FCTs_20021024_060837_LAKE_TANGANYIKA_REGION,2002-10-24,06:08:37.0,-1.88,29.0,11.0,2.132e+18,6.153,18.0,40.0,-91.0,200.0,50.0,-89.0
FCTs_20021031_013516_BISMARCK_SEA,2002-10-31,01:35:16.0,-3.44,148.64,8.0,1.433e+18,6.038,105.0,83.0,-28.0,199.0,62.0,-172.0
FCTs_20021102_012610_NORTHERN_SUMATRA__INDONESIA,2002-11-02,01:26:10.0,2.82,96.08,16.0,1.214e+20,7.323,304.0,17.0,87.0,127.0,73.0,91.0
FCTs_20021102_094646_NORTHERN_SUMATRA__INDONESIA,2002-11-02,09:46:46.0,2.95,96.39,33.0,2.814e+18,6.233,311.0,16.0,65.0,156.0,76.0,97.0
FCTs_20021103_033742_NEAR_EAST_COAST_OF_HONSHU__JAPAN,2002-11-03,03:37:42.0,38.89,141.98,45.0,5.647e+18,6.435,204.0,22.0,87.0,28.0,68.0,91.0
FCTs_20021103_221241_CENTRAL_ALASKA,2002-11-03,22:12:41.0,63.52,-147.44,19.0,1.053e+21,7.948,26.0,86.0,-40.0,120.0,50.0,-174.0
FCTs_20021107_151406_RAT_ISLANDS__ALEUTIAN_ISLANDS,2002-11-07,15:14:06.0,51.2,179.33,19.0,1.215e+19,6.656,270.0,27.0,114.0,63.0,66.0,78.0
FCTs_20021112_014648_SOUTH_SANDWICH_ISLANDS_REGION,2002-11-12,01:46:48.0,-56.55,-27.54,116.0,2.934e+18,6.245,153.0,36.0,102.0,319.0,55.0,82.0
FCTs_20021115_195831_SOUTH_GEORGIA_ISLAND_REGION,2002-11-15,19:58:31.0,-56.05,-36.4,31.0,5.105e+18,6.405,270.0,42.0,60.0,128.0,55.0,114.0
FCTs_20021117_045353_NORTHWEST_OF_KURIL_ISLANDS,2002-11-17,04:53:53.0,47.82,146.21,485.0,1.024e+20,7.273,310.0,12.0,25.0,195.0,85.0,101.0
FCTs_20021120_213230_NORTHWESTERN_KASHMIR,2002-11-20,21:32:30.0,35.41,74.51,6.0,3.082e+18,6.259,209.0,42.0,-107.0,51.0,51.0,-76.0
FCTs_20021126_004815_ANDREANOF_ISLANDS__ALEUTIAN_IS,2002-11-26,00:48:15.0,51.47,-173.54,18.0,2.121e+18,6.151,245.0,24.0,96.0,58.0,66.0,87.0
FCTs_20021127_164317_VANUATU_ISLANDS,2002-11-27,16:43:17.0,-14.49,167.827,11.0,6.944e+17,5.828,164.0,38.0,97.0,335.0,53.0,85.0
FCTs_20021212_083042_NEW_IRELAND_REGION__P.N.G,2002-12-12,08:30:42.0,-4.79,153.27,35.0,1.106e+19,6.629,331.0,42.0,54.0,194.0,57.0,117.0
FCTs_20021217_043253_SOUTH_SANDWICH_ISLANDS_REGION,2002-12-17,04:32:53.0,-56.95,-24.83,12.0,4.901e+18,6.394,149.0,21.0,89.0,331.0,69.0,90.0
FCTs_20021218_141221_SOUTH_SANDWICH_ISLANDS_REGION,2002-12-18,14:12:21.0,-57.09,-24.98,13.0,2.136e+18,6.153,168.0,26.0,93.0,345.0,65.0,89.0
FCTs_20021220_141442_BISMARCK_SEA,2002-12-20,14:14:42.0,-3.08,147.94,7.0,3.657e+18,6.309,107.0,69.0,-8.0,200.0,83.0,-159.0
FCTs_20021230_044908_MINDANAO__PHILIPPINES,2002-12-30,04:49:08.0,7.47,123.41,10.0,4.198e+18,6.349,211.0,72.0,167.0,305.0,78.0,19.0
FCTs_20030104_051503_FIJI_ISLANDS_REGION,2003-01-04,05:15:03.0,-20.57,-177.66,395.0,6.047e+18,6.454,199.0,22.0,-100.0,30.0,69.0,-86.0
FCTs_20030106_234350_LUZON__PHILIPPINES,2003-01-06,23:43:50.0,15.651,119.658,9.0,1.373e+18,6.025,21.0,19.0,95.0,195.0,71.0,88.0
FCTs_20030110_131156_NEW_IRELAND_REGION__P.N.G,2003-01-10,13:11:56.0,-5.31,153.7,42.0,1.248e+19,6.664,322.0,45.0,93.0,138.0,45.0,87.0
FCTs_20030120_084306_SOLOMON_ISLANDS,2003-01-20,08:43:06.0,-10.49,160.77,32.0,9.419e+19,7.249,300.0,43.0,53.0,166.0,57.0,120.0
FCTs_20030121_024647_NEAR_COAST_OF_GUATEMALA,2003-01-21,02:46:47.0,13.63,-90.77,36.0,5.756e+18,6.44,299.0,40.0,86.0,124.0,50.0,93.0
FCTs_20030122_020634_NEAR_COAST_OF_JALISCO__MEXICO,2003-01-22,02:06:34.0,18.77,-104.1,33.0,1.414e+20,7.367,298.0,22.0,90.0,118.0,68.0,90.0
FCTs_20030127_052623_TURKEY,2003-01-27,05:26:23.0,39.5,39.88,6.0,1.861e+18,6.113,58.0,79.0,-17.0,151.0,74.0,-168.0
FCTs_20030127_175625_PRINCE_EDWARD_ISLANDS_REGION,2003-01-27,17:56:25.0,-46.05,35.06,12.0,7.911e+18,6.532,106.0,85.0,-7.0,197.0,83.0,-175.0
FCTs_20030210_044931_NEW_BRITAIN_REGION__P.N.G,2003-02-10,04:49:31.0,-6.01,149.79,44.0,2.76e+18,6.227,267.0,36.0,90.0,86.0,54.0,90.0
FCTs_20030212_223330_NEAR_N_COAST_OF_NEW_GUINEA__PNG,2003-02-12,22:33:30.0,-3.65,144.24,13.0,1.907e+18,6.12,96.0,45.0,66.0,308.0,49.0,112.0
FCTs_20030215_110159_SAMAR__PHILIPPINES,2003-02-15,11:01:59.0,12.17,124.08,10.0,3.474e+18,6.294,235.0,82.0,-174.0,144.0,84.0,-8.0
FCTs_20030219_033236_UNIMAK_ISLAND_REGION__ALASKA,2003-02-19,03:32:36.0,53.65,-164.64,30.0,8.438e+18,6.551,256.0,26.0,105.0,60.0,64.0,83.0
FCTs_20030301_061247_IRIAN_JAYA_REGION__INDONESIA,2003-03-01,06:12:47.0,-1.699,134.313,19.0,8.504e+17,5.886,6.0,89.0,-160.0,275.0,70.0,-1.0
FCTs_20030302_164256_SOUTHERN_MID-ATLANTIC_RIDGE,2003-03-02,16:42:56.0,-36.96,-20.88,12.0,1.08e+18,5.956,275.0,37.0,-116.0,126.0,57.0,-72.0
FCTs_20030309_103623_BANDA_SEA,2003-03-09,10:36:23.0,-6.82,130.985,66.0,8.465e+17,5.885,82.0,67.0,28.0,340.0,65.0,154.0
FCTs_20030310_020937_HALMAHERA__INDONESIA,2003-03-10,02:09:37.0,1.69,127.3,97.0,4.373e+18,6.361,6.0,20.0,51.0,226.0,75.0,103.0
FCTs_20030311_072732_NEW_IRELAND_REGION__P.N.G,2003-03-11,07:27:32.0,-4.69,153.24,41.0,1.823e+19,6.774,335.0,44.0,42.0,212.0,62.0,126.0
FCTs_20030312_234132_GULF_OF_CALIFORNIA,2003-03-12,23:41:32.0,26.56,-110.59,15.0,4.2e+18,6.349,222.0,83.0,9.0,131.0,81.0,173.0
FCTs_20030314_070613_IRIAN_JAYA_REGION__INDONESIA,2003-03-14,07:06:13.0,-0.41,132.95,21.0,2.667e+18,6.217,305.0,42.0,87.0,129.0,48.0,93.0
FCTs_20030314_125412_TONGA_ISLANDS,2003-03-14,12:54:12.0,-17.42,-175.18,283.0,4.027e+18,6.337,284.0,23.0,-10.0,23.0,86.0,-113.0
FCTs_20030315_194128_OFF_EAST_COAST_OF_KAMCHATKA,2003-03-15,19:41:28.0,52.25,160.39,35.0,1.269e+18,6.002,252.0,19.0,118.0,42.0,73.0,80.0
FCTs_20030317_163617_RAT_ISLANDS__ALEUTIAN_ISLANDS,2003-03-17,16:36:17.0,51.27,177.98,24.0,4.463e+19,7.033,293.0,24.0,138.0,62.0,74.0,72.0
FCTs_20030319_000342_SOLOMON_ISLANDS,2003-03-19,00:03:42.0,-9.39,156.59,5.0,1.471e+18,6.045,71.0,82.0,1.0,341.0,89.0,172.0
FCTs_20030325_025325_FLORES_REGION__INDONESIA,2003-03-25,02:53:25.0,-8.29,120.74,42.0,3.326e+18,6.281,190.0,29.0,-168.0,90.0,84.0,-62.0
FCTs_20030328_173147_TONGA_ISLANDS,2003-03-28,17:31:47.0,-15.32,-173.51,50.0,1.604e+18,6.07,191.0,25.0,166.0,293.0,84.0,65.0
FCTs_20030329_114648_HINDU_KUSH_REGION__AFGHANISTAN,2003-03-29,11:46:48.0,35.976,70.585,103.0,7.521e+17,5.851,56.0,58.0,136.0,172.0,54.0,40.0
FCTs_20030330_181334_SERAM__INDONESIA,2003-03-30,18:13:34.0,-3.17,127.54,9.0,3.13e+18,6.264,101.0,78.0,-28.0,197.0,63.0,-166.0
FCTs_20030417_004838_QINGHAI__CHINA,2003-04-17,00:48:38.0,37.53,96.48,12.0,3.587e+18,6.303,282.0,36.0,72.0,124.0,56.0,103.0
FCTs_20030424_105621_KURIL_ISLANDS,2003-04-24,10:56:21.0,48.76,154.99,39.0,1.578e+18,6.065,213.0,36.0,87.0,36.0,55.0,92.0
FCTs_20030427_160340_VANUATU_ISLANDS,2003-04-27,16:03:40.0,-20.94,169.77,84.0,2.68e+18,6.219,104.0,60.0,-33.0,212.0,62.0,-145.0
FCTs_20030427_225744_WESTERN_BRAZIL,2003-04-27,22:57:44.0,-8.195,-71.592,570.0,7.747e+17,5.859,152.0,44.0,-99.0,344.0,47.0,-81.0
FCTs_20030429_104436_SOUTHWEST_OF_SUMATRA__INDONESIA,2003-04-29,10:44:36.0,-7.02,103.683,16.0,5.79e+17,5.775,118.0,36.0,90.0,298.0,54.0,90.0
FCTs_20030429_135317_KURIL_ISLANDS,2003-04-29,13:53:17.0,43.706,147.805,59.0,7.64e+17,5.855,180.0,29.0,28.0,65.0,77.0,116.0
FCTs_20030501_002704_TURKEY,2003-05-01,00:27:04.0,39.01,40.46,15.0,3.872e+18,6.325,59.0,83.0,7.0,329.0,83.0,173.0
FCTs_20030503_050303_TONGA_ISLANDS,2003-05-03,05:03:03.0,-15.14,-173.75,44.0,1.424e+18,6.036,344.0,5.0,-33.0,107.0,88.0,-94.0
FCTs_20030504_131518_KERMADEC_ISLANDS__NEW_ZEALAND,2003-05-04,13:15:18.0,-30.53,-178.23,41.0,1.449e+19,6.707,205.0,36.0,96.0,17.0,54.0,85.0
FCTs_20030504_200846_KERMADEC_ISLANDS__NEW_ZEALAND,2003-05-04,20:08:46.0,-30.59,-178.29,46.0,5.128e+18,6.407,206.0,36.0,96.0,18.0,55.0,85.0
FCTs_20030505_155008_HALMAHERA__INDONESIA,2003-05-05,15:50:08.0,0.22,127.35,124.0,4.369e+18,6.36,218.0,85.0,-153.0,125.0,63.0,-5.0
FCTs_20030505_230445_TALAUD_ISLANDS__INDONESIA,2003-05-05,23:04:45.0,3.71,127.95,50.0,1.75e+18,6.095,17.0,43.0,116.0,163.0,52.0,67.0
FCTs_20030508_202208_NEW_IRELAND_REGION__P.N.G,2003-05-08,20:22:08.0,-3.449,150.825,9.0,7.84e+17,5.863,123.0,81.0,-14.0,215.0,76.0,-171.0
FCTs_20030509_202615_PRINCE_EDWARD_ISLANDS_REGION,2003-05-09,20:26:15.0,-48.21,32.27,13.0,3.204e+18,6.27,25.0,75.0,-164.0,291.0,74.0,-16.0
FCTs_20030511_175135_SOUTHERN_MOLUCCA_SEA,2003-05-11,17:51:35.0,-0.99,126.94,21.0,1.328e+18,6.015,36.0,16.0,122.0,183.0,76.0,81.0
FCTs_20030513_212114_VANUATU_ISLANDS,2003-05-13,21:21:14.0,-17.29,167.74,40.0,3.383e+18,6.286,121.0,40.0,89.0,302.0,51.0,91.0
FCTs_20030514_060335_NORTH_ATLANTIC_OCEAN,2003-05-14,06:03:35.0,18.27,-58.63,42.0,8.706e+18,6.56,216.0,66.0,34.0,111.0,59.0,152.0
FCTs_20030519_104322_FIJI_ISLANDS_REGION,2003-05-19,10:43:22.0,-18.044,-178.67,588.0,1.059e+18,5.95,304.0,31.0,71.0,146.0,61.0,101.0
FCTs_20030519_162710_OFF_COAST_OF_JALISCO__MEXICO,2003-05-19,16:27:10.0,17.55,-105.47,12.0,1.467e+18,6.044,129.0,88.0,-174.0,38.0,84.0,-2.0
FCTs_20030521_184420_NORTHERN_ALGERIA,2003-05-21,18:44:20.0,36.96,3.63,12.0,2.298e+19,6.841,82.0,33.0,102.0,248.0,58.0,82.0
FCTs_20030526_092433_NEAR_EAST_COAST_OF_HONSHU__JAPAN,2003-05-26,09:24:33.0,38.85,141.57,73.0,3.843e+19,6.99,341.0,18.0,63.0,189.0,74.0,99.0
FCTs_20030526_192327_HALMAHERA__INDONESIA,2003-05-26,19:23:27.0,2.35,128.85,50.0,2.497e+19,6.865,335.0,29.0,66.0,182.0,63.0,103.0
FCTs_20030526_231329_MINDANAO__PHILIPPINES,2003-05-26,23:13:29.0,6.76,123.71,596.0,2.202e+19,6.829,228.0,25.0,-16.0,332.0,84.0,-114.0
FCTs_20030527_171128_NORTHERN_ALGERIA,2003-05-27,17:11:28.0,36.939,3.578,8.0,4.324e+17,5.691,52.0,34.0,74.0,251.0,58.0,100.0
FCTs_20030528_161518_MAURITIUS_-_REUNION_REGION,2003-05-28,16:15:18.0,-17.65,66.12,9.0,2.826e+18,6.234,58.0,76.0,8.0,326.0,82.0,165.0
FCTs_20030607_003245_NEW_BRITAIN_REGION__P.N.G,2003-06-07,00:32:45.0,-5.09,152.5,25.0,9.511e+18,6.585,260.0,27.0,88.0,83.0,63.0,91.0
FCTs_20030609_015251_TAIWAN_REGION,2003-06-09,01:52:51.0,24.413,122.02,38.0,6.635e+17,5.815,201.0,28.0,104.0,5.0,63.0,83.0
FCTs_20030612_085920_SOLOMON_ISLANDS,2003-06-12,08:59:20.0,-5.99,154.76,178.0,3.162e+18,6.267,156.0,16.0,-144.0,31.0,81.0,-77.0
FCTs_20030615_192433_RAT_ISLANDS__ALEUTIAN_ISLANDS,2003-06-15,19:24:33.0,51.55,176.92,25.0,9.285e+18,6.579,295.0,26.0,141.0,61.0,74.0,69.0
FCTs_20030616_220802_KAMCHATKA_PENINSULA__RUSSIA,2003-06-16,22:08:02.0,55.49,160.0,183.0,2.696e+19,6.887,154.0,25.0,-139.0,26.0,74.0,-70.0
FCTs_20030620_061938_WESTERN_BRAZIL,2003-06-20,06:19:38.0,-7.61,-71.72,562.0,4.699e+19,7.048,141.0,47.0,-111.0,350.0,47.0,-69.0
FCTs_20030620_133041_NEAR_COAST_OF_CENTRAL_CHILE,2003-06-20,13:30:41.0,-30.61,-71.64,33.0,2.192e+19,6.827,359.0,32.0,98.0,170.0,58.0,85.0
FCTs_20030621_073434_BANDA_SEA,2003-06-21,07:34:34.0,-7.56,127.856,170.0,8.424e+17,5.884,79.0,58.0,53.0,314.0,47.0,134.0
FCTs_20030623_121234_RAT_ISLANDS__ALEUTIAN_ISLANDS,2003-06-23,12:12:34.0,51.44,176.78,20.0,3.733e+19,6.981,279.0,22.0,123.0,64.0,72.0,78.0
FCTs_20030626_141144_LUZON__PHILIPPINES,2003-06-26,14:11:44.0,12.253,123.85,11.0,1.015e+18,5.938,141.0,79.0,-8.0,232.0,82.0,-169.0
FCTs_20030628_152942_BISMARCK_SEA,2003-06-28,15:29:42.0,-3.33,146.15,10.0,3.615e+18,6.305,272.0,73.0,8.0,179.0,82.0,163.0
FCTs_20030701_055225_CELEBES_SEA,2003-07-01,05:52:25.0,4.529,122.511,615.0,1.189e+18,5.983,237.0,10.0,-38.0,5.0,84.0,-98.0
FCTs_20030702_235226_HOKKAIDO__JAPAN_REGION,2003-07-02,23:52:26.0,42.323,144.842,25.0,6.177e+17,5.794,245.0,23.0,126.0,27.0,71.0,76.0
FCTs_20030703_062150_TONGA_ISLANDS,2003-07-03,06:21:50.0,-21.278,-174.522,16.0,1.019e+18,5.939,199.0,24.0,94.0,14.0,66.0,88.0
FCTs_20030704_003350_NEW_BRITAIN_REGION__P.N.G,2003-07-04,00:33:50.0,-5.47,151.69,29.0,9.202e+17,5.909,264.0,27.0,93.0,81.0,63.0,89.0
FCTs_20030707_065543_XIZANG,2003-07-07,06:55:43.0,34.606,89.475,6.0,4.387e+17,5.695,51.0,57.0,-25.0,156.0,69.0,-144.0
FCTs_20030710_170637_SOUTHERN_IRAN,2003-07-10,17:06:37.0,28.355,54.169,7.0,5.445e+17,5.757,284.0,44.0,115.0,71.0,51.0,68.0
FCTs_20030711_135324_NEGROS__PHILIPPINES,2003-07-11,13:53:24.0,9.337,122.044,17.0,5.492e+17,5.76,143.0,49.0,43.0,21.0,59.0,130.0
FCTs_20030712_230138_QUEEN_CHARLOTTE_ISLANDS_REGION,2003-07-12,23:01:38.0,54.65,-134.47,19.0,9.418e+17,5.916,60.0,84.0,43.0,324.0,48.0,172.0
FCTs_20030715_184638_NEW_IRELAND_REGION__P.N.G,2003-07-15,18:46:38.0,-3.83,152.17,9.0,1.003e+19,6.601,40.0,81.0,-174.0,309.0,84.0,-9.0
FCTs_20030715_202750_CARLSBERG_RIDGE,2003-07-15,20:27:50.0,-2.6,68.38,15.0,2.851e+20,7.57,126.0,69.0,-12.0,220.0,79.0,-158.0
FCTs_20030721_135358_NEW_BRITAIN_REGION__P.N.G,2003-07-21,13:53:58.0,-5.48,148.85,190.0,5.264e+18,6.414,48.0,43.0,-71.0,204.0,50.0,-107.0
FCTs_20030725_093745_NEW_IRELAND_REGION__P.N.G,2003-07-25,09:37:45.0,-1.53,149.69,30.0,5.68e+18,6.436,67.0,42.0,55.0,291.0,57.0,117.0
FCTs_20030725_221329_NEAR_EAST_COAST_OF_HONSHU__JAPAN,2003-07-25,22:13:29.0,38.42,141.0,6.0,1.443e+18,6.039,192.0,42.0,111.0,345.0,51.0,72.0
FCTs_20030727_020411_FIJI_ISLANDS_REGION,2003-07-27,02:04:11.0,-21.08,-176.59,221.0,9.855e+18,6.596,277.0,22.0,-20.0,26.0,83.0,-111.0
FCTs_20030727_062531_PRIMOR'YE__RUSSIA,2003-07-27,06:25:31.0,47.15,139.25,482.0,1.471e+19,6.712,62.0,43.0,153.0,172.0,72.0,51.0
FCTs_20030727_114127_SOUTHERN_BOLIVIA,2003-07-27,11:41:27.0,-20.134,-65.185,339.0,1.179e+18,5.981,139.0,12.0,-104.0,333.0,78.0,-87.0
FCTs_20030804_043720_SCOTIA_SEA,2003-08-04,04:37:20.0,-60.53,-43.41,18.0,1.882e+20,7.45,104.0,45.0,-16.0,205.0,79.0,-134.0
FCTs_20030811_212230_ANDAMAN_ISLANDS__INDIA_REGION,2003-08-11,21:22:30.0,12.124,93.53,86.0,1.748e+18,6.095,161.0,73.0,140.0,265.0,52.0,22.0
FCTs_20030821_040209_SOUTHERN_IRAN,2003-08-21,04:02:09.0,29.053,59.773,16.0,8.191e+17,5.876,279.0,71.0,25.0,180.0,67.0,159.0
FCTs_20030821_121249_SOUTH_ISLAND__NEW_ZEALAND,2003-08-21,12:12:49.0,-45.1,167.14,21.0,8.745e+19,7.228,48.0,24.0,111.0,205.0,67.0,81.0
FCTs_20030825_062835_GUATEMALA,2003-08-25,06:28:35.0,14.034,-91.069,55.0,1.282e+18,6.005,135.0,36.0,-87.0,311.0,54.0,-92.0
FCTs_20030830_000539_VANUATU_ISLANDS,2003-08-30,00:05:39.0,-14.796,167.238,143.0,1.146e+18,5.973,189.0,67.0,133.0,302.0,48.0,32.0
FCTs_20030831_230800_PRIMOR'YE__RUSSIA,2003-08-31,23:08:00.0,43.39,132.27,505.0,1.726e+18,6.091,80.0,46.0,-176.0,347.0,87.0,-44.0
FCTs_20030901_151307_LUZON__PHILIPPINES,2003-09-01,15:13:07.0,12.154,122.318,9.0,7.425e+17,5.847,313.0,79.0,19.0,219.0,72.0,169.0
FCTs_20030902_182800_TONGA_ISLANDS,2003-09-02,18:28:00.0,-15.23,-173.22,27.0,3.711e+18,6.313,178.0,31.0,140.0,304.0,70.0,65.0
FCTs_20030905_012301_NORTHERN_SUMATRA__INDONESIA,2003-09-05,01:23:01.0,5.316,95.9,126.0,6.173e+17,5.794,269.0,40.0,170.0,7.0,84.0,50.0
FCTs_20030907_131920_SOUTHEAST_OF_LOYALTY_ISLANDS,2003-09-07,13:19:20.0,-22.47,172.12,6.0,5.266e+18,6.414,252.0,62.0,-20.0,352.0,72.0,-150.0
FCTs_20030908_062632_JAVA__INDONESIA,2003-09-08,06:26:32.0,-8.55,110.189,43.0,7.334e+17,5.844,269.0,29.0,122.0,54.0,66.0,74.0
FCTs_20030911_215825_SOLOMON_ISLANDS,2003-09-11,21:58:25.0,-8.205,156.159,6.0,1.422e+18,6.035,284.0,79.0,-19.0,18.0,71.0,-168.0
FCTs_20030912_065555_NEW_BRITAIN_REGION__P.N.G,2003-09-12,06:55:55.0,-5.273,151.502,53.0,1.221e+18,5.991,249.0,42.0,62.0,105.0,54.0,113.0
FCTs_20030917_213447_CHILE-BOLIVIA_BORDER_REGION,2003-09-17,21:34:47.0,-21.467,-68.325,121.0,4.105e+17,5.676,180.0,27.0,-108.0,19.0,65.0,-81.0
FCTs_20030921_181613_MYANMAR,2003-09-21,18:16:13.0,19.92,95.67,8.0,1.12e+19,6.633,277.0,80.0,-9.0,8.0,81.0,-170.0
FCTs_20030922_044536_DOMINICAN_REPUBLIC_REGION,2003-09-22,04:45:36.0,19.78,-70.67,17.0,5.584e+18,6.431,113.0,11.0,83.0,301.0,79.0,91.0
FCTs_20030925_195006_HOKKAIDO__JAPAN_REGION,2003-09-25,19:50:06.0,41.81,143.91,41.0,1.562e+21,8.062,257.0,24.0,137.0,28.0,74.0,72.0
FCTs_20030926_203822_HOKKAIDO__JAPAN_REGION,2003-09-26,20:38:22.0,41.988,144.576,24.0,1.612e+18,6.072,221.0,18.0,106.0,24.0,73.0,85.0
FCTs_20030927_113325_SOUTHWESTERN_SIBERIA__RUSSIA,2003-09-27,11:33:25.0,50.04,87.81,14.0,8.172e+19,7.208,226.0,74.0,13.0,132.0,78.0,163.0
FCTs_20030927_185246_SOUTHWESTERN_SIBERIA__RUSSIA,2003-09-27,18:52:46.0,50.09,87.76,14.0,4.262e+18,6.353,217.0,72.0,31.0,116.0,61.0,159.0
FCTs_20030929_023653_HOKKAIDO__JAPAN_REGION,2003-09-29,02:36:53.0,42.45,144.38,32.0,5.201e+18,6.411,242.0,21.0,114.0,37.0,71.0,81.0
FCTs_20030930_140837_KERMADEC_ISLANDS__NEW_ZEALAND,2003-09-30,14:08:37.0,-30.44,-177.4,13.0,3.734e+18,6.315,209.0,16.0,103.0,16.0,75.0,86.0
FCTs_20031001_010325_SOUTHWESTERN_SIBERIA__RUSSIA,2003-10-01,01:03:25.0,50.21,87.72,9.0,1.237e+19,6.662,220.0,87.0,11.0,130.0,79.0,176.0
FCTs_20031004_144902_BANDA_SEA,2003-10-04,14:49:02.0,-7.05,125.407,549.0,8.596e+17,5.89,204.0,32.0,-143.0,81.0,71.0,-63.0
FCTs_20031007_045528_SAMOA_ISLANDS_REGION,2003-10-07,04:55:28.0,-16.53,-170.19,7.0,1.442e+18,6.039,313.0,44.0,65.0,167.0,51.0,112.0
FCTs_20031008_090655_HOKKAIDO__JAPAN_REGION,2003-10-08,09:06:55.0,42.65,144.57,33.0,1.063e+19,6.618,257.0,26.0,131.0,34.0,70.0,72.0
FCTs_20031009_221913_PHILIPPINE_ISLANDS_REGION,2003-10-09,22:19:13.0,13.76,119.94,26.0,8.834e+17,5.897,339.0,23.0,84.0,165.0,67.0,92.0
FCTs_20031015_021943_FIJI_ISLANDS_REGION,2003-10-15,02:19:43.0,-17.822,-178.704,605.0,1.079e+18,5.955,55.0,34.0,-172.0,319.0,86.0,-56.0
FCTs_20031017_101906_SOLOMON_ISLANDS,2003-10-17,10:19:06.0,-5.47,154.15,129.0,6.128e+18,6.458,323.0,36.0,96.0,135.0,54.0,86.0
FCTs_20031022_114530_EASTERN_NEW_GUINEA_REG.__P.N.G,2003-10-22,11:45:30.0,-6.06,147.73,45.0,3.541e+18,6.299,292.0,38.0,82.0,121.0,53.0,96.0
FCTs_20031024_012657_NEAR_N_COAST_OF_NEW_GUINEA__PNG,2003-10-24,01:26:57.0,-3.471,145.395,4.0,1.063e+18,5.951,90.0,89.0,-18.0,181.0,72.0,-179.0
FCTs_20031025_124135_GANSU__CHINA,2003-10-25,12:41:35.0,38.4,100.951,14.0,4.284e+17,5.688,293.0,43.0,64.0,147.0,52.0,112.0
FCTs_20031028_023351_NEW_BRITAIN_REGION__P.N.G,2003-10-28,02:33:51.0,-5.376,151.509,47.0,1.257e+18,6.0,251.0,40.0,78.0,86.0,51.0,100.0
FCTs_20031028_214821_KURIL_ISLANDS,2003-10-28,21:48:21.0,43.844,147.75,74.0,5.895e+17,5.78,171.0,28.0,21.0,62.0,81.0,116.0
FCTs_20031031_010628_OFF_EAST_COAST_OF_HONSHU__JAPAN,2003-10-31,01:06:28.0,37.81,142.62,17.0,3.779e+19,6.985,194.0,13.0,78.0,26.0,77.0,93.0
FCTs_20031101_131007_OFF_EAST_COAST_OF_HONSHU__JAPAN,2003-11-01,13:10:07.0,37.742,143.083,11.0,1.412e+18,6.033,180.0,11.0,73.0,18.0,79.0,93.0
FCTs_20031102_053215_OFF_W._COAST_OF_S._ISLAND__N.Z,2003-11-02,05:32:15.0,-45.19,166.54,21.0,4.673e+18,6.38,37.0,32.0,117.0,185.0,62.0,74.0
FCTs_20031106_103804_VANUATU_ISLANDS,2003-11-06,10:38:04.0,-19.26,168.89,111.0,1.03e+19,6.609,330.0,22.0,75.0,166.0,69.0,96.0
FCTs_20031109_195236_CENTRAL_MID-ATLANTIC_RIDGE,2003-11-09,19:52:36.0,-0.67,-19.69,22.0,1.002e+19,6.601,78.0,79.0,177.0,169.0,87.0,11.0
FCTs_20031111_184823_VOLCANO_ISLANDS__JAPAN_REGION,2003-11-11,18:48:23.0,22.321,143.246,107.0,8.727e+17,5.894,19.0,18.0,72.0,218.0,73.0,96.0
FCTs_20031112_002945_NORTHERN_MOLUCCA_SEA,2003-11-12,00:29:45.0,1.59,126.48,30.0,1.963e+18,6.129,195.0,38.0,98.0,5.0,52.0,84.0
FCTs_20031112_082643_NEAR_S._COAST_OF_HONSHU__JAPAN,2003-11-12,08:26:43.0,33.17,137.07,391.0,3.955e+18,6.331,53.0,32.0,160.0,160.0,79.0,60.0
FCTs_20031117_064306_RAT_ISLANDS__ALEUTIAN_ISLANDS,2003-11-17,06:43:06.0,51.15,178.65,24.0,4.273e+20,7.687,295.0,25.0,138.0,63.0,74.0,71.0
FCTs_20031118_171422_SAMAR__PHILIPPINES,2003-11-18,17:14:22.0,12.02,125.42,44.0,6.414e+18,6.471,35.0,34.0,93.0,211.0,56.0,88.0
FCTs_20031120_122432_SOUTH_OF_JAVA__INDONESIA,2003-11-20,12:24:32.0,-10.024,111.028,25.0,1.016e+18,5.938,257.0,13.0,71.0,97.0,78.0,94.0
FCTs_20031124_145417_NEW_BRITAIN_REGION__P.N.G,2003-11-24,14:54:17.0,-4.265,152.71,24.0,6.977e+17,5.829,155.0,45.0,81.0,348.0,45.0,99.0
FCTs_20031125_201946_NEW_BRITAIN_REGION__P.N.G,2003-11-25,20:19:46.0,-5.58,150.88,44.0,1.061e+19,6.617,250.0,37.0,78.0,84.0,54.0,99.0
FCTs_20031201_013831_KYRGYZSTAN-XINJIANG_BORDER_REG,2003-12-01,01:38:31.0,42.905,80.515,15.0,7.63e+17,5.855,275.0,26.0,112.0,71.0,66.0,79.0
FCTs_20031205_212609_KOMANDORSKIYE_OSTROVA_REGION,2003-12-05,21:26:09.0,55.54,165.78,12.0,1.504e+19,6.718,97.0,40.0,156.0,205.0,75.0,52.0
FCTs_20031209_124401_ANDREANOF_ISLANDS__ALEUTIAN_IS,2003-12-09,12:44:01.0,51.33,-179.27,28.0,2.23e+18,6.166,274.0,32.0,112.0,68.0,61.0,77.0
FCTs_20031210_043811_TAIWAN,2003-12-10,04:38:11.0,23.04,121.36,25.0,3.09e+19,6.927,229.0,50.0,115.0,13.0,46.0,63.0
FCTs_20031221_074045_CENTRAL_MID-ATLANTIC_RIDGE,2003-12-21,07:40:45.0,-0.77,-20.6,32.0,7.172e+18,6.504,170.0,89.0,7.0,80.0,83.0,179.0
FCTs_20031222_191556_CENTRAL_CALIFORNIA,2003-12-22,19:15:56.0,35.71,-121.1,9.0,7.276e+18,6.508,123.0,41.0,100.0,290.0,50.0,81.0
FCTs_20031225_071111_PANAMA-COSTA_RICA_BORDER_REGION,2003-12-25,07:11:11.0,8.42,-82.82,31.0,4.279e+18,6.354,9.0,84.0,156.0,102.0,66.0,7.0
FCTs_20031226_015652_SOUTHERN_IRAN,2003-12-26,01:56:52.0,29.0,58.31,8.0,7.076e+18,6.5,264.0,82.0,16.0,172.0,74.0,172.0
FCTs_20031226_212604_SOUTHEAST_OF_LOYALTY_ISLANDS,2003-12-26,21:26:04.0,-22.27,169.31,12.0,2.686e+19,6.886,130.0,39.0,-101.0,324.0,51.0,-81.0
FCTs_20031227_045525_SOUTHEAST_OF_LOYALTY_ISLANDS,2003-12-27,04:55:25.0,-22.11,169.35,14.0,1.53e+18,6.057,131.0,34.0,-86.0,306.0,56.0,-93.0
FCTs_20031227_160059_SOUTHEAST_OF_LOYALTY_ISLANDS,2003-12-27,16:00:59.0,-22.01,169.77,25.0,8.599e+19,7.223,307.0,24.0,69.0,150.0,68.0,99.0
FCTs_20031227_223801_SOUTHEAST_OF_LOYALTY_ISLANDS,2003-12-27,22:38:01.0,-21.67,169.84,27.0,1.68e+19,6.75,312.0,33.0,72.0,154.0,59.0,101.0
FCTs_20031229_013054_HOKKAIDO__JAPAN_REGION,2003-12-29,01:30:54.0,42.42,144.61,27.0,1.379e+18,6.026,243.0,21.0,118.0,34.0,71.0,80.0
FCTs_20031230_095044_KURIL_ISLANDS,2003-12-30,09:50:44.0,47.053,154.187,14.0,8.087e+17,5.872,228.0,29.0,102.0,35.0,62.0,84.0
FCTs_20040101_233150_NEAR_COAST_OF_GUERRERO__MEXICO,2004-01-01,23:31:50.0,17.49,-101.3,19.0,1.207e+18,5.988,284.0,22.0,85.0,110.0,68.0,92.0
FCTs_20040103_080734_SOUTHEAST_OF_LOYALTY_ISLANDS,2004-01-03,08:07:34.0,-22.376,169.728,11.0,1.062e+18,5.951,114.0,43.0,-100.0,308.0,48.0,-80.0
FCTs_20040103_162321_SOUTHEAST_OF_LOYALTY_ISLANDS,2004-01-03,16:23:21.0,-22.25,169.68,21.0,6.313e+19,7.133,129.0,35.0,-87.0,305.0,55.0,-92.0
FCTs_20040109_223531_NEW_BRITAIN_REGION__P.N.G,2004-01-09,22:35:31.0,-6.07,149.4,48.0,3.727e+18,6.314,270.0,39.0,92.0,88.0,51.0,89.0
FCTs_20040111_043247_SOUTH_INDIAN_OCEAN,2004-01-11,04:32:47.0,-36.7,53.35,6.0,3.087e+18,6.26,37.0,52.0,53.0,267.0,51.0,127.0
FCTs_20040116_180755_CENTRAL_MID-ATLANTIC_RIDGE,2004-01-16,18:07:55.0,7.64,-37.7,20.0,1.5e+18,6.051,269.0,68.0,170.0,3.0,81.0,22.0
FCTs_20040124_130145_NORTHERN_MID-ATLANTIC_RIDGE,2004-01-24,13:01:45.0,52.122,-30.179,5.0,8.433e+17,5.884,98.0,81.0,-150.0,3.0,60.0,-11.0
FCTs_20040125_114311_TONGA_ISLANDS,2004-01-25,11:43:11.0,-16.83,-174.2,145.0,1.321e+19,6.681,255.0,40.0,142.0,16.0,67.0,57.0
FCTs_20040128_221530_SERAM__INDONESIA,2004-01-28,22:15:30.0,-3.12,127.4,20.0,1.354e+19,6.688,186.0,83.0,-151.0,92.0,61.0,-8.0
FCTs_20040203_230931_IRIAN_JAYA__INDONESIA,2004-02-03,23:09:31.0,-3.728,140.376,36.0,7.797e+17,5.861,106.0,42.0,60.0,323.0,55.0,114.0
FCTs_20040205_210502_IRIAN_JAYA_REGION__INDONESIA,2004-02-05,21:05:02.0,-3.62,135.54,14.0,3.617e+19,6.972,141.0,79.0,-145.0,44.0,56.0,-13.0
FCTs_20040207_024235_IRIAN_JAYA_REGION__INDONESIA,2004-02-07,02:42:35.0,-4.0,135.02,14.0,1.554e+20,7.394,351.0,85.0,-149.0,258.0,59.0,-5.0
FCTs_20040208_085851_IRIAN_JAYA_REGION__INDONESIA,2004-02-08,08:58:51.0,-3.66,135.34,10.0,1.641e+19,6.743,41.0,68.0,-25.0,142.0,67.0,-156.0
FCTs_20040220_055845_SANTA_CRUZ_ISLANDS,2004-02-20,05:58:45.0,-11.608,166.45,86.0,1.399e+18,6.031,3.0,32.0,79.0,195.0,58.0,97.0
FCTs_20040221_023442_EAST_OF_SOUTH_SANDWICH_ISLANDS,2004-02-21,02:34:42.0,-58.42,-14.96,21.0,8.508e+18,6.553,353.0,88.0,176.0,83.0,86.0,2.0
FCTs_20040222_064627_SOUTHERN_SUMATRA__INDONESIA,2004-02-22,06:46:27.0,-1.559,100.488,46.0,1.126e+18,5.968,219.0,45.0,-60.0,360.0,52.0,-117.0
FCTs_20040224_022746_STRAIT_OF_GIBRALTAR,2004-02-24,02:27:46.0,35.14,-4.0,5.0,1.203e+19,6.654,20.0,78.0,-33.0,118.0,58.0,-166.0
FCTs_20040226_203221_MAURITIUS_-_REUNION_REGION,2004-02-26,20:32:21.0,-18.17,66.42,19.0,3.173e+18,6.268,327.0,90.0,177.0,57.0,87.0,0.0
FCTs_20040302_034722_NEAR_COAST_OF_NICARAGUA,2004-03-02,03:47:22.0,11.61,-86.77,26.0,1.712e+18,6.089,304.0,34.0,94.0,119.0,56.0,87.0
FCTs_20040317_032107_SOUTHERN_BOLIVIA,2004-03-17,03:21:07.0,-21.12,-65.59,291.0,1.739e+18,6.094,291.0,28.0,-14.0,34.0,83.0,-117.0
FCTs_20040318_200424_SOUTH_OF_FIJI_ISLANDS,2004-03-18,20:04:24.0,-23.76,-176.0,16.0,2.267e+18,6.17,206.0,25.0,96.0,19.0,65.0,87.0
FCTs_20040327_061936_SOLOMON_ISLANDS,2004-03-27,06:19:36.0,-6.256,154.76,49.0,5.798e+17,5.776,278.0,34.0,101.0,85.0,57.0,83.0
FCTs_20040327_184729_XIZANG,2004-03-27,18:47:29.0,33.954,89.179,9.0,9.65e+17,5.923,211.0,41.0,-69.0,4.0,53.0,-107.0
FCTs_20040403_230200_NEAR_EAST_COAST_OF_HONSHU__JAPAN,2004-04-03,23:02:00.0,36.428,141.008,34.0,9.393e+17,5.915,196.0,23.0,85.0,21.0,67.0,92.0
FCTs_20040405_203421_TONGA_ISLANDS,2004-04-05,20:34:21.0,-20.44,-173.94,9.0,2.058e+18,6.142,227.0,16.0,109.0,27.0,75.0,85.0
FCTs_20040405_212404_AFGHANISTAN-TAJIKISTAN_BORD_REG,2004-04-05,21:24:04.0,36.51,71.03,175.0,8.486e+18,6.552,283.0,27.0,126.0,63.0,68.0,73.0
FCTs_20040409_152335_VANUATU_ISLANDS,2004-04-09,15:23:35.0,-13.17,167.2,224.0,5.746e+18,6.44,326.0,40.0,79.0,160.0,51.0,99.0
FCTs_20040411_073729_IRIAN_JAYA__INDONESIA,2004-04-11,07:37:29.0,-3.73,140.08,21.0,1.484e+18,6.048,84.0,83.0,-39.0,180.0,51.0,-171.0
FCTs_20040411_180612_HOKKAIDO__JAPAN_REGION,2004-04-11,18:06:12.0,42.92,144.84,43.0,1.665e+18,6.081,249.0,32.0,124.0,31.0,64.0,71.0
FCTs_20040414_013305_TONGA_ISLANDS,2004-04-14,01:33:05.0,-17.848,-174.559,146.0,7.167e+17,5.837,197.0,19.0,80.0,27.0,71.0,93.0
FCTs_20040414_015409_NEAR_EAST_COAST_OF_KAMCHATKA,2004-04-14,01:54:09.0,55.23,162.66,52.0,2.274e+18,6.171,312.0,54.0,146.0,64.0,63.0,41.0
FCTs_20040414_230739_JAN_MAYEN_ISLAND_REGION,2004-04-14,23:07:39.0,71.067,-7.747,16.0,1.167e+18,5.978,205.0,90.0,-166.0,115.0,76.0,0.0
FCTs_20040415_200655_VANUATU_ISLANDS,2004-04-15,20:06:55.0,-19.37,169.63,16.0,1.783e+18,6.101,303.0,44.0,-101.0,138.0,47.0,-80.0
FCTs_20040416_165836_SOUTH_OF_TONGA_ISLANDS,2004-04-16,16:58:36.0,-24.522,-175.879,13.0,1.03e+18,5.942,205.0,20.0,105.0,9.0,71.0,85.0
FCTs_20040423_015030_SAVU_SEA,2004-04-23,01:50:30.0,-9.36,122.84,73.0,1.57e+19,6.731,140.0,24.0,-27.0,254.0,79.0,-112.0
FCTs_20040427_232818_VANUATU_ISLANDS,2004-04-27,23:28:18.0,-17.757,167.756,27.0,1.118e+18,5.966,30.0,17.0,133.0,166.0,78.0,78.0
FCTs_20040429_005721_OFF_COAST_OF_COSTA_RICA,2004-04-29,00:57:21.0,10.81,-86.0,21.0,1.671e+18,6.082,276.0,26.0,77.0,110.0,65.0,96.0
FCTs_20040503_043650_NEAR_COAST_OF_CENTRAL_CHILE,2004-05-03,04:36:50.0,-37.69,-73.41,25.0,1.291e+19,6.674,358.0,17.0,121.0,145.0,75.0,81.0
FCTs_20040507_012642_SOUTHEAST_OF_LOYALTY_ISLANDS,2004-05-07,01:26:42.0,-21.99,170.28,16.0,4.244e+18,6.352,303.0,28.0,71.0,143.0,64.0,100.0
FCTs_20040511_082848_NORTHERN_SUMATRA__INDONESIA,2004-05-11,08:28:48.0,0.41,97.82,27.0,2.517e+18,6.201,342.0,17.0,122.0,129.0,75.0,81.0
FCTs_20040513_095843_NEW_IRELAND_REGION__P.N.G,2004-05-13,09:58:43.0,-3.58,150.73,6.0,5.243e+18,6.413,287.0,76.0,-6.0,18.0,84.0,-166.0
FCTs_20040519_070411_TAIWAN_REGION,2004-05-19,07:04:11.0,22.66,121.5,21.0,3.064e+18,6.258,354.0,40.0,44.0,228.0,63.0,122.0
FCTs_20040528_123844_NORTHERN_AND_CENTRAL_IRAN,2004-05-28,12:38:44.0,36.29,51.61,23.0,3.834e+18,6.322,120.0,30.0,81.0,310.0,60.0,95.0
FCTs_20040529_034710_NEAR_EAST_COAST_OF_HONSHU__JAPAN,2004-05-29,03:47:10.0,37.752,141.881,32.0,5.203e+17,5.744,206.0,23.0,92.0,24.0,67.0,89.0
FCTs_20040529_205609_OFF_EAST_COAST_OF_HONSHU__JAPAN,2004-05-29,20:56:09.0,34.25,141.41,12.0,6.192e+18,6.461,183.0,16.0,91.0,2.0,74.0,90.0
FCTs_20040602_085037_SOUTH_OF_KERMADEC_ISLANDS,2004-06-02,08:50:37.0,-32.88,-179.45,45.0,1.772e+18,6.099,195.0,36.0,91.0,14.0,54.0,89.0
FCTs_20040606_093807_JAVA__INDONESIA,2004-06-06,09:38:07.0,-6.04,113.109,584.0,6.472e+17,5.807,112.0,34.0,-70.0,268.0,58.0,-103.0
FCTs_20040610_085954_NEAR_COAST_OF_NICARAGUA,2004-06-10,08:59:54.0,11.453,-87.652,14.0,7.564e+17,5.853,307.0,36.0,-93.0,131.0,55.0,-88.0
FCTs_20040610_151957_KAMCHATKA_PENINSULA__RUSSIA,2004-06-10,15:19:57.0,55.68,160.0,188.0,2.826e+19,6.901,203.0,16.0,-97.0,30.0,74.0,-88.0
FCTs_20040614_225421_OAXACA__MEXICO,2004-06-14,22:54:21.0,16.337,-97.845,22.0,8.459e+17,5.885,287.0,20.0,86.0,111.0,70.0,91.0
FCTs_20040620_013735_SOUTH_OF_PANAMA,2004-06-20,01:37:35.0,5.347,-82.551,8.0,5.933e+17,5.782,271.0,86.0,-19.0,2.0,71.0,-176.0
FCTs_20040622_090443_SANTA_CRUZ_ISLANDS,2004-06-22,09:04:43.0,-10.902,166.259,157.0,6.342e+17,5.801,310.0,42.0,61.0,166.0,54.0,113.0
FCTs_20040625_023507_BANDA_SEA,2004-06-25,02:35:07.0,-6.71,130.38,91.0,1.47e+18,6.045,103.0,41.0,77.0,300.0,51.0,101.0
FCTs_20040628_094947_QUEEN_CHARLOTTE_ISLANDS_REGION,2004-06-28,09:49:47.0,54.8,-134.25,10.0,2.374e+19,6.85,246.0,88.0,-30.0,337.0,60.0,-177.0
FCTs_20040629_070130_OFF_COAST_OF_COSTA_RICA,2004-06-29,07:01:30.0,10.74,-87.04,8.0,2.788e+18,6.23,127.0,37.0,-101.0,321.0,54.0,-82.0
FCTs_20040630_233725_MINAHASSA_PENINSULA__SULAWESI,2004-06-30,23:37:25.0,0.8,124.73,95.0,1.378e+18,6.026,41.0,39.0,21.0,295.0,77.0,127.0
FCTs_20040708_103049_KURIL_ISLANDS,2004-07-08,10:30:49.0,47.2,151.3,132.0,3.388e+18,6.287,147.0,25.0,-147.0,26.0,77.0,-69.0
FCTs_20040711_230844_XIZANG,2004-07-11,23:08:44.0,30.69,83.67,14.0,2.435e+18,6.191,167.0,39.0,-84.0,339.0,51.0,-95.0
FCTs_20040715_042714_FIJI_ISLANDS_REGION,2004-07-15,04:27:14.0,-17.66,-178.76,589.0,4.646e+19,7.045,338.0,42.0,131.0,109.0,59.0,59.0
FCTs_20040719_080149_VANCOUVER_ISLAND__CANADA_REGION,2004-07-19,08:01:49.0,49.62,-126.97,20.0,3.967e+18,6.332,257.0,70.0,6.0,165.0,85.0,160.0
FCTs_20040720_141623_MARIANA_ISLANDS_REGION,2004-07-20,14:16:23.0,19.639,146.808,14.0,1.502e+18,6.051,143.0,20.0,75.0,339.0,70.0,95.0
FCTs_20040722_094514_RYUKYU_ISLANDS__JAPAN,2004-07-22,09:45:14.0,26.49,128.89,10.0,2.558e+18,6.205,85.0,36.0,-6.0,179.0,87.0,-125.0
FCTs_20040725_143519_SOUTHERN_SUMATRA__INDONESIA,2004-07-25,14:35:19.0,-2.43,103.98,607.0,1.005e+20,7.268,106.0,45.0,-131.0,337.0,58.0,-57.0
FCTs_20040728_035628_IRIAN_JAYA_REGION__INDONESIA,2004-07-28,03:56:28.0,-0.44,133.09,14.0,5.516e+18,6.428,120.0,29.0,88.0,302.0,61.0,91.0
FCTs_20040729_014406_ANDAMAN_ISLANDS__INDIA_REGION,2004-07-29,01:44:06.0,12.455,94.997,7.0,6.373e+17,5.803,262.0,39.0,-35.0,20.0,69.0,-123.0
FCTs_20040807_093016_SOUTH_OF_ALEUTIAN_ISLANDS,2004-08-07,09:30:16.0,51.753,-166.313,6.0,1.358e+18,6.022,226.0,44.0,-117.0,81.0,52.0,-67.0
FCTs_20040810_014732_HINDU_KUSH_REGION__AFGHANISTAN,2004-08-10,01:47:32.0,36.444,70.796,204.0,1.412e+18,6.033,294.0,24.0,89.0,116.0,66.0,91.0
FCTs_20040818_090310_OAXACA__MEXICO,2004-08-18,09:03:10.0,16.427,-94.944,70.0,7.13e+17,5.835,211.0,64.0,-33.0,316.0,61.0,-150.0
FCTs_20040827_004354_NEAR_COAST_OF_NORTHERN_CHILE,2004-08-27,00:43:54.0,-27.42,-70.805,34.0,6.383e+17,5.803,122.0,11.0,26.0,6.0,85.0,100.0
FCTs_20040828_134125_CHILE-ARGENTINA_BORDER_REGION,2004-08-28,13:41:25.0,-35.17,-70.53,7.0,1.082e+19,6.623,286.0,77.0,-2.0,17.0,88.0,-167.0
FCTs_20040905_100707_NEAR_S._COAST_OF_WESTERN_HONSHU,2004-09-05,10:07:07.0,33.07,136.62,12.0,8.407e+19,7.216,291.0,45.0,122.0,69.0,53.0,62.0
FCTs_20040905_145718_NEAR_S._COAST_OF_HONSHU__JAPAN,2004-09-05,14:57:18.0,33.18,137.07,12.0,2.014e+20,7.469,297.0,55.0,122.0,70.0,46.0,53.0
FCTs_20040906_124259_SOUTH_SANDWICH_ISLANDS_REGION,2004-09-06,12:42:59.0,-55.37,-28.98,13.0,2.19e+19,6.827,79.0,26.0,23.0,328.0,80.0,114.0
FCTs_20040906_232935_NEAR_S._COAST_OF_HONSHU__JAPAN,2004-09-06,23:29:35.0,33.21,137.23,15.0,1.087e+19,6.624,71.0,44.0,59.0,291.0,53.0,116.0
FCTs_20040907_115306_SANTIAGO_DEL_ESTERO_PROV.__ARG,2004-09-07,11:53:06.0,-28.57,-65.84,18.0,2.233e+18,6.166,206.0,31.0,79.0,39.0,59.0,97.0
FCTs_20040908_145825_NEAR_S._COAST_OF_HONSHU__JAPAN,2004-09-08,14:58:25.0,33.14,137.2,7.0,2.433e+18,6.191,301.0,42.0,153.0,52.0,72.0,52.0
FCTs_20040909_163321_NORTH_OF_HONDURAS,2004-09-09,16:33:21.0,17.759,-81.55,11.0,1.225e+18,5.992,86.0,81.0,17.0,354.0,74.0,171.0
FCTs_20040911_215238_SOUTH_SANDWICH_ISLANDS_REGION,2004-09-11,21:52:38.0,-57.98,-25.34,31.0,2.057e+18,6.142,172.0,35.0,94.0,348.0,55.0,87.0
FCTs_20040913_030012_EAST_OF_KURIL_ISLANDS,2004-09-13,03:00:12.0,44.0,151.41,10.0,9.984e+17,5.933,60.0,34.0,-106.0,259.0,58.0,-80.0
FCTs_20040915_191050_LUZON__PHILIPPINES,2004-09-15,19:10:50.0,14.22,120.411,97.0,8.739e+17,5.894,322.0,18.0,72.0,161.0,73.0,96.0
FCTs_20040919_202604_NEAR_ISLANDS__ALEUTIAN_ISLANDS,2004-09-19,20:26:04.0,52.21,174.03,30.0,2.433e+18,6.191,277.0,24.0,127.0,58.0,71.0,75.0
FCTs_20040928_152953_SOUTH_OF_AFRICA,2004-09-28,15:29:53.0,-52.51,28.02,12.0,3.797e+18,6.32,293.0,81.0,3.0,203.0,87.0,171.0
FCTs_20041006_223056_IRIAN_JAYA_REGION__INDONESIA,2004-10-06,22:30:56.0,-0.67,134.43,7.0,3.054e+18,6.257,80.0,88.0,20.0,350.0,70.0,178.0
FCTs_20041008_082753_SOLOMON_ISLANDS,2004-10-08,08:27:53.0,-10.95,162.16,39.0,1.468e+19,6.711,124.0,43.0,31.0,10.0,70.0,129.0
FCTs_20041008_143606_MINDORO__PHILIPPINES,2004-10-08,14:36:06.0,13.93,120.53,108.0,6.136e+18,6.459,357.0,51.0,137.0,117.0,58.0,48.0
FCTs_20041009_212653_NEAR_COAST_OF_NICARAGUA,2004-10-09,21:26:53.0,11.42,-86.67,28.0,3.991e+19,7.001,334.0,29.0,112.0,129.0,63.0,78.0
FCTs_20041015_040850_TAIWAN_REGION,2004-10-15,04:08:50.0,24.53,122.69,102.0,9.928e+18,6.598,215.0,14.0,23.0,103.0,85.0,103.0
FCTs_20041020_183224_VANUATU_ISLANDS,2004-10-20,18:32:24.0,-14.03,166.61,31.0,1.541e+18,6.059,336.0,39.0,89.0,157.0,51.0,91.0
FCTs_20041023_085600_NEAR_WEST_COAST_OF_HONSHU__JAPAN,2004-10-23,08:56:00.0,37.23,138.78,9.0,1.048e+19,6.614,34.0,34.0,94.0,209.0,56.0,87.0
FCTs_20041026_225307_SOUTH_SANDWICH_ISLANDS_REGION,2004-10-26,22:53:07.0,-57.07,-24.68,29.0,5.393e+18,6.421,144.0,20.0,78.0,336.0,71.0,94.0
FCTs_20041027_203436_ROMANIA,2004-10-27,20:34:36.0,45.787,26.622,88.0,4.992e+17,5.732,11.0,12.0,62.0,219.0,80.0,96.0
FCTs_20041102_100212_VANCOUVER_ISLAND__CANADA_REGION,2004-11-02,10:02:12.0,49.28,-128.77,5.0,1.011e+19,6.603,313.0,75.0,-171.0,220.0,81.0,-15.0
FCTs_20041107_020226_SEA_OF_OKHOTSK,2004-11-07,02:02:26.0,47.95,144.48,490.0,1.479e+18,6.047,335.0,66.0,32.0,230.0,61.0,152.0
FCTs_20041108_155501_TAIWAN_REGION,2004-11-08,15:55:01.0,24.1,122.54,31.0,3.223e+18,6.272,284.0,20.0,125.0,66.0,74.0,78.0
FCTs_20041109_235823_SOLOMON_ISLANDS,2004-11-09,23:58:23.0,-11.15,163.71,13.0,2.891e+19,6.907,84.0,68.0,-40.0,191.0,53.0,-152.0
FCTs_20041111_100247_HOKKAIDO__JAPAN_REGION,2004-11-11,10:02:47.0,42.14,144.34,25.0,2.035e+18,6.139,261.0,28.0,138.0,30.0,72.0,69.0
FCTs_20041111_173452_SOLOMON_ISLANDS,2004-11-11,17:34:52.0,-11.13,162.21,23.0,9.003e+18,6.57,261.0,20.0,24.0,148.0,82.0,108.0
FCTs_20041111_212641_TIMOR_REGION,2004-11-11,21:26:41.0,-8.15,124.87,17.0,3.26e+20,7.609,78.0,23.0,99.0,248.0,67.0,86.0
FCTs_20041113_002418_SANTA_CRUZ_ISLANDS_REGION,2004-11-13,00:24:18.0,-10.251,164.657,7.0,6.072e+17,5.789,229.0,43.0,-127.0,94.0,57.0,-61.0
FCTs_20041115_090656_NEAR_WEST_COAST_OF_COLOMBIA,2004-11-15,09:06:56.0,4.7,-77.51,18.0,6.403e+19,7.138,45.0,23.0,124.0,189.0,71.0,77.0
FCTs_20041116_100654_NEW_BRITAIN_REGION__P.N.G,2004-11-16,10:06:54.0,-5.63,151.45,32.0,1.601e+18,6.07,257.0,31.0,84.0,84.0,59.0,94.0
FCTs_20041117_205822_TAJIKISTAN,2004-11-17,20:58:22.0,39.189,71.857,10.0,4.547e+17,5.705,2.0,75.0,-31.0,101.0,60.0,-163.0
FCTs_20041117_210913_FIJI_ISLANDS_REGION,2004-11-17,21:09:13.0,-20.07,-178.71,638.0,7.132e+18,6.502,78.0,9.0,122.0,225.0,82.0,85.0
FCTs_20041120_080722_COSTA_RICA,2004-11-20,08:07:22.0,9.6,-84.17,21.0,3.702e+18,6.312,211.0,47.0,-8.0,307.0,84.0,-137.0
FCTs_20041120_220145_NEAR_COAST_OF_GUATEMALA,2004-11-20,22:01:45.0,13.38,-90.06,31.0,3.058e+18,6.257,299.0,34.0,81.0,131.0,57.0,96.0
FCTs_20041121_110713_TONGA_ISLANDS,2004-11-21,11:07:13.0,-15.403,-174.908,283.0,7.08e+17,5.833,178.0,20.0,-92.0,0.0,70.0,-89.0
FCTs_20041121_114107_LEEWARD_ISLANDS,2004-11-21,11:41:07.0,15.68,-61.71,7.0,4.621e+18,6.377,141.0,37.0,-83.0,313.0,53.0,-95.0
FCTs_20041122_202623_OFF_W._COAST_OF_S._ISLAND__N.Z,2004-11-22,20:26:23.0,-46.68,164.72,37.0,6.389e+19,7.137,43.0,39.0,105.0,205.0,53.0,78.0
FCTs_20041126_022503_IRIAN_JAYA_REGION__INDONESIA,2004-11-26,02:25:03.0,-3.61,135.4,18.0,4.7e+19,7.048,91.0,85.0,-138.0,357.0,48.0,-7.0
FCTs_20041128_023513_EASTER_ISLAND_REGION,2004-11-28,02:35:13.0,-26.52,-113.83,7.0,1.245e+19,6.664,13.0,84.0,-29.0,106.0,61.0,-173.0
FCTs_20041128_073645_IRIAN_JAYA_REGION__INDONESIA,2004-11-28,07:36:45.0,-3.64,135.45,19.0,2.167e+18,6.157,15.0,50.0,-15.0,115.0,78.0,-139.0
FCTs_20041128_183214_HOKKAIDO__JAPAN_REGION,2004-11-28,18:32:14.0,43.01,145.12,43.0,3.768e+19,6.984,247.0,31.0,122.0,30.0,64.0,72.0
FCTs_20041206_141511_HOKKAIDO__JAPAN_REGION,2004-12-06,14:15:11.0,42.9,145.23,36.0,1.619e+19,6.739,241.0,28.0,118.0,30.0,66.0,76.0
FCTs_20041214_055610_HOKKAIDO__JAPAN_REGION,2004-12-14,05:56:10.0,44.119,141.793,9.0,5.945e+17,5.783,3.0,29.0,84.0,190.0,61.0,94.0
FCTs_20041214_232013_NORTH_OF_HONDURAS,2004-12-14,23:20:13.0,18.96,-81.41,11.0,2.211e+19,6.83,79.0,79.0,-5.0,170.0,85.0,-169.0
FCTs_20041218_064619_EAST_OF_KURIL_ISLANDS,2004-12-18,06:46:19.0,48.84,156.31,16.0,2.531e+18,6.202,219.0,17.0,90.0,39.0,73.0,90.0
FCTs_20041223_145904_NORTH_OF_MACQUARIE_ISLAND,2004-12-23,14:59:04.0,-49.31,161.35,23.0,1.621e+21,8.073,69.0,83.0,171.0,160.0,81.0,7.0
FCTs_20041227_093906_NORTHERN_SUMATRA__INDONESIA,2004-12-27,09:39:06.0,5.35,94.65,42.0,1.467e+18,6.044,280.0,28.0,75.0,117.0,63.0,98.0
FCTs_20041229_055647_NICOBAR_ISLANDS__INDIA_REGION,2004-12-29,05:56:47.0,8.79,93.2,15.0,1.932e+18,6.124,346.0,12.0,-88.0,164.0,78.0,-90.0
FCTs_20041231_022400_NICOBAR_ISLANDS__INDIA_REGION,2004-12-31,02:24:00.0,7.12,92.53,13.0,2.303e+18,6.175,166.0,35.0,99.0,334.0,56.0,84.0
FCTs_20041231_120457_NICOBAR_ISLANDS__INDIA_REGION,2004-12-31,12:04:57.0,6.204,92.913,16.0,1.886e+18,6.117,0.0,42.0,143.0,120.0,67.0,54.0
FCTs_20050101_062544_OFF_W_COAST_OF_NORTHERN_SUMATRA,2005-01-01,06:25:44.0,5.1,92.3,12.0,1.161e+19,6.643,289.0,89.0,-176.0,199.0,86.0,-1.0
FCTs_20050101_190807_NICOBAR_ISLANDS__INDIA_REGION,2005-01-01,19:08:07.0,7.34,94.46,8.0,1.592e+18,6.068,62.0,67.0,-10.0,156.0,80.0,-156.0
FCTs_20050102_082741_OFF_W_COAST_OF_NORTHERN_SUMATRA,2005-01-02,08:27:41.0,3.242,95.462,9.0,6.367e+17,5.803,99.0,42.0,82.0,290.0,49.0,97.0
FCTs_20050102_153556_NICOBAR_ISLANDS__INDIA_REGION,2005-01-02,15:35:56.0,6.36,92.79,18.0,6.172e+18,6.46,358.0,22.0,108.0,158.0,69.0,83.0
FCTs_20050104_091312_ANDAMAN_ISLANDS__INDIA_REGION,2005-01-04,09:13:12.0,10.67,92.36,26.0,1.31e+18,6.012,21.0,22.0,123.0,166.0,72.0,77.0
FCTs_20050109_221256_NORTHERN_SUMATRA__INDONESIA,2005-01-09,22:12:56.0,4.93,95.11,43.0,1.18e+18,5.981,317.0,24.0,99.0,127.0,66.0,86.0
FCTs_20050112_084003_CENTRAL_MID-ATLANTIC_RIDGE,2005-01-12,08:40:03.0,-0.88,-21.19,28.0,2.633e+19,6.88,172.0,79.0,6.0,81.0,84.0,169.0
FCTs_20050114_083314_NEW_BRITAIN_REGION__P.N.G,2005-01-14,08:33:14.0,-4.24,152.72,13.0,1.733e+18,6.092,306.0,59.0,31.0,199.0,64.0,145.0
FCTs_20050115_134705_SUNDA_STRAIT__INDONESIA,2005-01-15,13:47:05.0,-6.462,105.236,49.0,3.316e+17,5.614,16.0,10.0,171.0,115.0,88.0,81.0
FCTs_20050116_082504_SOUTH_OF_FIJI_ISLANDS,2005-01-16,08:25:04.0,-25.53,-176.3,16.0,2.475e+18,6.196,180.0,28.0,74.0,17.0,63.0,98.0
FCTs_20050116_201752_W._CAROLINE_ISLANDS__MICRONESIA,2005-01-16,20:17:52.0,10.93,140.84,16.0,1.342e+19,6.685,107.0,27.0,-75.0,270.0,64.0,-98.0
FCTs_20050117_105032_W._CAROLINE_ISLANDS__MICRONESIA,2005-01-17,10:50:32.0,10.99,140.68,18.0,1.517e+18,6.054,103.0,28.0,-84.0,277.0,62.0,-93.0
FCTs_20050118_140906_HOKKAIDO__JAPAN_REGION,2005-01-18,14:09:06.0,42.95,144.87,43.0,2.394e+18,6.186,250.0,32.0,122.0,33.0,63.0,71.0
FCTs_20050119_061136_OFF_EAST_COAST_OF_HONSHU__JAPAN,2005-01-19,06:11:36.0,34.06,141.49,19.0,1.065e+19,6.618,153.0,24.0,67.0,359.0,68.0,100.0
FCTs_20050122_203017_SOLOMON_ISLANDS,2005-01-22,20:30:17.0,-7.73,159.48,30.0,4.521e+18,6.37,260.0,32.0,-111.0,104.0,61.0,-77.0
FCTs_20050123_201012_SULAWESI__INDONESIA,2005-01-23,20:10:12.0,-1.2,119.93,6.0,2.144e+18,6.154,94.0,47.0,-128.0,324.0,55.0,-56.0
FCTs_20050124_041647_NICOBAR_ISLANDS__INDIA_REGION,2005-01-24,04:16:47.0,7.33,92.48,8.0,4.696e+18,6.381,201.0,51.0,-24.0,306.0,72.0,-139.0
FCTs_20050126_220042_OFF_W_COAST_OF_NORTHERN_SUMATRA,2005-01-26,22:00:42.0,2.7,94.6,12.0,1.975e+18,6.13,311.0,22.0,87.0,133.0,68.0,91.0
FCTs_20050128_154645_OFF_COAST_OF_ECUADOR,2005-01-28,15:46:45.0,-1.09,-81.16,7.0,1.619e+18,6.073,2.0,15.0,90.0,183.0,75.0,90.0
FCTs_20050202_023025_MARIANA_ISLANDS,2005-02-02,02:30:25.0,14.08,144.71,162.0,4.016e+18,6.336,99.0,89.0,155.0,189.0,65.0,2.0
FCTs_20050205_033425_MARIANA_ISLANDS,2005-02-05,03:34:25.0,16.01,145.87,133.0,5.296e+18,6.416,264.0,46.0,-144.0,147.0,65.0,-50.0
FCTs_20050205_122318_MINDANAO__PHILIPPINES,2005-02-05,12:23:18.0,5.29,123.34,540.0,4.743e+19,7.051,167.0,15.0,-105.0,3.0,75.0,-86.0
FCTs_20050208_144821_VANUATU_ISLANDS,2005-02-08,14:48:21.0,-14.25,167.26,201.0,1.479e+19,6.713,183.0,41.0,106.0,342.0,51.0,77.0
FCTs_20050209_132725_NORTHERN_SUMATRA__INDONESIA,2005-02-09,13:27:25.0,4.797,95.117,48.0,1.396e+18,6.03,321.0,24.0,99.0,131.0,67.0,86.0
FCTs_20050209_184609_BONIN_ISLANDS__JAPAN_REGION,2005-02-09,18:46:09.0,26.09,144.0,26.0,3.921e+18,6.329,296.0,35.0,-70.0,92.0,58.0,-103.0
FCTs_20050210_165319_SOUTHEAST_OF_LOYALTY_ISLANDS,2005-02-10,16:53:19.0,-23.1,169.22,12.0,3.327e+18,6.281,267.0,38.0,-86.0,81.0,52.0,-93.0
FCTs_20050214_170652_SOUTHERN_SUMATRA__INDONESIA,2005-02-14,17:06:52.0,-0.127,98.729,48.0,6.41e+17,5.805,187.0,41.0,17.0,84.0,79.0,130.0
FCTs_20050214_233808_KYRGYZSTAN-XINJIANG_BORDER_REG,2005-02-14,23:38:08.0,41.73,79.44,24.0,1.219e+18,5.991,296.0,13.0,127.0,78.0,79.0,82.0
FCTs_20050216_081941_NICOBAR_ISLANDS__INDIA_REGION,2005-02-16,08:19:41.0,8.097,93.945,5.0,7.351e+17,5.844,257.0,71.0,-28.0,357.0,64.0,-159.0
FCTs_20050216_202752_SOUTHERN_MID-ATLANTIC_RIDGE,2005-02-16,20:27:52.0,-36.32,-16.56,27.0,1.086e+19,6.624,167.0,85.0,-173.0,76.0,83.0,-5.0
FCTs_20050219_000443_SULAWESI__INDONESIA,2005-02-19,00:04:43.0,-5.56,122.13,8.0,6.285e+18,6.466,47.0,45.0,129.0,178.0,57.0,58.0
FCTs_20050222_022522_NORTHERN_AND_CENTRAL_IRAN,2005-02-22,02:25:22.0,30.75,56.82,8.0,5.804e+18,6.442,59.0,36.0,63.0,271.0,59.0,108.0
FCTs_20050223_113352_NEW_BRITAIN_REGION__P.N.G,2005-02-23,11:33:52.0,-6.245,150.66,29.0,7.86e+17,5.864,260.0,33.0,-70.0,57.0,59.0,-103.0
FCTs_20050226_125652_OFF_W_COAST_OF_NORTHERN_SUMATRA,2005-02-26,12:56:52.0,2.91,95.59,32.0,1.28e+19,6.672,314.0,10.0,89.0,135.0,80.0,90.0
FCTs_20050302_104212_BANDA_SEA,2005-03-02,10:42:12.0,-6.53,129.93,193.0,6.233e+19,7.13,306.0,33.0,168.0,46.0,83.0,57.0
FCTs_20050306_043959_SOLOMON_ISLANDS,2005-03-06,04:39:59.0,-11.05,163.04,18.0,1.693e+18,6.086,262.0,72.0,-13.0,357.0,77.0,-161.0
FCTs_20050313_033123_SOUTHERN_IRAN,2005-03-13,03:31:23.0,27.095,61.887,63.0,7.874e+17,5.864,252.0,36.0,-91.0,73.0,54.0,-90.0
FCTs_20050317_133737_MEXICO-GUATEMALA_BORDER_REGION,2005-03-17,13:37:37.0,15.14,-91.38,184.0,2.3e+18,6.174,296.0,23.0,73.0,134.0,68.0,97.0
FCTs_20050319_150242_TONGA_ISLANDS,2005-03-19,15:02:42.0,-20.41,-174.34,17.0,2.514e+18,6.2,212.0,27.0,94.0,27.0,63.0,88.0
FCTs_20050319_173446_FIJI_ISLANDS_REGION,2005-03-19,17:34:46.0,-21.89,-179.55,612.0,3.484e+18,6.295,103.0,12.0,167.0,206.0,87.0,79.0
FCTs_20050320_015341_KYUSHU__JAPAN,2005-03-20,01:53:41.0,33.81,130.13,9.0,9.834e+18,6.595,302.0,85.0,-13.0,34.0,77.0,-175.0
FCTs_20050321_122354_SALTA_PROVINCE__ARGENTINA,2005-03-21,12:23:54.0,-24.98,-63.47,576.0,2.554e+19,6.871,57.0,19.0,-16.0,162.0,85.0,-109.0
FCTs_20050325_010452_NORTHERN_SUMATRA__INDONESIA,2005-03-25,01:04:52.0,5.489,94.374,31.0,5.153e+17,5.741,344.0,25.0,114.0,138.0,67.0,79.0
FCTs_20050326_154034_BANDA_SEA,2005-03-26,15:40:34.0,-4.89,129.94,8.0,3.698e+18,6.312,241.0,62.0,11.0,146.0,81.0,151.0
FCTs_20050328_160936_NORTHERN_SUMATRA__INDONESIA,2005-03-28,16:09:36.0,2.09,97.11,28.0,6.613e+21,8.48,323.0,17.0,101.0,131.0,73.0,87.0
FCTs_20050330_161941_OFF_W_COAST_OF_NORTHERN_SUMATRA,2005-03-30,16:19:41.0,2.99,95.41,25.0,4.555e+18,6.372,328.0,13.0,105.0,132.0,77.0,86.0
FCTs_20050331_072353_NORTHERN_SUMATRA__INDONESIA,2005-03-31,07:23:53.0,1.701,97.119,23.0,7.278e+17,5.841,358.0,21.0,130.0,137.0,74.0,76.0
FCTs_20050402_125236_SVALBARD_REGION,2005-04-02,12:52:36.0,78.61,6.1,15.0,2.394e+18,6.186,39.0,85.0,-4.0,129.0,86.0,-175.0
FCTs_20050403_005921_NORTHERN_SUMATRA__INDONESIA,2005-04-03,00:59:21.0,0.368,98.319,28.0,1.484e+18,6.048,321.0,18.0,102.0,128.0,73.0,86.0
FCTs_20050403_031056_NORTHERN_SUMATRA__INDONESIA,2005-04-03,03:10:56.0,2.02,97.94,42.0,3.276e+18,6.277,310.0,26.0,98.0,121.0,64.0,86.0
FCTs_20050407_194314_NORTHERN_MOLUCCA_SEA,2005-04-07,19:43:14.0,2.966,126.48,25.0,1.673e+18,6.082,198.0,28.0,93.0,15.0,62.0,89.0
FCTs_20050407_200441_XIZANG,2005-04-07,20:04:41.0,30.49,83.66,14.0,3.19e+18,6.269,333.0,33.0,-114.0,181.0,60.0,-75.0
FCTs_20050408_054837_SOUTHWEST_OF_SUMATRA__INDONESIA,2005-04-08,05:48:37.0,-0.22,97.73,12.0,2.288e+18,6.173,336.0,48.0,162.0,79.0,77.0,43.0
FCTs_20050408_113817_SOUTHEAST_OF_LOYALTY_ISLANDS,2005-04-08,11:38:17.0,-23.14,169.26,14.0,7.643e+17,5.855,255.0,33.0,-102.0,90.0,58.0,-82.0
FCTs_20050409_151627_KODIAK_ISLAND_REGION__ALASKA,2005-04-09,15:16:27.0,56.168,-154.524,12.0,9.386e+17,5.915,176.0,27.0,33.0,56.0,75.0,114.0
FCTs_20050410_102911_SOUTHERN_SUMATRA__INDONESIA,2005-04-10,10:29:11.0,-1.64,99.61,13.0,2.247e+19,6.834,139.0,31.0,89.0,320.0,59.0,91.0
FCTs_20050410_222215_NEAR_EAST_COAST_OF_HONSHU__JAPAN,2005-04-10,22:22:15.0,35.604,140.401,47.0,9.1e+17,5.906,156.0,22.0,75.0,353.0,69.0,96.0
FCTs_20050411_061111_NORTHERN_SUMATRA__INDONESIA,2005-04-11,06:11:11.0,2.17,96.76,24.0,1.992e+18,6.133,350.0,18.0,122.0,137.0,75.0,80.0
FCTs_20050411_122005_NEAR_N_COAST_OF_NEW_GUINEA__PNG,2005-04-11,12:20:05.0,-3.48,145.91,8.0,1.729e+19,6.759,269.0,88.0,-6.0,359.0,84.0,-178.0
FCTs_20050411_170853_SOUTHEAST_OF_LOYALTY_ISLANDS,2005-04-11,17:08:53.0,-21.98,170.61,78.0,1.485e+19,6.715,342.0,39.0,-154.0,231.0,74.0,-54.0
FCTs_20050416_163803_NORTHERN_SUMATRA__INDONESIA,2005-04-16,16:38:03.0,1.81,97.66,33.0,4.734e+18,6.384,333.0,20.0,118.0,123.0,72.0,80.0
FCTs_20050419_014656_SOUTHEAST_OF_HONSHU__JAPAN,2005-04-19,01:46:56.0,29.642,138.891,426.0,8.639e+17,5.891,77.0,29.0,-160.0,330.0,81.0,-62.0
FCTs_20050421_092600_ANDREANOF_ISLANDS__ALEUTIAN_IS,2005-04-21,09:26:00.0,51.306,-178.409,27.0,8.889e+17,5.899,270.0,31.0,127.0,48.0,66.0,70.0
FCTs_20050428_140733_NORTHERN_SUMATRA__INDONESIA,2005-04-28,14:07:33.0,2.13,96.8,23.0,3.902e+18,6.328,313.0,14.0,91.0,132.0,76.0,90.0
FCTs_20050504_085701_TONGA_ISLANDS,2005-05-04,08:57:01.0,-19.407,-173.829,19.0,7.263e+17,5.841,187.0,28.0,86.0,12.0,62.0,92.0
FCTs_20050505_191221_SOUTH_OF_PANAMA,2005-05-05,19:12:21.0,5.71,-82.85,23.0,6.066e+18,6.455,189.0,87.0,170.0,279.0,80.0,3.0
FCTs_20050505_234153_SOUTH_OF_PANAMA,2005-05-05,23:41:53.0,5.082,-82.406,7.0,6.084e+17,5.789,115.0,58.0,-42.0,230.0,55.0,-141.0
FCTs_20050510_010905_SOUTHWEST_OF_SUMATRA__INDONESIA,2005-05-10,01:09:05.0,-6.23,103.14,11.0,3.349e+18,6.283,310.0,37.0,96.0,122.0,54.0,86.0
FCTs_20050512_111535_PACIFIC-ANTARCTIC_RIDGE,2005-05-12,11:15:35.0,-57.38,-139.23,12.0,3.917e+18,6.329,290.0,77.0,176.0,21.0,86.0,13.0
FCTs_20050514_050518_NORTHERN_SUMATRA__INDONESIA,2005-05-14,05:05:18.0,0.59,98.46,38.0,1.68e+19,6.75,331.0,24.0,96.0,145.0,66.0,87.0
FCTs_20050516_035414_SOUTH_OF_KERMADEC_ISLANDS,2005-05-16,03:54:14.0,-32.59,-179.35,45.0,8.107e+18,6.539,203.0,35.0,99.0,12.0,56.0,84.0
FCTs_20050518_102706_TONGA_ISLANDS,2005-05-18,10:27:06.0,-15.32,-173.24,19.0,2.114e+18,6.15,174.0,27.0,73.0,13.0,65.0,98.0
FCTs_20050519_015452_NORTHERN_SUMATRA__INDONESIA,2005-05-19,01:54:52.0,1.99,97.04,25.0,2.716e+19,6.889,315.0,17.0,91.0,134.0,73.0,90.0
FCTs_20050521_051135_PERU-ECUADOR_BORDER_REGION,2005-05-21,05:11:35.0,-3.29,-80.99,25.0,5.188e+18,6.41,300.0,75.0,31.0,201.0,61.0,163.0
FCTs_20050529_214427_KERMADEC_ISLANDS__NEW_ZEALAND,2005-05-29,21:44:27.0,-30.106,-178.012,42.0,9.375e+17,5.915,197.0,37.0,90.0,17.0,53.0,90.0
FCTs_20050601_200641_EASTERN_XIZANG-INDIA_BORDER_REG,2005-06-01,20:06:41.0,28.881,94.626,20.0,4.059e+17,5.672,258.0,3.0,79.0,89.0,87.0,91.0
FCTs_20050602_105601_CHILE-ARGENTINA_BORDER_REGION,2005-06-02,10:56:01.0,-24.22,-67.0,191.0,1.292e+18,6.008,193.0,30.0,-83.0,5.0,60.0,-94.0
FCTs_20050603_004201_NORTHERN_SUMATRA__INDONESIA,2005-06-03,00:42:01.0,1.455,97.146,22.0,8.836e+17,5.898,7.0,22.0,135.0,140.0,74.0,74.0
FCTs_20050604_145046_EASTERN_NEW_GUINEA_REG.__P.N.G,2005-06-04,14:50:46.0,-6.32,146.85,26.0,1.185e+18,5.982,151.0,11.0,-90.0,331.0,79.0,-90.0
FCTs_20050608_062810_NORTHERN_SUMATRA__INDONESIA,2005-06-08,06:28:10.0,2.17,96.72,24.0,2.132e+18,6.152,330.0,15.0,108.0,131.0,75.0,85.0
FCTs_20050609_140049_QUEEN_CHARLOTTE_ISLANDS_REGION,2005-06-09,14:00:49.0,51.554,-131.125,6.0,6.982e+17,5.829,82.0,87.0,13.0,351.0,77.0,177.0
FCTs_20050612_192624_SOUTH_SANDWICH_ISLANDS_REGION,2005-06-12,19:26:24.0,-56.293,-27.075,98.0,1.438e+18,6.039,121.0,18.0,84.0,307.0,72.0,92.0
FCTs_20050613_224433_NORTHERN_CHILE,2005-06-13,22:44:33.0,-19.99,-69.2,107.0,5.002e+20,7.733,177.0,19.0,-82.0,349.0,71.0,-93.0
FCTs_20050614_171012_RAT_ISLANDS__ALEUTIAN_ISLANDS,2005-06-14,17:10:12.0,51.24,179.31,16.0,2.713e+19,6.889,273.0,27.0,114.0,66.0,65.0,78.0
FCTs_20050615_025054_OFF_COAST_OF_NORTHERN_CALIFORNIA,2005-06-15,02:50:54.0,41.29,-125.95,12.0,6.992e+19,7.163,137.0,88.0,158.0,228.0,68.0,2.0
FCTs_20050615_101359_NEW_IRELAND_REGION__P.N.G,2005-06-15,10:13:59.0,-4.59,153.19,56.0,2.906e+18,6.242,276.0,34.0,107.0,76.0,58.0,79.0
FCTs_20050615_195224_OFF_COAST_OF_SOUTHERN_CHILE,2005-06-15,19:52:24.0,-44.87,-80.56,15.0,6.619e+18,6.481,170.0,81.0,-13.0,262.0,77.0,-171.0
FCTs_20050617_062142_OFF_COAST_OF_NORTHERN_CALIFORNIA,2005-06-17,06:21:42.0,40.77,-126.57,8.0,1.109e+19,6.63,290.0,83.0,-175.0,199.0,85.0,-7.0
FCTs_20050627_113545_OFF_COAST_OF_JALISCO__MEXICO,2005-06-27,11:35:45.0,18.78,-107.3,5.0,2.337e+18,6.179,109.0,80.0,-174.0,18.0,84.0,-10.0
FCTs_20050630_212636_PANAMA-COSTA_RICA_BORDER_REGION,2005-06-30,21:26:36.0,8.447,-82.873,24.0,1.033e+18,5.943,322.0,42.0,101.0,127.0,49.0,80.0
FCTs_20050702_021643_NEAR_COAST_OF_NICARAGUA,2005-07-02,02:16:43.0,11.24,-86.17,49.0,7.288e+18,6.508,309.0,27.0,92.0,127.0,63.0,89.0
FCTs_20050705_015202_NORTHERN_SUMATRA__INDONESIA,2005-07-05,01:52:02.0,1.82,97.08,24.0,1.071e+19,6.62,342.0,17.0,119.0,133.0,75.0,82.0
FCTs_20050711_230601_KERMADEC_ISLANDS_REGION,2005-07-11,23:06:01.0,-27.001,-176.322,15.0,1.24e+18,5.996,192.0,24.0,86.0,17.0,66.0,92.0
FCTs_20050723_073456_NEAR_S._COAST_OF_HONSHU__JAPAN,2005-07-23,07:34:56.0,35.498,139.982,65.0,7.997e+17,5.869,171.0,35.0,78.0,5.0,56.0,98.0
FCTs_20050724_154206_NICOBAR_ISLANDS__INDIA_REGION,2005-07-24,15:42:06.0,7.92,92.19,22.0,7.008e+19,7.164,215.0,77.0,15.0,121.0,75.0,166.0
FCTs_20050726_121714_OFF_EAST_COAST_OF_KAMCHATKA,2005-07-26,12:17:14.0,52.871,160.105,36.0,5.08e+17,5.737,208.0,32.0,86.0,32.0,58.0,92.0
FCTs_20050726_141136_SOUTHERN_PERU,2005-07-26,14:11:36.0,-15.345,-72.962,103.0,8.363e+17,5.882,154.0,35.0,-82.0,324.0,56.0,-96.0
FCTs_20050805_005653_ANDREANOF_ISLANDS__ALEUTIAN_IS,2005-08-05,00:56:53.0,51.235,-178.254,32.0,4.845e+17,5.724,245.0,20.0,90.0,64.0,70.0,90.0
FCTs_20050806_095613_TONGA_ISLANDS,2005-08-06,09:56:13.0,-19.614,-175.85,223.0,9.087e+17,5.906,240.0,27.0,-46.0,13.0,71.0,-110.0
FCTs_20050807_021746_PRINCE_EDWARD_ISLANDS_REGION,2005-08-07,02:17:46.0,-47.09,33.62,8.0,2.993e+18,6.251,286.0,81.0,-12.0,18.0,78.0,-171.0
FCTs_20050811_090846_SOUTHEAST_OF_LOYALTY_ISLANDS,2005-08-11,09:08:46.0,-22.68,169.51,7.0,3.659e+18,6.309,182.0,66.0,-158.0,82.0,70.0,-26.0
FCTs_20050813_073652_MARIANA_ISLANDS,2005-08-13,07:36:52.0,20.134,145.801,30.0,7.643e+17,5.855,224.0,39.0,56.0,85.0,58.0,114.0
FCTs_20050814_023940_CHILE-BOLIVIA_BORDER_REGION,2005-08-14,02:39:40.0,-19.78,-68.98,110.0,5.032e+17,5.735,184.0,15.0,-78.0,352.0,75.0,-93.0
FCTs_20050816_024628_NEAR_EAST_COAST_OF_HONSHU__JAPAN,2005-08-16,02:46:28.0,38.28,142.04,41.0,8.458e+19,7.218,207.0,22.0,90.0,27.0,68.0,90.0
FCTs_20050826_181633_EASTERN_GULF_OF_ADEN,2005-08-26,18:16:33.0,14.42,52.37,11.0,2.161e+18,6.156,206.0,81.0,175.0,297.0,85.0,9.0
FCTs_20050827_183820_SOUTH_OF_PANAMA,2005-08-27,18:38:20.0,6.82,-82.43,6.0,1.586e+18,6.067,279.0,88.0,-7.0,10.0,83.0,-178.0
FCTs_20050830_181045_OFF_EAST_COAST_OF_HONSHU__JAPAN,2005-08-30,18:10:45.0,38.48,143.18,12.0,2.356e+18,6.181,229.0,18.0,102.0,36.0,73.0,86.0
FCTs_20050904_235834_CELEBES_SEA,2005-09-04,23:58:34.0,3.004,123.073,443.0,1.036e+18,5.943,51.0,72.0,160.0,148.0,71.0,20.0
FCTs_20050909_072643_NEW_IRELAND_REGION__P.N.G,2005-09-09,07:26:43.0,-4.54,153.47,83.0,4.791e+20,7.72,137.0,32.0,88.0,319.0,58.0,91.0
FCTs_20050921_022508_KURIL_ISLANDS,2005-09-21,02:25:08.0,43.89,146.15,109.0,1.385e+18,6.028,139.0,4.0,2.0,47.0,90.0,94.0
FCTs_20050925_125546_VANUATU_ISLANDS,2005-09-25,12:55:46.0,-17.51,167.8,31.0,2.253e+18,6.169,345.0,26.0,92.0,163.0,64.0,89.0
FCTs_20050926_015537_NORTHERN_PERU,2005-09-26,01:55:37.0,-5.68,-76.4,121.0,2.396e+20,7.52,351.0,39.0,-90.0,171.0,51.0,-90.0
FCTs_20050929_155024_NEW_BRITAIN_REGION__P.N.G,2005-09-29,15:50:24.0,-5.44,151.84,28.0,9.831e+18,6.595,240.0,22.0,89.0,61.0,68.0,90.0
FCTs_20051002_235944_NEW_BRITAIN_REGION__P.N.G,2005-10-02,23:59:44.0,-5.595,151.651,28.0,6.101e+17,5.79,270.0,23.0,112.0,67.0,69.0,81.0
FCTs_20051008_035040_PAKISTAN,2005-10-08,03:50:40.0,34.54,73.59,12.0,3.361e+20,7.618,333.0,28.0,121.0,118.0,66.0,74.0
FCTs_20051015_100617_EAST_OF_KURIL_ISLANDS,2005-10-15,10:06:17.0,46.82,154.11,49.0,1.786e+18,6.101,213.0,24.0,95.0,28.0,66.0,88.0
FCTs_20051015_155108_NORTHEAST_OF_TAIWAN,2005-10-15,15:51:08.0,25.31,123.35,195.0,6.064e+18,6.455,324.0,23.0,164.0,68.0,84.0,68.0
FCTs_20051019_114442_NEAR_EAST_COAST_OF_HONSHU__JAPAN,2005-10-19,11:44:42.0,36.4,140.84,35.0,3.662e+18,6.309,203.0,24.0,91.0,22.0,66.0,90.0
FCTs_20051023_100814_SEA_OF_JAPAN,2005-10-23,10:08:14.0,37.377,134.556,397.0,1.161e+18,5.977,304.0,22.0,39.0,178.0,77.0,107.0
FCTs_20051025_194043_NEAR_S_COAST_OF_NEW_GUINEA__PNG,2005-10-25,19:40:43.0,-7.154,145.976,182.0,7.433e+17,5.847,151.0,33.0,69.0,355.0,59.0,103.0
FCTs_20051029_040556_SOUTHEAST_INDIAN_RIDGE,2005-10-29,04:05:56.0,-45.21,96.9,8.0,8.611e+18,6.557,83.0,38.0,-117.0,297.0,57.0,-70.0
FCTs_20051105_104821_BISMARCK_SEA,2005-11-05,10:48:21.0,-3.15,148.14,12.0,8.584e+18,6.556,113.0,83.0,-1.0,203.0,89.0,-173.0
FCTs_20051110_192954_SOUTHEASTERN_SIBERIA__RUSSIA,2005-11-10,19:29:54.0,57.47,120.586,7.0,6.85e+17,5.824,262.0,38.0,-103.0,99.0,53.0,-80.0
FCTs_20051113_102458_SERAM__INDONESIA,2005-11-13,10:24:58.0,-3.1,128.944,24.0,1.168e+18,5.978,309.0,62.0,127.0,71.0,45.0,41.0
FCTs_20051114_213851_OFF_EAST_COAST_OF_HONSHU__JAPAN,2005-11-14,21:38:51.0,38.11,144.9,18.0,2.961e+19,6.914,36.0,48.0,-59.0,175.0,50.0,-119.0
FCTs_20051117_192654_CHILE-BOLIVIA_BORDER_REGION,2005-11-17,19:26:54.0,-22.36,-67.89,151.0,2.009e+19,6.802,133.0,15.0,-139.0,3.0,80.0,-78.0
FCTs_20051119_141013_NORTHERN_SUMATRA__INDONESIA,2005-11-19,14:10:13.0,2.16,96.79,26.0,5.095e+18,6.405,314.0,11.0,89.0,135.0,79.0,90.0
FCTs_20051120_125302_UNIMAK_ISLAND_REGION__ALASKA,2005-11-20,12:53:02.0,53.84,-164.09,31.0,2.315e+18,6.176,246.0,27.0,97.0,58.0,63.0,86.0
FCTs_20051121_153630_KYUSHU__JAPAN,2005-11-21,15:36:30.0,31.02,130.0,155.0,1.921e+18,6.122,243.0,19.0,149.0,3.0,80.0,74.0
FCTs_20051122_151131_EASTERN_NEW_GUINEA_REG.__P.N.G,2005-11-22,15:11:31.0,-5.15,145.28,80.0,2.55e+18,6.204,347.0,28.0,-21.0,95.0,80.0,-117.0
FCTs_20051127_102219_SOUTHERN_IRAN,2005-11-27,10:22:19.0,26.774,55.858,8.0,1.147e+18,5.973,70.0,42.0,81.0,262.0,49.0,98.0
FCTs_20051128_164128_MARIANA_ISLANDS_REGION,2005-11-28,16:41:28.0,20.29,146.055,13.0,1.113e+18,5.964,7.0,29.0,-37.0,130.0,73.0,-114.0
FCTs_20051130_165342_MINDANAO__PHILIPPINES,2005-11-30,16:53:42.0,6.27,124.03,16.0,4.018e+18,6.336,318.0,26.0,63.0,168.0,67.0,102.0
FCTs_20051202_131309_NEAR_EAST_COAST_OF_HONSHU__JAPAN,2005-12-02,13:13:09.0,38.09,142.12,33.0,6.088e+18,6.456,196.0,19.0,84.0,22.0,71.0,92.0
FCTs_20051203_161039_RYUKYU_ISLANDS__JAPAN,2005-12-03,16:10:39.0,29.338,130.29,32.0,9.27e+17,5.911,236.0,22.0,106.0,39.0,69.0,84.0
FCTs_20051205_121956_LAKE_TANGANYIKA_REGION,2005-12-05,12:19:56.0,-6.22,29.83,12.0,2.744e+19,6.892,152.0,45.0,-127.0,19.0,56.0,-59.0
FCTs_20051207_233251_KERMADEC_ISLANDS__NEW_ZEALAND,2005-12-07,23:32:51.0,-30.01,-177.64,23.0,3.276e+18,6.277,201.0,27.0,94.0,16.0,63.0,88.0
FCTs_20051208_090127_EASTERN_NEW_GUINEA_REG.__P.N.G,2005-12-08,09:01:27.0,-5.41,146.95,222.0,1.944e+18,6.126,255.0,27.0,58.0,110.0,67.0,105.0
FCTs_20051211_142045_NEW_BRITAIN_REGION__P.N.G,2005-12-11,14:20:45.0,-6.58,152.22,13.0,1.062e+19,6.618,79.0,39.0,-84.0,251.0,51.0,-95.0
FCTs_20051212_214746_AFGHANISTAN-TAJIKISTAN_BORD_REG,2005-12-12,21:47:46.0,36.36,71.09,215.0,9.966e+18,6.599,277.0,41.0,102.0,81.0,50.0,79.0
FCTs_20051213_031606_FIJI_ISLANDS_REGION,2005-12-13,03:16:06.0,-15.27,-178.57,7.0,1.586e+19,6.734,272.0,80.0,-4.0,2.0,86.0,-170.0
FCTs_20051220_055112_W._CAROLINE_ISLANDS__MICRONESIA,2005-12-20,05:51:12.0,12.23,140.99,11.0,1.575e+18,6.065,234.0,44.0,-110.0,80.0,49.0,-72.0
FCTs_20051221_070905_SOUTHERN_MOLUCCA_SEA,2005-12-21,07:09:05.0,-0.07,124.67,36.0,5.938e+18,6.449,254.0,33.0,120.0,39.0,62.0,72.0
FCTs_20051223_214728_ECUADOR,2005-12-23,21:47:28.0,-1.39,-77.52,188.0,1.867e+18,6.114,147.0,17.0,-85.0,321.0,73.0,-92.0
FCTs_20060102_061049_EAST_OF_SOUTH_SANDWICH_ISLANDS,2006-01-02,06:10:49.0,-60.96,-21.61,19.0,1.609e+20,7.404,269.0,80.0,11.0,177.0,79.0,170.0
FCTs_20060102_221340_FIJI_ISLANDS_REGION,2006-01-02,22:13:40.0,-19.93,-178.18,609.0,5.08e+19,7.071,269.0,23.0,-50.0,47.0,73.0,-105.0
FCTs_20060103_122757_MARIANA_ISLANDS,2006-01-03,12:27:57.0,13.841,145.287,71.0,5.679e+17,5.77,305.0,20.0,154.0,60.0,81.0,72.0
FCTs_20060104_083232_GULF_OF_CALIFORNIA,2006-01-04,08:32:32.0,28.16,-112.12,10.0,1.005e+19,6.601,221.0,83.0,15.0,129.0,75.0,172.0
FCTs_20060108_113455_SOUTHERN_GREECE,2006-01-08,11:34:55.0,36.31,23.21,70.0,1.41e+19,6.699,193.0,42.0,53.0,59.0,57.0,119.0
FCTs_20060115_115829_FLORES_SEA,2006-01-15,11:58:29.0,-7.83,122.6,263.0,2.061e+18,6.143,329.0,42.0,-30.0,82.0,70.0,-128.0
FCTs_20060123_060258_VANUATU_ISLANDS,2006-01-23,06:02:58.0,-17.39,167.71,25.0,5.966e+18,6.45,350.0,28.0,90.0,170.0,62.0,90.0
FCTs_20060123_205044_NEAR_WEST_COAST_OF_COLOMBIA,2006-01-23,20:50:44.0,6.86,-77.79,20.0,2.01e+18,6.135,331.0,23.0,65.0,178.0,70.0,100.0
FCTs_20060127_165853_BANDA_SEA,2006-01-27,16:58:53.0,-5.47,128.13,396.0,4.033e+20,7.67,37.0,39.0,-52.0,172.0,60.0,-117.0
FCTs_20060131_191551_NORTHERN_SUMATRA__INDONESIA,2006-01-31,19:15:51.0,2.703,96.073,25.0,1.203e+18,5.987,335.0,20.0,109.0,135.0,71.0,83.0
FCTs_20060202_124843_FIJI_ISLANDS_REGION,2006-02-02,12:48:43.0,-17.75,-178.39,619.0,1.4e+19,6.697,235.0,36.0,-46.0,5.0,65.0,-117.0
FCTs_20060203_203410_ANDAMAN_ISLANDS__INDIA_REGION,2006-02-03,20:34:10.0,11.86,92.37,18.0,1.727e+18,6.091,5.0,18.0,106.0,169.0,73.0,85.0
FCTs_20060214_152723_MARIANA_ISLANDS_REGION,2006-02-14,15:27:23.0,20.82,146.18,49.0,2.213e+18,6.163,223.0,29.0,-166.0,120.0,83.0,-61.0
FCTs_20060218_155922_NEW_BRITAIN_REGION__P.N.G,2006-02-18,15:59:22.0,-5.19,152.05,54.0,2.537e+18,6.203,110.0,15.0,95.0,285.0,75.0,89.0
FCTs_20060222_221907_MOZAMBIQUE,2006-02-22,22:19:07.0,-21.32,33.58,13.0,5.011e+19,7.067,324.0,25.0,-118.0,174.0,68.0,-78.0
FCTs_20060224_141545_FIJI_ISLANDS_REGION,2006-02-24,14:15:45.0,-18.0,-179.59,646.0,1.448e+18,6.04,59.0,29.0,-166.0,317.0,83.0,-62.0
FCTs_20060226_030827_SOUTH_OF_FIJI_ISLANDS,2006-02-26,03:08:27.0,-23.61,-179.99,553.0,4.683e+18,6.38,55.0,34.0,128.0,192.0,64.0,68.0
FCTs_20060228_073102_SOUTHERN_IRAN,2006-02-28,07:31:02.0,28.12,56.865,17.0,1.511e+18,6.053,281.0,7.0,97.0,94.0,83.0,89.0
FCTs_20060306_181308_MID-INDIAN_RIDGE,2006-03-06,18:13:08.0,-40.1,78.49,7.0,2.636e+18,6.214,224.0,75.0,3.0,134.0,87.0,165.0
FCTs_20060307_062855_VANUATU_ISLANDS,2006-03-07,06:28:55.0,-14.81,167.37,144.0,2.391e+18,6.186,185.0,55.0,132.0,307.0,52.0,46.0
FCTs_20060314_065733_SERAM__INDONESIA,2006-03-14,06:57:33.0,-3.6,127.21,32.0,2.327e+19,6.845,192.0,79.0,153.0,287.0,64.0,13.0
FCTs_20060324_122705_NEAR_N_COAST_OF_NEW_GUINEA__PNG,2006-03-24,12:27:05.0,-3.24,143.14,11.0,1.55e+18,6.06,99.0,34.0,32.0,341.0,73.0,119.0
FCTs_20060325_072857_SOUTHERN_IRAN,2006-03-25,07:28:57.0,27.574,55.685,10.0,6.288e+17,5.799,258.0,33.0,83.0,87.0,57.0,95.0
FCTs_20060328_133247_SOUTHEAST_OF_HONSHU__JAPAN,2006-03-28,13:32:47.0,31.713,137.746,417.0,9.961e+17,5.932,78.0,12.0,-176.0,344.0,89.0,-78.0
FCTs_20060331_011700_WESTERN_IRAN,2006-03-31,01:17:00.0,33.5,48.78,22.0,1.763e+18,6.097,220.0,90.0,-20.0,310.0,70.0,-180.0
FCTs_20060331_132100_KERMADEC_ISLANDS_REGION,2006-03-31,13:21:00.0,-29.43,-176.77,12.0,9.595e+18,6.588,191.0,17.0,87.0,15.0,73.0,91.0
FCTs_20060331_211445_TALAUD_ISLANDS__INDONESIA,2006-03-31,21:14:45.0,3.8,126.34,32.0,2.202e+18,6.162,50.0,41.0,-150.0,296.0,71.0,-53.0
FCTs_20060401_100219_TAIWAN_REGION,2006-04-01,10:02:19.0,22.87,121.28,11.0,2.169e+18,6.158,208.0,55.0,26.0,102.0,69.0,142.0
FCTs_20060415_224054_TAIWAN_REGION,2006-04-15,22:40:54.0,22.802,121.362,18.0,9.638e+17,5.923,353.0,42.0,61.0,210.0,54.0,113.0
FCTs_20060417_234956_SANTA_CRUZ_ISLANDS,2006-04-17,23:49:56.0,-12.48,166.51,24.0,1.84e+18,6.11,335.0,35.0,85.0,161.0,56.0,93.0
FCTs_20060419_203646_OFF_W_COAST_OF_NORTHERN_SUMATRA,2006-04-19,20:36:46.0,2.64,93.23,5.0,3.275e+18,6.277,289.0,73.0,-169.0,196.0,79.0,-17.0
FCTs_20060420_232502_EASTERN_SIBERIA__RUSSIA,2006-04-20,23:25:02.0,60.95,167.09,12.0,3.055e+20,7.59,52.0,45.0,121.0,192.0,53.0,63.0
FCTs_20060421_111415_EASTERN_SIBERIA__RUSSIA,2006-04-21,11:14:15.0,61.35,167.52,12.0,1.373e+18,6.025,23.0,40.0,78.0,218.0,51.0,100.0
FCTs_20060425_182617_NORTHERN_SUMATRA__INDONESIA,2006-04-25,18:26:17.0,1.99,97.0,25.0,3.182e+18,6.268,318.0,12.0,96.0,132.0,78.0,89.0
FCTs_20060429_040613_SOUTH_OF_SUMBAWA__INDONESIA,2006-04-29,04:06:13.0,-11.211,118.349,27.0,4.86e+17,5.724,245.0,33.0,-108.0,86.0,58.0,-78.0
FCTs_20060429_165806_EASTERN_SIBERIA__RUSSIA,2006-04-29,16:58:06.0,60.49,167.52,10.0,1.13e+19,6.635,239.0,43.0,133.0,7.0,60.0,58.0
FCTs_20060430_081734_VANUATU_ISLANDS,2006-04-30,08:17:34.0,-15.1,167.44,135.0,1.503e+18,6.051,350.0,43.0,78.0,186.0,48.0,101.0
FCTs_20060430_191714_NEAR_COAST_OF_NORTHERN_CHILE,2006-04-30,19:17:14.0,-27.02,-71.02,14.0,1.403e+19,6.698,7.0,17.0,101.0,175.0,73.0,87.0
FCTs_20060430_214058_NEAR_COAST_OF_NORTHERN_CHILE,2006-04-30,21:40:58.0,-27.21,-71.06,32.0,6.341e+18,6.468,17.0,22.0,113.0,172.0,70.0,81.0
FCTs_20060501_074759_PANAMA-COSTA_RICA_BORDER_REGION,2006-05-01,07:47:59.0,8.165,-82.882,12.0,8.651e+17,5.891,331.0,39.0,136.0,98.0,64.0,60.0
FCTs_20060503_152640_TONGA_ISLANDS,2006-05-03,15:26:40.0,-20.19,-174.12,51.0,1.242e+21,7.996,227.0,24.0,124.0,10.0,71.0,76.0
FCTs_20060504_112526_TONGA_ISLANDS,2006-05-04,11:25:26.0,-20.579,-174.036,12.0,1.591e+18,6.068,117.0,11.0,21.0,6.0,86.0,100.0
FCTs_20060506_182650_MID-INDIAN_RIDGE,2006-05-06,18:26:50.0,-38.62,78.57,12.0,1.193e+18,5.984,219.0,68.0,-22.0,318.0,70.0,-156.0
FCTs_20060507_141735_MID-INDIAN_RIDGE,2006-05-07,14:17:35.0,-36.81,78.54,14.0,2.052e+18,6.141,135.0,89.0,-170.0,45.0,80.0,-1.0
FCTs_20060508_091657_SOUTHERN_SUMATRA__INDONESIA,2006-05-08,09:16:57.0,-4.852,102.346,29.0,8.245e+17,5.877,318.0,22.0,107.0,119.0,69.0,83.0
FCTs_20060509_110221_EASTERN_SIBERIA__RUSSIA,2006-05-09,11:02:21.0,60.755,165.845,7.0,3.982e+17,5.667,173.0,72.0,136.0,281.0,48.0,25.0
FCTs_20060510_024251_FOX_ISLANDS__ALEUTIAN_ISLANDS,2006-05-10,02:42:51.0,52.51,-169.26,26.0,4.884e+18,6.393,265.0,27.0,103.0,70.0,64.0,83.0
FCTs_20060516_103923_KERMADEC_ISLANDS_REGION,2006-05-16,10:39:23.0,-31.81,-179.31,160.0,2.097e+20,7.481,144.0,21.0,64.0,351.0,71.0,100.0
FCTs_20060517_030616_TONGA_ISLANDS,2006-05-17,03:06:16.0,-20.634,-173.952,16.0,1.06e+18,5.95,96.0,37.0,22.0,348.0,77.0,124.0
FCTs_20060519_144424_SOUTHERN_MOLUCCA_SEA,2006-05-19,14:44:24.0,-0.14,124.71,30.0,3.296e+18,6.279,260.0,31.0,133.0,33.0,68.0,68.0
FCTs_20060522_111200_EASTERN_SIBERIA__RUSSIA,2006-05-22,11:12:00.0,60.77,165.74,7.0,7.665e+18,6.523,256.0,83.0,10.0,164.0,80.0,173.0
FCTs_20060522_205357_BANDA_SEA,2006-05-22,20:53:57.0,-4.72,126.81,7.0,2.116e+18,6.15,225.0,75.0,26.0,128.0,65.0,164.0
FCTs_20060526_225358_JAVA__INDONESIA,2006-05-26,22:53:58.0,-7.96,110.45,8.0,7.601e+18,6.521,329.0,34.0,-152.0,216.0,75.0,-59.0
FCTs_20060528_031208_NEW_BRITAIN_REGION__P.N.G,2006-05-28,03:12:08.0,-5.72,151.13,23.0,9.469e+18,6.584,248.0,34.0,78.0,83.0,57.0,98.0
FCTs_20060609_055827_FIJI_ISLANDS_REGION,2006-06-09,05:58:27.0,-17.53,-178.75,585.0,1.876e+18,6.116,14.0,69.0,-151.0,273.0,63.0,-23.0
FCTs_20060609_231727_PRINCE_EDWARD_ISLANDS_REGION,2006-06-09,23:17:27.0,-47.75,32.612,5.0,4.978e+17,5.731,35.0,56.0,-149.0,287.0,65.0,-38.0
FCTs_20060611_200126_KYUSHU__JAPAN,2006-06-11,20:01:26.0,33.13,131.15,141.0,4.281e+18,6.354,183.0,33.0,56.0,42.0,63.0,110.0
FCTs_20060614_041842_RAT_ISLANDS__ALEUTIAN_ISLANDS,2006-06-14,04:18:42.0,51.75,177.08,17.0,7.982e+18,6.535,228.0,81.0,-13.0,320.0,77.0,-171.0
FCTs_20060615_064948_MONGOLIA,2006-06-15,06:49:48.0,45.389,97.354,9.0,4.162e+17,5.68,95.0,60.0,25.0,352.0,68.0,148.0
FCTs_20060618_182802_NORTHERN_MID-ATLANTIC_RIDGE,2006-06-18,18:28:02.0,33.028,-39.702,10.0,1.195e+18,5.985,218.0,47.0,-59.0,357.0,51.0,-119.0
FCTs_20060621_123452_NICOBAR_ISLANDS__INDIA_REGION,2006-06-21,12:34:52.0,6.938,92.454,18.0,1.449e+18,6.041,173.0,39.0,103.0,337.0,53.0,80.0
FCTs_20060622_105311_KURIL_ISLANDS,2006-06-22,10:53:11.0,45.417,149.343,103.0,1.074e+18,5.954,148.0,8.0,-10.0,247.0,89.0,-98.0
FCTs_20060624_211500_MINAHASSA_PENINSULA__SULAWESI,2006-06-24,21:15:00.0,-0.39,123.19,30.0,3.601e+18,6.304,45.0,55.0,139.0,161.0,58.0,42.0
FCTs_20060627_023932_RAT_ISLANDS__ALEUTIAN_ISLANDS,2006-06-27,02:39:32.0,52.23,176.16,14.0,3.989e+18,6.334,210.0,80.0,23.0,115.0,67.0,169.0
FCTs_20060627_130309_OFF_COAST_OF_CHIAPAS__MEXICO,2006-06-27,13:03:09.0,14.986,-94.14,13.0,7.869e+17,5.864,314.0,24.0,104.0,118.0,67.0,84.0
FCTs_20060627_180722_NICOBAR_ISLANDS__INDIA_REGION,2006-06-27,18:07:22.0,6.5,92.79,29.0,2.072e+18,6.144,18.0,28.0,116.0,169.0,65.0,77.0
FCTs_20060628_210209_SOUTHERN_IRAN,2006-06-28,21:02:09.0,26.925,55.866,9.0,5.735e+17,5.772,245.0,36.0,117.0,32.0,58.0,71.0
FCTs_20060706_035750_TAJIKISTAN,2006-07-06,03:57:50.0,39.119,71.836,7.0,4.081e+17,5.674,36.0,39.0,44.0,269.0,64.0,120.0
FCTs_20060707_072612_TONGA_ISLANDS,2006-07-07,07:26:12.0,-15.244,-173.61,43.0,9.45e+17,5.917,323.0,3.0,-47.0,100.0,88.0,-92.0
FCTs_20060708_204000_ANDREANOF_ISLANDS__ALEUTIAN_IS,2006-07-08,20:40:00.0,51.21,-179.31,21.0,1.254e+19,6.666,264.0,26.0,110.0,63.0,66.0,81.0
FCTs_20060715_071047_BANDA_SEA,2006-07-15,07:10:47.0,-4.446,126.156,385.0,8.065e+17,5.871,109.0,33.0,-64.0,259.0,61.0,-106.0
FCTs_20060716_114241_OFF_COAST_OF_CENTRAL_CHILE,2006-07-16,11:42:41.0,-28.72,-72.54,16.0,1.869e+18,6.114,205.0,42.0,-66.0,353.0,53.0,-110.0
FCTs_20060717_081926_SOUTH_OF_JAVA__INDONESIA,2006-07-17,08:19:26.0,-9.28,107.42,22.0,5.643e+20,7.768,287.0,9.0,91.0,105.0,81.0,90.0
FCTs_20060717_154559_SOUTH_OF_JAVA__INDONESIA,2006-07-17,15:45:59.0,-9.42,108.32,20.0,2.823e+18,6.234,307.0,1.0,118.0,100.0,89.0,90.0
FCTs_20060719_105736_SUNDA_STRAIT__INDONESIA,2006-07-19,10:57:36.0,-6.53,105.39,40.0,1.92e+18,6.122,315.0,30.0,112.0,110.0,62.0,78.0
FCTs_20060723_082204_MINAHASSA_PENINSULA__SULAWESI,2006-07-23,08:22:04.0,-0.336,123.286,32.0,7.729e+17,5.859,168.0,52.0,45.0,47.0,56.0,133.0
FCTs_20060727_111640_NORTHERN_SUMATRA__INDONESIA,2006-07-27,11:16:40.0,1.71,97.15,25.0,1.786e+18,6.101,352.0,19.0,127.0,134.0,75.0,79.0
FCTs_20060728_074011_TAIWAN_REGION,2006-07-28,07:40:11.0,24.183,122.526,34.0,6.882e+17,5.825,288.0,27.0,128.0,67.0,69.0,73.0
FCTs_20060729_195343_NORTH_ATLANTIC_OCEAN,2006-07-29,19:53:43.0,23.589,-63.923,7.0,2.437e+17,5.525,358.0,39.0,68.0,205.0,55.0,107.0
FCTs_20060802_144504_SOUTH_OF_SUMBAWA__INDONESIA,2006-08-02,14:45:04.0,-11.167,116.85,16.0,6.888e+17,5.825,83.0,39.0,-107.0,284.0,53.0,-77.0
FCTs_20060806_181639_BONIN_ISLANDS__JAPAN_REGION,2006-08-06,18:16:39.0,26.119,144.011,22.0,9.207e+17,5.909,311.0,38.0,-83.0,122.0,53.0,-96.0
FCTs_20060807_221855_VANUATU_ISLANDS,2006-08-07,22:18:55.0,-15.8,167.79,158.0,1.844e+19,6.777,275.0,41.0,-37.0,34.0,67.0,-125.0
FCTs_20060811_143040_GUERRERO__MEXICO,2006-08-11,14:30:40.0,18.54,-101.05,58.0,8.044e+17,5.87,108.0,33.0,-85.0,282.0,57.0,-93.0
FCTs_20060811_205414_NORTHERN_SUMATRA__INDONESIA,2006-08-11,20:54:14.0,2.4,96.35,23.0,2.814e+18,6.233,317.0,12.0,98.0,130.0,78.0,88.0
FCTs_20060815_030511_BANDA_SEA,2006-08-15,03:05:11.0,-4.672,126.734,8.0,9.37e+17,5.914,245.0,36.0,59.0,102.0,60.0,110.0
FCTs_20060815_235346_FIJI_ISLANDS_REGION,2006-08-15,23:53:46.0,-21.19,-176.25,171.0,1.224e+18,5.992,270.0,25.0,-12.0,11.0,85.0,-114.0
FCTs_20060816_183859_SOUTHWEST_INDIAN_RIDGE,2006-08-16,18:38:59.0,-28.815,61.736,7.0,6.869e+17,5.825,271.0,47.0,-61.0,51.0,50.0,-118.0
FCTs_20060820_030102_KURIL_ISLANDS,2006-08-20,03:01:02.0,49.823,156.415,31.0,1.345e+18,6.019,224.0,32.0,76.0,60.0,59.0,98.0
FCTs_20060824_215036_NEAR_EAST_COAST_OF_KAMCHATKA,2006-08-24,21:50:36.0,51.15,157.52,44.0,6.744e+18,6.486,224.0,36.0,100.0,31.0,55.0,83.0
FCTs_20060825_004446_CHILE-ARGENTINA_BORDER_REGION,2006-08-25,00:44:46.0,-24.4,-67.03,184.0,9.117e+18,6.573,199.0,35.0,-43.0,326.0,67.0,-117.0
FCTs_20060901_101851_SOLOMON_ISLANDS,2006-09-01,10:18:51.0,-6.76,155.51,43.0,2.291e+19,6.84,304.0,43.0,81.0,136.0,47.0,98.0
FCTs_20060909_041312_FLORES_SEA,2006-09-09,04:13:12.0,-7.22,120.11,591.0,3.38e+18,6.286,295.0,27.0,-56.0,78.0,68.0,-106.0
FCTs_20060910_145608_GULF_OF_MEXICO,2006-09-10,14:56:08.0,26.319,-86.606,17.0,8.923e+17,5.9,330.0,33.0,123.0,112.0,63.0,70.0
FCTs_20060912_133055_LA_RIOJA_PROVINCE__ARGENTINA,2006-09-12,13:30:55.0,-28.944,-68.898,109.0,8.701e+17,5.893,308.0,27.0,-109.0,149.0,65.0,-81.0
FCTs_20060916_022250_SEA_OF_JAPAN,2006-09-16,02:22:50.0,41.364,135.697,385.0,7.523e+17,5.851,84.0,31.0,168.0,185.0,84.0,60.0
FCTs_20060916_094523_SERAM__INDONESIA,2006-09-16,09:45:23.0,-3.08,129.44,20.0,3.205e+18,6.271,91.0,20.0,49.0,314.0,75.0,103.0
FCTs_20060917_093413_SAN_JUAN_PROVINCE__ARGENTINA,2006-09-17,09:34:13.0,-31.73,-67.14,134.0,2.016e+18,6.136,153.0,17.0,-146.0,30.0,81.0,-76.0
FCTs_20060918_034556_ANDREANOF_ISLANDS__ALEUTIAN_IS,2006-09-18,03:45:56.0,51.596,-173.961,18.0,6.583e+17,5.812,247.0,21.0,86.0,71.0,69.0,92.0
FCTs_20060921_185450_SOUTH_OF_JAVA__INDONESIA,2006-09-21,18:54:50.0,-9.05,110.365,27.0,1.199e+18,5.986,285.0,21.0,88.0,108.0,69.0,91.0
FCTs_20060922_023225_SANTIAGO_DEL_ESTERO_PROV.__ARG,2006-09-22,02:32:25.0,-26.868,-63.149,599.0,9.976e+17,5.933,356.0,29.0,-67.0,150.0,63.0,-102.0
FCTs_20060928_013648_KURIL_ISLANDS,2006-09-28,01:36:48.0,46.462,153.36,12.0,1.222e+18,5.991,212.0,22.0,87.0,35.0,68.0,91.0
FCTs_20060928_062209_SAMOA_ISLANDS_REGION,2006-09-28,06:22:09.0,-16.59,-172.03,14.0,2.978e+19,6.916,8.0,39.0,-105.0,207.0,53.0,-78.0
FCTs_20060929_130826_TRINIDAD,2006-09-29,13:08:26.0,10.88,-61.76,64.0,8.167e+17,5.875,360.0,46.0,-173.0,265.0,85.0,-45.0
FCTs_20060930_162656_SOUTHERN_PERU,2006-09-30,16:26:56.0,-15.588,-73.16,99.0,6.63e+17,5.814,184.0,40.0,-61.0,328.0,56.0,-112.0
FCTs_20060930_175023_KURIL_ISLANDS,2006-09-30,17:50:23.0,46.35,153.17,11.0,1.242e+19,6.663,232.0,19.0,109.0,32.0,72.0,84.0
FCTs_20061001_090602_KURIL_ISLANDS,2006-10-01,09:06:02.0,46.47,153.24,11.0,1.102e+19,6.628,216.0,20.0,90.0,36.0,70.0,90.0
FCTs_20061003_180313_VANUATU_ISLANDS,2006-10-03,18:03:13.0,-18.84,169.0,166.0,3.548e+18,6.3,315.0,25.0,71.0,156.0,66.0,99.0
FCTs_20061008_135024_TONGA_ISLANDS_REGION,2006-10-08,13:50:24.0,-23.554,-175.271,11.0,6.956e+17,5.828,30.0,20.0,-86.0,206.0,70.0,-91.0
FCTs_20061009_100147_PHILIPPINE_ISLANDS_REGION,2006-10-09,10:01:47.0,20.65,120.02,10.0,4.413e+18,6.363,168.0,43.0,-94.0,354.0,47.0,-86.0
FCTs_20061012_180556_NEAR_COAST_OF_CENTRAL_CHILE,2006-10-12,18:05:56.0,-31.26,-71.37,33.0,4.725e+18,6.383,2.0,31.0,95.0,175.0,59.0,87.0
FCTs_20061015_170749_HAWAII,2006-10-15,17:07:49.0,19.88,-155.93,39.0,1.122e+19,6.633,96.0,41.0,-134.0,328.0,62.0,-59.0
FCTs_20061017_012512_NEW_BRITAIN_REGION__P.N.G,2006-10-17,01:25:12.0,-5.88,150.98,31.0,1.641e+19,6.743,353.0,36.0,82.0,183.0,54.0,96.0
FCTs_20061018_104532_VANUATU_ISLANDS,2006-10-18,10:45:32.0,-15.05,167.27,133.0,4.467e+18,6.367,355.0,43.0,72.0,199.0,49.0,106.0
FCTs_20061020_104856_NEAR_COAST_OF_PERU,2006-10-20,10:48:56.0,-13.46,-76.68,27.0,1.238e+19,6.662,342.0,20.0,80.0,173.0,70.0,94.0
FCTs_20061020_172703_MINDORO__PHILIPPINES,2006-10-20,17:27:03.0,13.493,121.527,14.0,5.941e+17,5.783,271.0,89.0,20.0,181.0,70.0,179.0
FCTs_20061021_182320_MINDORO__PHILIPPINES,2006-10-21,18:23:20.0,13.368,121.378,11.0,1.287e+18,6.006,292.0,86.0,14.0,201.0,76.0,175.0
FCTs_20061022_085516_SOUTHEAST_INDIAN_RIDGE,2006-10-22,08:55:16.0,-45.73,95.99,6.0,1.793e+18,6.102,219.0,75.0,28.0,121.0,63.0,164.0
FCTs_20061023_211719_SOUTHEAST_OF_HONSHU__JAPAN,2006-10-23,21:17:19.0,29.35,140.27,15.0,3.403e+18,6.288,314.0,40.0,-109.0,158.0,53.0,-75.0
FCTs_20061024_030345_TALAUD_ISLANDS__INDONESIA,2006-10-24,03:03:45.0,4.9,125.29,9.0,9.745e+17,5.926,331.0,31.0,71.0,173.0,61.0,101.0
FCTs_20061026_142837_SICILY__ITALY,2006-10-26,14:28:37.0,38.649,15.39,218.0,7.139e+17,5.836,263.0,19.0,-80.0,73.0,72.0,-93.0
FCTs_20061106_205651_EASTERN_NEW_GUINEA_REG.__P.N.G,2006-11-06,20:56:51.0,-5.45,146.637,159.0,9.728e+17,5.925,199.0,37.0,-77.0,3.0,54.0,-99.0
FCTs_20061107_173833_NEW_BRITAIN_REGION__P.N.G,2006-11-07,17:38:33.0,-6.48,151.2,8.0,5.723e+18,6.438,239.0,42.0,-78.0,43.0,49.0,-100.0
FCTs_20061111_151030_NEW_BRITAIN_REGION__P.N.G,2006-11-11,15:10:30.0,-5.994,148.593,44.0,1.193e+18,5.984,260.0,41.0,86.0,86.0,50.0,94.0
FCTs_20061112_182126_NEW_BRITAIN_REGION__P.N.G,2006-11-12,18:21:26.0,-6.22,151.05,11.0,2.528e+18,6.202,22.0,57.0,135.0,140.0,54.0,42.0
FCTs_20061112_212742_KURIL_ISLANDS,2006-11-12,21:27:42.0,48.281,154.246,42.0,1.085e+18,5.957,219.0,36.0,95.0,33.0,54.0,86.0
FCTs_20061113_012635_SANTIAGO_DEL_ESTERO_PROV.__ARG,2006-11-13,01:26:35.0,-26.05,-63.28,583.0,2.347e+19,6.847,348.0,10.0,-80.0,159.0,81.0,-92.0
FCTs_20061113_161228_NEW_BRITAIN_REGION__P.N.G,2006-11-13,16:12:28.0,-6.38,151.23,14.0,1.869e+18,6.114,68.0,43.0,-81.0,235.0,48.0,-99.0
FCTs_20061114_142101_BANDA_SEA,2006-11-14,14:21:01.0,-6.39,128.0,357.0,1.584e+18,6.067,152.0,23.0,136.0,284.0,74.0,73.0
FCTs_20061115_111413_KURIL_ISLANDS,2006-11-15,11:14:13.0,46.59,153.27,12.0,4.316e+21,8.357,211.0,14.0,86.0,35.0,76.0,91.0
FCTs_20061116_062020_EAST_OF_KURIL_ISLANDS,2006-11-16,06:20:20.0,46.358,154.468,10.0,8.952e+17,5.901,52.0,41.0,-82.0,222.0,49.0,-97.0
FCTs_20061117_180312_RYUKYU_ISLANDS__JAPAN,2006-11-17,18:03:12.0,28.59,129.9,25.0,2.872e+18,6.239,231.0,20.0,99.0,41.0,70.0,87.0
FCTs_20061124_123109_NEW_BRITAIN_REGION__P.N.G,2006-11-24,12:31:09.0,-5.997,150.483,27.0,8.564e+17,5.888,272.0,29.0,94.0,88.0,61.0,88.0
FCTs_20061129_013217_HALMAHERA__INDONESIA,2006-11-29,01:32:17.0,2.52,128.28,42.0,2.88e+18,6.24,313.0,66.0,152.0,56.0,65.0,27.0
FCTs_20061130_113317_TONGA_ISLANDS,2006-11-30,11:33:17.0,-21.297,-174.677,20.0,1.303e+18,6.01,208.0,17.0,90.0,28.0,73.0,90.0
FCTs_20061201_035821_NORTHERN_SUMATRA__INDONESIA,2006-12-01,03:58:21.0,3.39,99.08,210.0,4.072e+18,6.34,80.0,10.0,156.0,194.0,86.0,81.0
FCTs_20061201_140144_SUMBAWA_REGION__INDONESIA,2006-12-01,14:01:44.0,-8.26,118.75,19.0,3.743e+18,6.315,86.0,29.0,102.0,253.0,62.0,83.0
FCTs_20061207_191021_EAST_OF_KURIL_ISLANDS,2006-12-07,19:10:21.0,46.15,154.39,10.0,3.962e+18,6.332,227.0,43.0,-101.0,63.0,48.0,-79.0
FCTs_20061212_154803_CELEBES_SEA,2006-12-12,15:48:03.0,3.73,124.68,219.0,4.116e+18,6.343,130.0,18.0,-138.0,359.0,78.0,-76.0
FCTs_20061222_195044_ANDAMAN_ISLANDS__INDIA_REGION,2006-12-22,19:50:44.0,10.65,92.36,20.0,2.439e+18,6.191,17.0,23.0,125.0,159.0,71.0,76.0
FCTs_20061224_173907_NEAR_NORTH_COAST_OF_IRIAN_JAYA,2006-12-24,17:39:07.0,-2.115,139.044,13.0,6.428e+17,5.805,264.0,69.0,-6.0,356.0,84.0,-159.0
FCTs_20061225_200100_LAKE_ISSYK-KUL_REGION,2006-12-25,20:01:00.0,42.156,76.163,14.0,6.255e+17,5.797,22.0,25.0,20.0,274.0,81.0,114.0
FCTs_20061226_122621_TAIWAN_REGION,2006-12-26,12:26:21.0,21.8,120.55,13.0,5.885e+19,7.113,139.0,21.0,-100.0,329.0,69.0,-86.0
FCTs_20061226_123413_TAIWAN_REGION,2006-12-26,12:34:13.0,21.97,120.49,13.0,1.027e+20,7.274,163.0,31.0,0.0,73.0,90.0,121.0
FCTs_20061227_201538_SOLOMON_ISLANDS,2006-12-27,20:15:38.0,-5.724,154.424,365.0,1.301e+18,6.009,142.0,30.0,-114.0,349.0,63.0,-77.0
FCTs_20061230_083049_EASTERN_GULF_OF_ADEN,2006-12-30,08:30:49.0,13.31,51.37,13.0,1.059e+19,6.617,119.0,80.0,10.0,27.0,80.0,170.0
FCTs_20070105_165222_SOUTH_OF_ALASKA,2007-01-05,16:52:22.0,55.755,-156.061,23.0,5.414e+17,5.756,227.0,15.0,85.0,52.0,75.0,91.0
FCTs_20070108_124840_NICOBAR_ISLANDS__INDIA_REGION,2007-01-08,12:48:40.0,8.08,92.44,12.0,2.044e+18,6.14,336.0,41.0,92.0,154.0,49.0,88.0
FCTs_20070108_172149_TAJIKISTAN,2007-01-08,17:21:49.0,39.803,70.312,15.0,6.282e+17,5.799,187.0,56.0,18.0,86.0,75.0,145.0
FCTs_20070108_205220_FIJI_ISLANDS_REGION,2007-01-08,20:52:20.0,-18.58,-177.85,420.0,2.815e+18,6.233,35.0,56.0,33.0,284.0,63.0,141.0
FCTs_20070111_143120_SERAM__INDONESIA,2007-01-11,14:31:20.0,-3.655,127.283,15.0,1.292e+18,6.008,162.0,37.0,117.0,309.0,58.0,71.0
FCTs_20070113_042321_EAST_OF_KURIL_ISLANDS,2007-01-13,04:23:21.0,46.24,154.52,12.0,1.785e+21,8.101,210.0,47.0,-128.0,79.0,55.0,-57.0
FCTs_20070115_181759_NEAR_S._COAST_OF_HONSHU__JAPAN,2007-01-15,18:17:59.0,34.892,138.64,177.0,8.909e+17,5.9,90.0,39.0,-173.0,355.0,86.0,-51.0
FCTs_20070117_042826_IRIAN_JAYA__INDONESIA,2007-01-17,04:28:26.0,-3.322,139.834,105.0,9.794e+17,5.927,87.0,29.0,76.0,283.0,62.0,98.0
FCTs_20070117_231849_CARLSBERG_RIDGE,2007-01-17,23:18:49.0,10.12,58.71,8.0,2.099e+18,6.148,152.0,79.0,5.0,61.0,85.0,169.0
FCTs_20070118_152718_SOUTHWEST_OF_SUMATRA__INDONESIA,2007-01-18,15:27:18.0,-5.488,101.454,9.0,8.07e+17,5.871,300.0,15.0,82.0,129.0,75.0,92.0
FCTs_20070120_062104_SOUTH_SANDWICH_ISLANDS_REGION,2007-01-20,06:21:04.0,-55.42,-29.53,6.0,3.26e+18,6.276,58.0,61.0,-14.0,155.0,78.0,-150.0
FCTs_20070121_112745_NORTHERN_MOLUCCA_SEA,2007-01-21,11:27:45.0,1.07,126.28,17.0,2.549e+20,7.538,31.0,40.0,103.0,194.0,51.0,79.0
FCTs_20070123_171620_VANUATU_ISLANDS,2007-01-23,17:16:20.0,-13.1,167.054,197.0,7.4e+17,5.846,319.0,53.0,54.0,190.0,50.0,128.0
FCTs_20070130_045450_WEST_OF_MACQUARIE_ISLAND,2007-01-30,04:54:50.0,-54.74,146.3,10.0,2.26e+19,6.836,83.0,87.0,169.0,173.0,79.0,3.0
FCTs_20070130_213744_MARIANA_ISLANDS,2007-01-30,21:37:44.0,20.98,144.71,25.0,7.446e+18,6.515,127.0,31.0,-29.0,242.0,76.0,-118.0
FCTs_20070131_031552_KERMADEC_ISLANDS__NEW_ZEALAND,2007-01-31,03:15:52.0,-29.78,-178.0,51.0,8.17e+18,6.541,206.0,36.0,93.0,22.0,54.0,88.0
FCTs_20070212_103522_AZORES-CAPE_ST._VINCENT_RIDGE,2007-02-12,10:35:22.0,35.804,-10.312,38.0,7.273e+17,5.841,119.0,45.0,140.0,240.0,63.0,53.0
FCTs_20070212_124531_MINDANAO__PHILIPPINES,2007-02-12,12:45:31.0,5.56,126.07,30.0,1.403e+18,6.031,186.0,29.0,76.0,22.0,62.0,98.0
FCTs_20070217_000256_HOKKAIDO__JAPAN_REGION,2007-02-17,00:02:56.0,41.794,143.553,31.0,1.276e+18,6.004,235.0,18.0,114.0,31.0,73.0,83.0
FCTs_20070220_080425_SOUTHERN_MOLUCCA_SEA,2007-02-20,08:04:25.0,-1.03,126.98,13.0,1.437e+19,6.705,281.0,46.0,-23.0,27.0,74.0,-134.0
FCTs_20070220_142526_SOUTHERN_MOLUCCA_SEA,2007-02-20,14:25:26.0,-1.032,126.975,10.0,1.249e+18,5.998,264.0,37.0,-37.0,26.0,69.0,-121.0
FCTs_20070224_023623_OFF_COAST_OF_NORTHERN_PERU,2007-02-24,02:36:23.0,-7.01,-80.49,28.0,3.582e+18,6.303,329.0,25.0,75.0,165.0,65.0,97.0
FCTs_20070228_231315_SOUTH_SANDWICH_ISLANDS_REGION,2007-02-28,23:13:15.0,-55.24,-29.14,10.0,3.054e+18,6.257,91.0,18.0,42.0,320.0,78.0,104.0
FCTs_20070306_034938_SOUTHERN_SUMATRA__INDONESIA,2007-03-06,03:49:38.0,-0.49,100.5,5.0,5.328e+18,6.418,59.0,88.0,-2.0,149.0,88.0,-178.0
FCTs_20070307_105337_NORTHERN_SUMATRA__INDONESIA,2007-03-07,10:53:37.0,1.955,97.908,42.0,8.833e+17,5.897,326.0,26.0,111.0,122.0,65.0,80.0
FCTs_20070308_050332_SOUTHEAST_OF_HONSHU__JAPAN,2007-03-08,05:03:32.0,29.91,140.2,140.0,1.325e+18,6.015,12.0,81.0,-33.0,108.0,57.0,-169.0
FCTs_20070309_032242_PRIMOR'YE__RUSSIA,2007-03-09,03:22:42.0,43.224,133.526,451.0,1.336e+18,6.017,328.0,12.0,32.0,207.0,84.0,100.0
FCTs_20070317_174226_NORTHERN_MOLUCCA_SEA,2007-03-17,17:42:26.0,1.13,126.22,33.0,2.669e+18,6.218,201.0,42.0,95.0,14.0,48.0,85.0
FCTs_20070317_224309_SOUTH_OF_PANAMA,2007-03-17,22:43:09.0,4.551,-78.536,8.0,1.08e+18,5.956,47.0,45.0,-76.0,207.0,47.0,-104.0
FCTs_20070318_021105_SOUTH_OF_PANAMA,2007-03-18,02:11:05.0,4.59,-78.49,9.0,2.049e+18,6.141,188.0,45.0,-112.0,38.0,49.0,-69.0
FCTs_20070322_061043_SOUTH_INDIAN_OCEAN,2007-03-22,06:10:43.0,-3.388,86.775,28.0,7.817e+17,5.862,39.0,60.0,30.0,293.0,64.0,146.0
FCTs_20070325_004001_VANUATU_ISLANDS,2007-03-25,00:40:01.0,-20.62,169.36,52.0,5.446e+19,7.091,326.0,34.0,78.0,160.0,57.0,98.0
FCTs_20070325_004157_NEAR_WEST_COAST_OF_HONSHU__JAPAN,2007-03-25,00:41:57.0,37.34,136.59,6.0,1.917e+19,6.788,142.0,46.0,14.0,43.0,80.0,135.0
FCTs_20070328_211710_LAKE_TANGANYIKA_REGION,2007-03-28,21:17:10.0,-6.268,29.673,5.0,7.334e+17,5.844,129.0,68.0,-143.0,24.0,56.0,-27.0
FCTs_20070401_203958_SOLOMON_ISLANDS,2007-04-01,20:39:58.0,-8.47,157.04,18.0,1.927e+21,8.123,305.0,30.0,65.0,154.0,63.0,104.0
FCTs_20070402_104917_SOLOMON_ISLANDS,2007-04-02,10:49:17.0,-7.22,156.24,51.0,1.466e+18,6.044,126.0,40.0,103.0,289.0,51.0,79.0
FCTs_20070402_120223_SOLOMON_ISLANDS,2007-04-02,12:02:23.0,-8.71,157.62,13.0,2.871e+18,6.239,315.0,25.0,77.0,149.0,66.0,96.0
FCTs_20070402_232023_SOLOMON_ISLANDS,2007-04-02,23:20:23.0,-8.62,157.39,20.0,2.786e+18,6.23,300.0,32.0,117.0,89.0,62.0,74.0
FCTs_20070403_033507_HINDU_KUSH_REGION__AFGHANISTAN,2007-04-03,03:35:07.0,36.45,70.69,221.0,2.865e+18,6.238,25.0,34.0,134.0,156.0,67.0,65.0
FCTs_20070403_120427_SOLOMON_ISLANDS,2007-04-03,12:04:27.0,-7.86,155.8,9.0,9.687e+17,5.924,266.0,45.0,-80.0,72.0,46.0,-100.0
FCTs_20070403_202609_LOYALTY_ISLANDS,2007-04-03,20:26:09.0,-20.63,168.99,16.0,2.228e+18,6.165,293.0,23.0,69.0,135.0,69.0,98.0
FCTs_20070404_063435_SOLOMON_ISLANDS,2007-04-04,06:34:35.0,-7.76,156.49,16.0,3.359e+18,6.284,316.0,32.0,65.0,165.0,61.0,105.0
FCTs_20070404_110027_LOYALTY_ISLANDS,2007-04-04,11:00:27.0,-20.72,168.83,9.0,3.78e+18,6.318,352.0,17.0,-102.0,184.0,73.0,-86.0
FCTs_20070405_035650_AZORES_ISLANDS_REGION,2007-04-05,03:56:50.0,37.31,-24.62,7.0,5.076e+18,6.404,121.0,43.0,-99.0,314.0,47.0,-81.0
FCTs_20070406_055420_SOUTHERN_EAST_PACIFIC_RISE,2007-04-06,05:54:20.0,-55.373,-123.645,7.0,7.287e+17,5.842,264.0,39.0,-82.0,74.0,52.0,-96.0
FCTs_20070406_184817_SOLOMON_ISLANDS,2007-04-06,18:48:17.0,-6.949,155.771,51.0,7.408e+17,5.846,142.0,42.0,104.0,303.0,50.0,78.0
FCTs_20070407_070925_AZORES_ISLANDS_REGION,2007-04-07,07:09:25.0,37.31,-24.49,8.0,1.642e+18,6.077,305.0,43.0,-101.0,140.0,48.0,-80.0
FCTs_20070407_095151_OFF_W_COAST_OF_NORTHERN_SUMATRA,2007-04-07,09:51:51.0,2.92,95.7,25.0,2.185e+18,6.16,2.0,12.0,138.0,134.0,82.0,81.0
FCTs_20070409_022428_FIJI_ISLANDS_REGION,2007-04-09,02:24:28.0,-20.073,-178.082,622.0,9.305e+17,5.912,318.0,28.0,0.0,48.0,90.0,-118.0
FCTs_20070409_101804_KURIL_ISLANDS,2007-04-09,10:18:04.0,48.304,154.695,34.0,5.673e+17,5.769,229.0,30.0,92.0,46.0,60.0,89.0
FCTs_20070413_054223_GUERRERO__MEXICO,2007-04-13,05:42:23.0,17.302,-100.198,38.0,1.123e+18,5.967,117.0,18.0,101.0,285.0,72.0,86.0
FCTs_20070420_002640_SOUTHWESTERN_RYUKYU_ISL.__JAPAN,2007-04-20,00:26:40.0,25.72,125.09,7.0,1.508e+18,6.052,224.0,41.0,-133.0,96.0,61.0,-59.0
FCTs_20070420_014556_SOUTHWESTERN_RYUKYU_ISL.__JAPAN,2007-04-20,01:45:56.0,25.71,125.11,9.0,3.38e+18,6.286,236.0,47.0,-125.0,101.0,53.0,-58.0
FCTs_20070421_071248_NEW_IRELAND_REGION__P.N.G,2007-04-21,07:12:48.0,-3.55,151.27,409.0,1.936e+18,6.125,212.0,49.0,30.0,101.0,68.0,135.0
FCTs_20070421_172031_VANUATU_ISLANDS,2007-04-21,17:20:31.0,-13.84,166.84,42.0,1.519e+18,6.054,339.0,44.0,90.0,160.0,46.0,90.0
FCTs_20070425_133414_VANUATU_ISLANDS,2007-04-25,13:34:14.0,-14.28,166.86,65.0,4.89e+18,6.393,123.0,29.0,106.0,284.0,63.0,81.0
FCTs_20070427_080249_NORTHERN_SUMATRA__INDONESIA,2007-04-27,08:02:49.0,5.359,94.635,41.0,6.494e+17,5.808,328.0,23.0,106.0,131.0,68.0,83.0
FCTs_20070427_134928_SOLOMON_ISLANDS,2007-04-27,13:49:28.0,-6.965,155.938,45.0,6.316e+17,5.8,304.0,44.0,81.0,136.0,46.0,98.0
FCTs_20070429_124157_ANDREANOF_ISLANDS__ALEUTIAN_IS,2007-04-29,12:41:57.0,52.01,-179.97,127.0,2.236e+18,6.166,185.0,16.0,-60.0,334.0,76.0,-98.0
FCTs_20070504_120651_NORTH_OF_ASCENSION_ISLAND,2007-05-04,12:06:51.0,-1.41,-14.92,10.0,2.712e+18,6.222,254.0,78.0,178.0,345.0,88.0,12.0
FCTs_20070505_085139_XIZANG,2007-05-05,08:51:39.0,34.25,81.97,8.0,1.05e+18,5.947,143.0,51.0,-142.0,27.0,61.0,-45.0
FCTs_20070506_211152_FIJI_ISLANDS_REGION,2007-05-06,21:11:52.0,-19.4,-179.35,692.0,5.535e+18,6.429,63.0,43.0,125.0,199.0,56.0,62.0
FCTs_20070516_085614_LAOS,2007-05-16,08:56:14.0,20.5,100.73,9.0,3.711e+18,6.313,232.0,86.0,-14.0,323.0,76.0,-175.0
FCTs_20070525_174731_CHILE-ARGENTINA_BORDER_REGION,2007-05-25,17:47:31.0,-24.222,-67.027,181.0,9.411e+17,5.916,227.0,24.0,-21.0,336.0,82.0,-113.0
FCTs_20070529_010327_NEW_BRITAIN_REGION__P.N.G,2007-05-29,01:03:27.0,-4.59,151.84,135.0,1.548e+18,6.06,201.0,34.0,-153.0,89.0,75.0,-59.0
FCTs_20070529_093605_HALMAHERA__INDONESIA,2007-05-29,09:36:05.0,-1.07,127.34,7.0,1.719e+18,6.09,243.0,39.0,-60.0,27.0,57.0,-112.0
FCTs_20070530_202212_KAMCHATKA_PENINSULA__RUSSIA,2007-05-30,20:22:12.0,52.14,157.29,126.0,5.436e+18,6.424,140.0,10.0,-152.0,22.0,85.0,-81.0
FCTs_20070602_213457_YUNNAN__CHINA,2007-06-02,21:34:57.0,23.03,101.05,7.0,1.5e+18,6.051,143.0,53.0,153.0,250.0,69.0,41.0
FCTs_20070605_093342_VANUATU_ISLANDS,2007-06-05,09:33:42.0,-14.838,166.785,28.0,4.677e+17,5.713,341.0,38.0,98.0,150.0,52.0,84.0
FCTs_20070607_004038_BISMARCK_SEA,2007-06-07,00:40:38.0,-3.32,146.76,7.0,3.891e+18,6.327,268.0,68.0,4.0,177.0,86.0,158.0
FCTs_20070613_192940_NEAR_COAST_OF_GUATEMALA,2007-06-13,19:29:40.0,13.55,-90.62,31.0,1.178e+19,6.647,293.0,39.0,89.0,114.0,51.0,91.0
FCTs_20070614_174104_NEW_BRITAIN_REGION__P.N.G,2007-06-14,17:41:04.0,-5.649,151.563,41.0,5.46e+17,5.758,252.0,38.0,126.0,29.0,61.0,66.0
FCTs_20070615_184953_UGANDA,2007-06-15,18:49:53.0,1.719,30.834,20.0,7.209e+17,5.839,177.0,60.0,-134.0,60.0,52.0,-39.0
FCTs_20070616_042357_SOLOMON_ISLANDS,2007-06-16,04:23:57.0,-7.264,155.506,16.0,7.569e+17,5.853,275.0,33.0,58.0,132.0,63.0,109.0
FCTs_20070618_061845_NEW_IRELAND_REGION__P.N.G,2007-06-18,06:18:45.0,-3.55,150.96,6.0,3.494e+18,6.296,310.0,85.0,16.0,219.0,74.0,175.0
FCTs_20070624_002518_SOUTHERN_MID-ATLANTIC_RIDGE,2007-06-24,00:25:18.0,-55.65,-2.63,16.0,8.782e+18,6.562,170.0,90.0,-178.0,80.0,88.0,0.0
FCTs_20070626_222303_SOUTH_OF_JAVA__INDONESIA,2007-06-26,22:23:03.0,-10.492,108.149,7.0,1.541e+18,6.058,121.0,44.0,-61.0,263.0,52.0,-116.0
FCTs_20070628_025210_SOLOMON_ISLANDS,2007-06-28,02:52:10.0,-7.98,154.63,14.0,1.183e+19,6.649,130.0,82.0,33.0,35.0,57.0,170.0
FCTs_20070701_041207_HOKKAIDO__JAPAN_REGION,2007-07-01,04:12:07.0,43.663,144.734,132.0,6.595e+17,5.813,148.0,24.0,-15.0,252.0,84.0,-114.0
FCTs_20070701_143412_BANDA_SEA,2007-07-01,14:34:12.0,-5.929,130.564,138.0,7.148e+17,5.836,323.0,45.0,162.0,66.0,77.0,47.0
FCTs_20070703_082600_CENTRAL_MID-ATLANTIC_RIDGE,2007-07-03,08:26:00.0,0.71,-30.27,9.0,3.069e+18,6.258,266.0,88.0,179.0,356.0,89.0,2.0
FCTs_20070706_010919_CHIAPAS__MEXICO,2007-07-06,01:09:19.0,16.35,-93.99,121.0,1.284e+18,6.006,178.0,13.0,-48.0,315.0,80.0,-99.0
FCTs_20070712_052349_PERU-BRAZIL_BORDER_REGION,2007-07-12,05:23:49.0,-7.93,-74.38,155.0,1.456e+18,6.042,216.0,34.0,-32.0,333.0,73.0,-120.0
FCTs_20070713_215443_ANDREANOF_ISLANDS__ALEUTIAN_IS,2007-07-13,21:54:43.0,51.838,-176.28,47.0,1.202e+18,5.987,253.0,34.0,102.0,59.0,56.0,82.0
FCTs_20070715_092734_VANUATU_ISLANDS,2007-07-15,09:27:34.0,-15.38,168.6,10.0,1.613e+18,6.072,24.0,33.0,110.0,181.0,59.0,78.0
FCTs_20070715_130801_FOX_ISLANDS__ALEUTIAN_ISLANDS,2007-07-15,13:08:01.0,52.49,-168.04,11.0,3.182e+18,6.268,234.0,19.0,86.0,58.0,71.0,91.0
FCTs_20070716_011322_NEAR_WEST_COAST_OF_HONSHU__JAPAN,2007-07-16,01:13:22.0,37.53,138.45,17.0,7.718e+18,6.525,30.0,38.0,78.0,225.0,53.0,100.0
FCTs_20070716_141737_SEA_OF_JAPAN,2007-07-16,14:17:37.0,36.81,134.85,374.0,2.391e+19,6.852,287.0,45.0,-9.0,23.0,83.0,-135.0
FCTs_20070717_093927_SOUTH_OF_FIJI_ISLANDS,2007-07-17,09:39:27.0,-26.21,-177.74,6.0,2.666e+18,6.217,356.0,73.0,168.0,90.0,79.0,18.0
FCTs_20070717_141042_TANZANIA,2007-07-17,14:10:42.0,-2.734,36.362,10.0,8.416e+17,5.883,42.0,37.0,-111.0,248.0,56.0,-75.0
FCTs_20070718_000735_SOUTH_OF_FIJI_ISLANDS,2007-07-18,00:07:35.0,-26.3,-177.74,7.0,1.667e+18,6.081,254.0,54.0,-43.0,12.0,56.0,-136.0
FCTs_20070721_132704_WESTERN_BRAZIL,2007-07-21,13:27:04.0,-8.13,-71.27,637.0,1.213e+18,5.989,353.0,22.0,-84.0,167.0,68.0,-92.0
FCTs_20070721_153452_JUJUY_PROVINCE__ARGENTINA,2007-07-21,15:34:52.0,-22.15,-65.78,272.0,5.398e+18,6.421,264.0,8.0,1.0,174.0,90.0,98.0
FCTs_20070722_104935_NEAR_N_COAST_OF_NEW_GUINEA__PNG,2007-07-22,10:49:35.0,-2.797,141.66,7.0,8.121e+17,5.873,110.0,55.0,-44.0,229.0,55.0,-136.0
FCTs_20070725_233731_NICOBAR_ISLANDS__INDIA_REGION,2007-07-25,23:37:31.0,7.16,92.52,16.0,1.435e+18,6.038,159.0,33.0,97.0,330.0,57.0,85.0
FCTs_20070726_054016_NORTHERN_MOLUCCA_SEA,2007-07-26,05:40:16.0,2.87,127.46,37.0,3.857e+19,6.991,24.0,35.0,76.0,220.0,56.0,99.0
FCTs_20070729_045436_KOMANDORSKIYE_OSTROVA_REGION,2007-07-29,04:54:36.0,53.641,169.702,27.0,7.492e+17,5.85,299.0,33.0,153.0,52.0,76.0,60.0
FCTs_20070731_225531_NORTH_OF_ASCENSION_ISLAND,2007-07-31,22:55:31.0,-0.16,-17.8,11.0,2.257e+18,6.169,170.0,84.0,23.0,77.0,67.0,173.0
FCTs_20070801_170851_VANUATU_ISLANDS,2007-08-01,17:08:51.0,-15.6,167.68,135.0,8.073e+19,7.205,350.0,32.0,75.0,188.0,59.0,99.0
FCTs_20070802_023742_SAKHALIN__RUSSIA,2007-08-02,02:37:42.0,47.12,141.8,7.0,2.037e+18,6.139,207.0,38.0,111.0,1.0,55.0,75.0
FCTs_20070802_032142_ANDREANOF_ISLANDS__ALEUTIAN_IS,2007-08-02,03:21:42.0,51.31,-179.97,34.0,1.664e+19,6.747,266.0,29.0,108.0,66.0,62.0,80.0
FCTs_20070805_092839_VANUATU_ISLANDS,2007-08-05,09:28:39.0,-19.148,168.718,45.0,1.012e+18,5.937,348.0,45.0,94.0,162.0,45.0,86.0
FCTs_20070808_170504_JAVA__INDONESIA,2007-08-08,17:05:04.0,-5.86,107.42,292.0,2.231e+20,7.499,321.0,33.0,145.0,81.0,72.0,62.0
FCTs_20070812_120519_SANTA_CRUZ_ISLANDS,2007-08-12,12:05:19.0,-11.378,166.273,50.0,1.478e+18,6.046,174.0,43.0,93.0,349.0,47.0,87.0
FCTs_20070815_202211_ANDREANOF_ISLANDS__ALEUTIAN_IS,2007-08-15,20:22:11.0,50.32,-177.55,9.0,4.873e+18,6.392,265.0,41.0,-92.0,87.0,49.0,-89.0
FCTs_20070815_234057_NEAR_COAST_OF_PERU,2007-08-15,23:40:57.0,-13.39,-76.6,32.0,1.686e+21,8.085,315.0,23.0,53.0,175.0,72.0,104.0
FCTs_20070817_030403_BANDA_SEA,2007-08-17,03:04:03.0,-5.26,129.43,8.0,4.943e+18,6.396,249.0,75.0,-9.0,341.0,81.0,-164.0
FCTs_20070818_025235_NEAR_COAST_OF_PERU,2007-08-18,02:52:35.0,-13.805,-76.291,32.0,1.214e+18,5.99,333.0,27.0,85.0,159.0,63.0,93.0
FCTs_20070820_134617_PHILIPPINE_ISLANDS_REGION,2007-08-20,13:46:17.0,6.13,127.38,9.0,2.926e+18,6.244,339.0,32.0,-94.0,164.0,58.0,-87.0
FCTs_20070820_224228_CENTRAL_MID-ATLANTIC_RIDGE,2007-08-20,22:42:28.0,8.04,-39.25,6.0,7.38e+18,6.512,179.0,86.0,-20.0,270.0,70.0,-176.0
FCTs_20070826_123731_TONGA_ISLANDS,2007-08-26,12:37:31.0,-17.46,-174.34,133.0,1.229e+18,5.993,272.0,8.0,-16.0,17.0,88.0,-97.0
FCTs_20070902_010518_SANTA_CRUZ_ISLANDS,2007-09-02,01:05:18.0,-11.61,165.76,42.0,9.588e+19,7.254,321.0,25.0,76.0,156.0,66.0,96.0
FCTs_20070903_161453_KURIL_ISLANDS,2007-09-03,16:14:53.0,45.84,150.06,98.0,2.341e+18,6.18,43.0,60.0,158.0,145.0,71.0,32.0
FCTs_20070906_175126_TAIWAN_REGION,2007-09-06,17:51:26.0,24.34,122.22,61.0,3.297e+18,6.279,194.0,39.0,87.0,18.0,51.0,93.0
FCTs_20070910_014911_NEAR_WEST_COAST_OF_COLOMBIA,2007-09-10,01:49:11.0,2.97,-77.96,16.0,1.79e+19,6.769,46.0,27.0,-108.0,246.0,65.0,-81.0
FCTs_20070912_111026_SOUTHERN_SUMATRA__INDONESIA,2007-09-12,11:10:26.0,-4.44,101.37,29.0,4.104e+21,8.342,333.0,20.0,115.0,127.0,72.0,81.0
FCTs_20070913_160916_SOUTHERN_SUMATRA__INDONESIA,2007-09-13,16:09:16.0,-3.172,101.524,37.0,1.154e+18,5.975,298.0,26.0,91.0,116.0,64.0,89.0
FCTs_20070914_060132_SOUTHERN_SUMATRA__INDONESIA,2007-09-14,06:01:32.0,-4.07,101.17,26.0,4.515e+18,6.37,329.0,16.0,110.0,129.0,75.0,85.0
FCTs_20070920_083114_SOUTHERN_SUMATRA__INDONESIA,2007-09-20,08:31:14.0,-2.0,100.14,35.0,1.227e+19,6.659,292.0,21.0,83.0,119.0,70.0,93.0
FCTs_20070925_051601_KERMADEC_ISLANDS_REGION,2007-09-25,05:16:01.0,-30.97,180.0,431.0,2.094e+18,6.147,145.0,43.0,-151.0,33.0,71.0,-51.0
FCTs_20070926_044317_NEAR_COAST_OF_ECUADOR,2007-09-26,04:43:17.0,-3.918,-79.208,99.0,6.234e+17,5.797,9.0,40.0,-54.0,145.0,59.0,-116.0
FCTs_20070926_123626_NEW_IRELAND_REGION__P.N.G,2007-09-26,12:36:26.0,-4.99,153.5,48.0,2.052e+19,6.808,140.0,44.0,86.0,326.0,46.0,94.0
FCTs_20070927_195744_SOUTHEAST_OF_LOYALTY_ISLANDS,2007-09-27,19:57:44.0,-21.1,169.28,11.0,3.819e+18,6.321,291.0,9.0,47.0,154.0,84.0,96.0
FCTs_20070928_010149_SOUTHEAST_OF_LOYALTY_ISLANDS,2007-09-28,01:01:49.0,-21.21,169.36,11.0,4.535e+18,6.371,312.0,9.0,57.0,165.0,82.0,95.0
FCTs_20070928_133857_VOLCANO_ISLANDS__JAPAN_REGION,2007-09-28,13:38:57.0,22.01,142.67,263.0,2.052e+20,7.475,302.0,52.0,124.0,74.0,49.0,55.0
FCTs_20070930_020830_SOUTH_OF_MARIANA_ISLANDS,2007-09-30,02:08:30.0,10.45,145.72,16.0,2.279e+19,6.838,113.0,67.0,17.0,17.0,75.0,156.0
FCTs_20070930_052334_AUCKLAND_ISLANDS__N.Z._REGION,2007-09-30,05:23:34.0,-49.27,164.12,14.0,8.907e+19,7.233,25.0,32.0,126.0,164.0,65.0,70.0
FCTs_20071002_034338_SOUTHERN_SUMATRA__INDONESIA,2007-10-02,03:43:38.0,-4.24,101.212,24.0,1.221e+18,5.991,348.0,17.0,127.0,129.0,76.0,79.0
FCTs_20071002_180006_ALASKA_PENINSULA,2007-10-02,18:00:06.0,54.51,-161.71,31.0,3.425e+18,6.29,253.0,23.0,92.0,71.0,67.0,89.0
FCTs_20071004_124031_OFF_W_COAST_OF_NORTHERN_SUMATRA,2007-10-04,12:40:31.0,2.54,92.9,5.0,2.737e+18,6.225,287.0,81.0,-169.0,195.0,79.0,-9.0
FCTs_20071005_071752_SOUTH_OF_FIJI_ISLANDS,2007-10-05,07:17:52.0,-25.19,179.46,542.0,6.153e+18,6.459,209.0,66.0,49.0,94.0,47.0,146.0
FCTs_20071009_150341_NEW_BRITAIN_REGION__P.N.G,2007-10-09,15:03:41.0,-4.808,152.892,49.0,1.226e+18,5.992,325.0,44.0,-133.0,197.0,60.0,-57.0
FCTs_20071010_001916_SOUTHERN_SUMATRA__INDONESIA,2007-10-10,00:19:16.0,-1.735,99.48,31.0,1.31e+18,6.011,315.0,19.0,100.0,124.0,72.0,87.0
FCTs_20071013_174553_SOUTHEAST_OF_LOYALTY_ISLANDS,2007-10-13,17:45:53.0,-21.23,169.2,10.0,2.287e+18,6.173,204.0,48.0,-31.0,316.0,67.0,-134.0
FCTs_20071015_122934_SOUTH_ISLAND__NEW_ZEALAND,2007-10-15,12:29:34.0,-44.8,167.55,24.0,1.989e+19,6.799,50.0,40.0,127.0,186.0,59.0,63.0
FCTs_20071015_212823_SOUTH_ISLAND__NEW_ZEALAND,2007-10-15,21:28:23.0,-44.79,167.46,17.0,1.685e+18,6.084,9.0,33.0,78.0,203.0,58.0,98.0
FCTs_20071016_210543_SOUTH_OF_FIJI_ISLANDS,2007-10-16,21:05:43.0,-25.77,179.53,525.0,9.707e+18,6.591,96.0,36.0,158.0,204.0,77.0,56.0
FCTs_20071021_102452_SOLOMON_ISLANDS,2007-10-21,10:24:52.0,-6.31,154.77,40.0,1.198e+18,5.986,140.0,45.0,99.0,308.0,46.0,81.0
FCTs_20071024_210250_SOUTHERN_SUMATRA__INDONESIA,2007-10-24,21:02:50.0,-3.9,101.02,31.0,2.613e+19,6.878,304.0,10.0,90.0,124.0,80.0,90.0
FCTs_20071025_135004_EAST_OF_KURIL_ISLANDS,2007-10-25,13:50:04.0,46.01,154.23,23.0,1.255e+18,5.999,38.0,69.0,152.0,139.0,64.0,24.0
FCTs_20071031_033015_MARIANA_ISLANDS,2007-10-31,03:30:15.0,18.9,145.39,226.0,8.836e+19,7.231,187.0,59.0,145.0,296.0,61.0,36.0
FCTs_20071031_134419_ANDREANOF_ISLANDS__ALEUTIAN_IS,2007-10-31,13:44:19.0,51.418,-178.38,32.0,1.449e+18,6.041,249.0,31.0,101.0,56.0,59.0,83.0
FCTs_20071102_223143_PACIFIC-ANTARCTIC_RIDGE,2007-11-02,22:31:43.0,-55.47,-128.97,5.0,3.248e+18,6.274,17.0,89.0,162.0,108.0,72.0,1.0
FCTs_20071110_011329_NORTH_OF_MACQUARIE_ISLAND,2007-11-10,01:13:29.0,-51.78,161.32,27.0,8.45e+18,6.551,309.0,81.0,21.0,215.0,69.0,170.0
FCTs_20071110_231943_SOUTHERN_SUMATRA__INDONESIA,2007-11-10,23:19:43.0,-3.277,100.531,23.0,6.588e+17,5.813,333.0,17.0,115.0,128.0,74.0,83.0
FCTs_20071114_154050_NORTHERN_CHILE,2007-11-14,15:40:50.0,-22.25,-69.89,45.0,5.395e+20,7.755,6.0,27.0,106.0,168.0,64.0,82.0
FCTs_20071115_150308_NEAR_COAST_OF_NORTHERN_CHILE,2007-11-15,15:03:08.0,-22.87,-70.41,34.0,3.765e+18,6.317,6.0,28.0,99.0,175.0,62.0,85.0
FCTs_20071115_150558_NEAR_COAST_OF_NORTHERN_CHILE,2007-11-15,15:05:58.0,-22.92,-70.24,24.0,2.178e+19,6.825,355.0,17.0,88.0,177.0,73.0,91.0
FCTs_20071116_031300_PERU-ECUADOR_BORDER_REGION,2007-11-16,03:13:00.0,-2.31,-77.84,127.0,1.9e+19,6.786,192.0,32.0,-30.0,308.0,75.0,-118.0
FCTs_20071117_175432_NEAR_COAST_OF_NORTHERN_CHILE,2007-11-17,17:54:32.0,-23.059,-70.598,14.0,7.66e+17,5.856,302.0,17.0,24.0,189.0,83.0,106.0
FCTs_20071118_054012_JUJUY_PROVINCE__ARGENTINA,2007-11-18,05:40:12.0,-22.643,-66.323,258.0,1.295e+18,6.008,199.0,21.0,-58.0,346.0,72.0,-101.0
FCTs_20071119_005212_FIJI_ISLANDS_REGION,2007-11-19,00:52:12.0,-21.18,-178.75,567.0,2.732e+18,6.224,292.0,41.0,-68.0,84.0,53.0,-108.0
FCTs_20071120_125259_SOLOMON_ISLANDS,2007-11-20,12:52:59.0,-6.907,155.672,52.0,1.402e+18,6.031,85.0,41.0,77.0,283.0,51.0,101.0
FCTs_20071120_175551_NEAR_COAST_OF_NORTHERN_CHILE,2007-11-20,17:55:51.0,-22.92,-70.48,18.0,1.363e+18,6.023,1.0,21.0,101.0,169.0,70.0,86.0
FCTs_20071122_084827_EASTERN_NEW_GUINEA_REG.__P.N.G,2007-11-22,08:48:27.0,-5.76,147.1,58.0,3.087e+19,6.926,287.0,42.0,95.0,101.0,48.0,86.0
FCTs_20071125_160215_SUMBAWA_REGION__INDONESIA,2007-11-25,16:02:15.0,-8.29,118.37,21.0,4.953e+18,6.397,81.0,29.0,98.0,252.0,62.0,86.0
FCTs_20071125_195305_SUMBAWA_REGION__INDONESIA,2007-11-25,19:53:05.0,-8.22,118.47,12.0,6.642e+18,6.482,84.0,27.0,101.0,252.0,63.0,85.0
FCTs_20071126_135139_NEAR_EAST_COAST_OF_HONSHU__JAPAN,2007-11-26,13:51:39.0,37.392,141.586,34.0,1.043e+18,5.946,216.0,23.0,101.0,24.0,68.0,85.0
FCTs_20071127_042658_LUZON__PHILIPPINES,2007-11-27,04:26:58.0,16.058,119.838,40.0,9.389e+17,5.915,169.0,29.0,86.0,354.0,61.0,92.0
FCTs_20071127_114958_SOLOMON_ISLANDS,2007-11-27,11:49:58.0,-10.95,162.15,17.0,1.002e+19,6.601,273.0,29.0,28.0,159.0,77.0,117.0
FCTs_20071129_190020_WINDWARD_ISLANDS,2007-11-29,19:00:20.0,14.94,-61.27,155.0,1.569e+20,7.397,78.0,13.0,-1.0,169.0,90.0,-103.0
FCTs_20071201_014431_NORTHERN_SUMATRA__INDONESIA,2007-12-01,01:44:31.0,1.981,97.883,44.0,9.565e+17,5.92,318.0,26.0,104.0,123.0,64.0,83.0
FCTs_20071203_215245_NEW_BRITAIN_REGION__P.N.G,2007-12-03,21:52:45.0,-6.374,148.463,37.0,7.488e+17,5.85,323.0,18.0,146.0,85.0,80.0,75.0
FCTs_20071209_072820_SOUTH_OF_FIJI_ISLANDS,2007-12-09,07:28:20.0,-26.0,-177.51,171.0,4.224e+20,7.684,88.0,12.0,100.0,258.0,78.0,88.0
FCTs_20071213_052021_NEAR_COAST_OF_NORTHERN_CHILE,2007-12-13,05:20:21.0,-23.157,-70.479,12.0,1.468e+18,6.044,355.0,18.0,92.0,172.0,72.0,89.0
FCTs_20071213_072339_NEAR_COAST_OF_NORTHERN_CHILE,2007-12-13,07:23:39.0,-23.2,-70.55,19.0,2.181e+18,6.159,4.0,23.0,101.0,172.0,67.0,85.0
FCTs_20071213_155127_SAMOA_ISLANDS_REGION,2007-12-13,15:51:27.0,-15.21,-172.37,17.0,1.752e+18,6.096,309.0,36.0,-102.0,144.0,55.0,-81.0
FCTs_20071215_080315_BANDA_SEA,2007-12-15,08:03:15.0,-7.526,127.474,171.0,1.406e+18,6.032,308.0,44.0,113.0,97.0,51.0,69.0
FCTs_20071215_093953_TANIMBAR_ISLANDS_REG.__INDONESIA,2007-12-15,09:39:53.0,-6.62,131.09,80.0,4.507e+18,6.369,324.0,71.0,141.0,69.0,54.0,24.0
FCTs_20071216_080917_NEAR_COAST_OF_NORTHERN_CHILE,2007-12-16,08:09:17.0,-22.95,-70.18,49.0,9.837e+18,6.595,240.0,12.0,146.0,3.0,83.0,80.0
FCTs_20071219_093027_ANDREANOF_ISLANDS__ALEUTIAN_IS,2007-12-19,09:30:27.0,51.36,-179.51,29.0,6.671e+19,7.149,276.0,30.0,116.0,66.0,64.0,76.0
FCTs_20071220_075515_OFF_E._COAST_OF_N._ISLAND__N.Z,2007-12-20,07:55:15.0,-39.01,178.29,35.0,7.039e+18,6.498,74.0,39.0,-66.0,224.0,55.0,-109.0
FCTs_20071221_072434_ANDREANOF_ISLANDS__ALEUTIAN_IS,2007-12-21,07:24:34.0,51.37,-178.98,31.0,3.158e+18,6.266,268.0,27.0,107.0,69.0,65.0,82.0
FCTs_20071222_071108_NEAR_NORTH_COAST_OF_IRIAN_JAYA,2007-12-22,07:11:08.0,-2.41,139.07,20.0,2.718e+18,6.223,299.0,60.0,35.0,190.0,60.0,145.0
FCTs_20071222_122617_NORTHERN_SUMATRA__INDONESIA,2007-12-22,12:26:17.0,2.09,96.81,26.0,1.375e+18,6.026,331.0,18.0,104.0,137.0,73.0,86.0
FCTs_20071225_140434_NEAR_EAST_COAST_OF_HONSHU__JAPAN,2007-12-25,14:04:34.0,38.5,142.03,38.0,1.887e+18,6.117,209.0,23.0,90.0,29.0,67.0,90.0
FCTs_20071226_220454_FOX_ISLANDS__ALEUTIAN_ISLANDS,2007-12-26,22:04:54.0,52.56,-168.22,31.0,3.388e+18,6.287,249.0,19.0,99.0,59.0,71.0,87.0
FCTs_20071229_225802_FOX_ISLANDS__ALEUTIAN_ISLANDS,2007-12-29,22:58:02.0,52.21,-168.149,15.0,1.018e+18,5.938,247.0,22.0,96.0,60.0,68.0,87.0
FCTs_20080101_185459_EASTERN_NEW_GUINEA_REG.__P.N.G,2008-01-01,18:54:59.0,-5.88,146.88,42.0,4.789e+18,6.387,303.0,42.0,92.0,121.0,48.0,88.0
FCTs_20080104_072918_SOUTHERN_SUMATRA__INDONESIA,2008-01-04,07:29:18.0,-2.782,101.032,37.0,1.285e+18,6.006,327.0,26.0,103.0,132.0,65.0,84.0
FCTs_20080106_051420_SOUTHERN_GREECE,2008-01-06,05:14:20.0,37.22,22.69,79.0,2.105e+18,6.149,220.0,36.0,21.0,113.0,78.0,125.0
FCTs_20080107_031226_IRIAN_JAYA_REGION__INDONESIA,2008-01-07,03:12:26.0,-0.795,134.012,13.0,8.205e+17,5.876,296.0,39.0,84.0,124.0,51.0,95.0
FCTs_20080109_082645_XIZANG,2008-01-09,08:26:45.0,32.29,85.17,10.0,4.352e+18,6.359,214.0,47.0,-61.0,355.0,50.0,-117.0
FCTs_20080109_144000_QUEEN_CHARLOTTE_ISLANDS_REGION,2008-01-09,14:40:00.0,51.65,-131.18,6.0,1.384e+18,6.027,264.0,78.0,4.0,173.0,86.0,168.0
FCTs_20080110_013719_OFF_COAST_OF_OREGON,2008-01-10,01:37:19.0,43.78,-127.26,15.0,3.668e+18,6.31,292.0,82.0,172.0,23.0,82.0,8.0
FCTs_20080115_175215_FIJI_ISLANDS_REGION,2008-01-15,17:52:15.0,-21.98,-179.54,614.0,6.779e+18,6.487,113.0,14.0,-177.0,20.0,89.0,-76.0
FCTs_20080116_115444_XIZANG,2008-01-16,11:54:44.0,32.331,85.158,6.0,5.266e+17,5.748,216.0,48.0,-67.0,4.0,46.0,-114.0
FCTs_20080122_171457_NORTHERN_SUMATRA__INDONESIA,2008-01-22,17:14:57.0,1.01,97.44,24.0,3.093e+18,6.26,342.0,18.0,109.0,142.0,73.0,84.0
FCTs_20080130_073242_BANDA_SEA,2008-01-30,07:32:42.0,-7.3,127.69,9.0,1.193e+18,5.984,116.0,46.0,122.0,254.0,52.0,62.0
FCTs_20080203_073412_LAKE_TANGANYIKA_REGION,2008-02-03,07:34:12.0,-2.296,28.9,10.0,1.158e+18,5.976,192.0,38.0,-85.0,6.0,53.0,-93.0
FCTs_20080204_170129_NEAR_COAST_OF_NORTHERN_CHILE,2008-02-04,17:01:29.0,-20.17,-70.04,40.0,4.399e+18,6.362,350.0,29.0,95.0,164.0,61.0,87.0
FCTs_20080205_055646_SULAWESI__INDONESIA,2008-02-05,05:56:46.0,-3.517,118.07,16.0,5.21e+17,5.745,41.0,49.0,60.0,262.0,50.0,120.0
FCTs_20080208_093814_NORTHERN_MID-ATLANTIC_RIDGE,2008-02-08,09:38:14.0,10.67,-41.9,7.0,2.448e+19,6.859,93.0,76.0,173.0,185.0,83.0,14.0
FCTs_20080210_122202_SOUTH_SANDWICH_ISLANDS_REGION,2008-02-10,12:22:02.0,-60.8,-25.59,10.0,6.859e+18,6.491,57.0,40.0,-118.0,272.0,55.0,-68.0
FCTs_20080212_125018_OAXACA__MEXICO,2008-02-12,12:50:18.0,16.36,-94.3,91.0,5.091e+18,6.405,177.0,33.0,-59.0,320.0,62.0,-109.0
FCTs_20080213_195846_TIMOR_SEA,2008-02-13,19:58:46.0,-8.16,128.64,21.0,2.223e+18,6.165,266.0,29.0,96.0,79.0,62.0,87.0
FCTs_20080214_100922_SOUTHERN_GREECE,2008-02-14,10:09:22.0,36.5,21.67,32.0,1.947e+19,6.793,314.0,9.0,101.0,123.0,81.0,88.0
FCTs_20080216_144511_CHILE-BOLIVIA_BORDER_REGION,2008-02-16,14:45:11.0,-21.35,-68.39,123.0,1.65e+18,6.078,211.0,13.0,-67.0,8.0,78.0,-95.0
FCTs_20080220_080830_OFF_W_COAST_OF_NORTHERN_SUMATRA,2008-02-20,08:08:30.0,2.77,95.96,17.0,1.495e+20,7.383,290.0,12.0,66.0,135.0,79.0,95.0
FCTs_20080220_182706_SOUTHERN_GREECE,2008-02-20,18:27:06.0,36.29,21.77,21.0,2.199e+18,6.162,253.0,72.0,8.0,161.0,82.0,162.0
FCTs_20080221_024618_SVALBARD_REGION,2008-02-21,02:46:18.0,77.08,18.57,12.0,1.727e+18,6.092,308.0,40.0,-25.0,58.0,74.0,-127.0
FCTs_20080221_141602_NEVADA,2008-02-21,14:16:02.0,41.153,-114.867,12.0,1.242e+18,5.996,25.0,39.0,-97.0,214.0,51.0,-85.0
FCTs_20080224_144621_SOUTHERN_SUMATRA__INDONESIA,2008-02-24,14:46:21.0,-2.4,99.93,26.0,4.627e+18,6.377,331.0,13.0,108.0,132.0,77.0,86.0
FCTs_20080225_083633_SOUTHERN_SUMATRA__INDONESIA,2008-02-25,08:36:33.0,-2.49,99.97,28.0,4.121e+19,7.01,325.0,15.0,104.0,131.0,76.0,86.0
FCTs_20080225_180603_SOUTHERN_SUMATRA__INDONESIA,2008-02-25,18:06:03.0,-2.33,99.89,27.0,6.476e+18,6.474,333.0,15.0,112.0,131.0,76.0,84.0
FCTs_20080225_210218_SOUTHERN_SUMATRA__INDONESIA,2008-02-25,21:02:18.0,-2.24,99.81,27.0,9.467e+18,6.584,348.0,17.0,126.0,131.0,76.0,80.0
FCTs_20080227_065420_BONIN_ISLANDS__JAPAN_REGION,2008-02-27,06:54:20.0,26.82,142.44,16.0,3.883e+18,6.326,186.0,17.0,81.0,15.0,73.0,93.0
FCTs_20080303_093102_KURIL_ISLANDS,2008-03-03,09:31:02.0,46.41,153.18,11.0,8.625e+18,6.557,235.0,24.0,113.0,31.0,68.0,80.0
FCTs_20080303_134940_PHILIPPINE_ISLANDS_REGION,2008-03-03,13:49:40.0,19.913,121.334,19.0,1.185e+18,5.983,9.0,30.0,75.0,206.0,61.0,99.0
FCTs_20080303_141114_PHILIPPINE_ISLANDS_REGION,2008-03-03,14:11:14.0,13.35,125.63,26.0,2.41e+19,6.855,282.0,29.0,-131.0,147.0,68.0,-70.0
FCTs_20080306_012159_HALMAHERA__INDONESIA,2008-03-06,01:21:59.0,2.572,128.232,120.0,7.917e+17,5.866,149.0,37.0,48.0,18.0,63.0,117.0
FCTs_20080312_112334_VANUATU_ISLANDS,2008-03-12,11:23:34.0,-16.57,167.34,16.0,5.876e+18,6.446,299.0,12.0,35.0,174.0,83.0,100.0
FCTs_20080314_223209_BONIN_ISLANDS__JAPAN_REGION,2008-03-14,22:32:09.0,26.988,142.599,13.0,2.593e+18,6.209,191.0,17.0,94.0,7.0,73.0,89.0
FCTs_20080315_144326_OFF_W_COAST_OF_NORTHERN_SUMATRA,2008-03-15,14:43:26.0,2.708,94.596,11.0,1.945e+18,6.126,317.0,24.0,90.0,137.0,66.0,90.0
FCTs_20080318_082247_KERMADEC_ISLANDS__NEW_ZEALAND,2008-03-18,08:22:47.0,-29.25,-177.44,34.0,2.618e+18,6.212,199.0,29.0,94.0,14.0,61.0,88.0
FCTs_20080320_223257_SOUTHERN_XINJIANG__CHINA,2008-03-20,22:32:57.0,35.49,81.47,13.0,4.769e+19,7.052,210.0,44.0,-53.0,343.0,56.0,-120.0
FCTs_20080322_212411_ANDREANOF_ISLANDS__ALEUTIAN_IS,2008-03-22,21:24:11.0,52.18,-178.72,142.0,2.187e+18,6.16,165.0,17.0,-94.0,349.0,73.0,-89.0
FCTs_20080324_203907_CHILE-BOLIVIA_BORDER_REGION,2008-03-24,20:39:07.0,-20.04,-68.96,110.0,2.42e+18,6.189,182.0,18.0,-88.0,0.0,72.0,-91.0
FCTs_20080328_224132_PHILIPPINE_ISLANDS_REGION,2008-03-28,22:41:32.0,20.251,121.949,6.0,9.905e+17,5.931,248.0,52.0,170.0,344.0,82.0,39.0
FCTs_20080329_173050_OFF_W_COAST_OF_NORTHERN_SUMATRA,2008-03-29,17:30:50.0,2.86,95.3,24.0,6.161e+18,6.46,338.0,9.0,114.0,134.0,82.0,87.0
FCTs_20080409_111317_LOYALTY_ISLANDS,2008-04-09,11:13:17.0,-20.17,168.86,18.0,5.017e+18,6.4,346.0,24.0,106.0,149.0,67.0,83.0
FCTs_20080409_124612_LOYALTY_ISLANDS,2008-04-09,12:46:12.0,-20.07,168.89,41.0,8.65e+19,7.225,319.0,33.0,83.0,147.0,57.0,94.0
FCTs_20080411_174501_LOYALTY_ISLANDS,2008-04-11,17:45:01.0,-20.39,168.84,12.0,1.196e+18,5.985,331.0,23.0,106.0,133.0,68.0,83.0
FCTs_20080412_003012_MACQUARIE_ISLAND_REGION,2008-04-12,00:30:12.0,-55.66,158.45,25.0,4.515e+19,7.036,181.0,45.0,93.0,357.0,45.0,88.0
FCTs_20080414_094519_SOUTH_SANDWICH_ISLANDS_REGION,2008-04-14,09:45:19.0,-56.022,-28.035,120.0,1.423e+18,6.036,190.0,30.0,174.0,285.0,87.0,60.0
FCTs_20080415_225951_ANDREANOF_ISLANDS__ALEUTIAN_IS,2008-04-15,22:59:51.0,51.86,-179.36,10.0,4.751e+18,6.385,82.0,76.0,173.0,173.0,84.0,14.0
FCTs_20080416_055419_ANDREANOF_ISLANDS__ALEUTIAN_IS,2008-04-16,05:54:19.0,51.88,-179.16,10.0,1.616e+19,6.739,68.0,71.0,170.0,161.0,81.0,19.0
FCTs_20080416_191936_EASTERN_HONSHU__JAPAN,2008-04-16,19:19:36.0,39.028,140.005,169.0,7.098e+17,5.834,113.0,21.0,4.0,19.0,88.0,111.0
FCTs_20080418_203907_FIJI_ISLANDS_REGION,2008-04-18,20:39:07.0,-17.34,-179.02,589.0,2.852e+18,6.237,39.0,63.0,-129.0,280.0,47.0,-39.0
FCTs_20080419_031225_BANDA_SEA,2008-04-19,03:12:25.0,-7.82,125.69,8.0,2.068e+18,6.144,94.0,56.0,169.0,191.0,81.0,34.0
FCTs_20080419_055842_LOYALTY_ISLANDS,2008-04-19,05:58:42.0,-20.27,168.8,10.0,4.599e+18,6.375,332.0,71.0,138.0,78.0,51.0,25.0
FCTs_20080419_102112_BANDA_SEA,2008-04-19,10:21:12.0,-7.875,125.722,13.0,1.34e+18,6.018,99.0,55.0,-172.0,5.0,84.0,-36.0
FCTs_20080423_182841_TAIWAN_REGION,2008-04-23,18:28:41.0,22.881,121.619,20.0,1.751e+18,6.095,249.0,72.0,-166.0,155.0,77.0,-18.0
FCTs_20080424_121449_CENTRAL_MID-ATLANTIC_RIDGE,2008-04-24,12:14:49.0,-1.18,-23.47,24.0,5.894e+18,6.447,268.0,90.0,-177.0,178.0,87.0,0.0
FCTs_20080426_233449_AUCKLAND_ISLANDS__N.Z._REGION,2008-04-26,23:34:49.0,-49.09,164.12,17.0,1.606e+18,6.07,347.0,20.0,42.0,217.0,77.0,105.0
FCTs_20080428_155755_SOUTH_SANDWICH_ISLANDS_REGION,2008-04-28,15:57:55.0,-58.74,-24.71,22.0,2.192e+18,6.161,175.0,26.0,90.0,355.0,64.0,90.0
FCTs_20080428_183334_VANUATU_ISLANDS,2008-04-28,18:33:34.0,-19.94,168.95,44.0,4.417e+18,6.363,334.0,44.0,94.0,149.0,46.0,87.0
FCTs_20080429_052604_HOKKAIDO__JAPAN_REGION,2008-04-29,05:26:04.0,41.452,142.03,49.0,5.488e+17,5.76,184.0,28.0,73.0,23.0,64.0,99.0
FCTs_20080429_191002_BANDA_SEA,2008-04-29,19:10:02.0,-6.108,127.484,423.0,9.939e+17,5.932,15.0,35.0,1.0,285.0,90.0,125.0
FCTs_20080502_013337_ANDREANOF_ISLANDS__ALEUTIAN_IS,2008-05-02,01:33:37.0,51.86,-177.53,6.0,1.503e+19,6.718,79.0,75.0,174.0,170.0,84.0,15.0
FCTs_20080503_190146_SOLOMON_ISLANDS,2008-05-03,19:01:46.0,-6.64,155.091,30.0,5.605e+17,5.766,311.0,40.0,82.0,142.0,50.0,97.0
FCTs_20080507_160202_NEAR_EAST_COAST_OF_HONSHU__JAPAN,2008-05-07,16:02:02.0,36.18,141.54,17.0,4.196e+18,6.349,188.0,15.0,78.0,20.0,75.0,93.0
FCTs_20080509_215129_SOUTH_OF_MARIANA_ISLANDS,2008-05-09,21:51:29.0,12.52,143.18,86.0,1.949e+19,6.793,220.0,66.0,-33.0,325.0,60.0,-151.0
FCTs_20080512_062801_SICHUAN__CHINA,2008-05-12,06:28:01.0,31.0,103.32,15.0,1.244e+21,7.997,224.0,31.0,137.0,353.0,70.0,67.0
FCTs_20080513_070708_SICHUAN__CHINA,2008-05-13,07:07:08.0,30.89,103.194,9.0,5.529e+17,5.762,213.0,43.0,117.0,358.0,53.0,67.0
FCTs_20080517_170825_SICHUAN__CHINA,2008-05-17,17:08:25.0,32.24,104.982,10.0,6.246e+17,5.797,46.0,42.0,83.0,236.0,48.0,96.0
FCTs_20080519_142645_NORTHERN_SUMATRA__INDONESIA,2008-05-19,14:26:45.0,1.64,99.147,7.0,1.659e+18,6.08,237.0,82.0,-31.0,332.0,60.0,-171.0
FCTs_20080520_135335_RAT_ISLANDS__ALEUTIAN_ISLANDS,2008-05-20,13:53:35.0,51.16,178.76,16.0,3.5e+18,6.296,290.0,25.0,128.0,69.0,71.0,74.0
FCTs_20080523_193534_CENTRAL_MID-ATLANTIC_RIDGE,2008-05-23,19:35:34.0,7.31,-34.9,8.0,8.078e+18,6.538,0.0,87.0,-11.0,91.0,79.0,-176.0
FCTs_20080524_132405_SOLOMON_ISLANDS,2008-05-24,13:24:05.0,-7.181,156.069,38.0,6.016e+17,5.786,302.0,42.0,37.0,183.0,66.0,126.0
FCTs_20080525_082149_SICHUAN__CHINA,2008-05-25,08:21:49.0,32.56,105.42,22.0,9.809e+17,5.928,65.0,82.0,167.0,157.0,77.0,8.0
FCTs_20080525_191825_KODIAK_ISLAND_REGION__ALASKA,2008-05-25,19:18:25.0,56.087,-153.78,24.0,1.544e+18,6.059,223.0,16.0,76.0,57.0,75.0,94.0
FCTs_20080529_154600_ICELAND,2008-05-29,15:46:00.0,64.0,-21.01,4.0,2.778e+18,6.229,86.0,87.0,-3.0,176.0,87.0,-177.0
FCTs_20080530_072539_SOUTHEAST_OF_HONSHU__JAPAN,2008-05-30,07:25:39.0,30.802,141.523,16.0,8.75e+17,5.895,165.0,22.0,71.0,6.0,70.0,97.0
FCTs_20080531_043756_MID-INDIAN_RIDGE,2008-05-31,04:37:56.0,-41.2,80.48,5.0,5.161e+18,6.408,229.0,78.0,-179.0,139.0,89.0,-12.0
FCTs_20080601_015723_PHILIPPINE_ISLANDS_REGION,2008-06-01,01:57:23.0,20.12,121.35,34.0,2.671e+18,6.218,336.0,22.0,41.0,207.0,76.0,107.0
FCTs_20080601_143103_WEST_OF_MACQUARIE_ISLAND,2008-06-01,14:31:03.0,-59.38,149.66,10.0,8.042e+18,6.537,251.0,86.0,175.0,341.0,85.0,4.0
FCTs_20080603_162050_SOLOMON_ISLANDS,2008-06-03,16:20:50.0,-10.51,161.27,88.0,2.716e+18,6.223,227.0,48.0,-69.0,17.0,46.0,-112.0
FCTs_20080603_220427_FLORES_REGION__INDONESIA,2008-06-03,22:04:27.0,-8.1,120.231,11.0,1.276e+18,6.004,87.0,27.0,100.0,256.0,64.0,85.0
FCTs_20080606_134248_BANDA_SEA,2008-06-06,13:42:48.0,-7.495,127.885,134.0,1.245e+18,5.997,87.0,45.0,73.0,290.0,47.0,106.0
FCTs_20080608_122529_SOUTHERN_GREECE,2008-06-08,12:25:29.0,37.96,21.52,10.0,4.499e+18,6.369,120.0,88.0,-10.0,210.0,80.0,-178.0
FCTs_20080610_041337_VANUATU_ISLANDS,2008-06-10,04:13:37.0,-18.098,167.88,23.0,1.066e+18,5.952,335.0,28.0,83.0,163.0,62.0,94.0
FCTs_20080613_234345_EASTERN_HONSHU__JAPAN,2008-06-13,23:43:45.0,39.03,140.88,12.0,1.965e+19,6.796,224.0,47.0,128.0,356.0,55.0,57.0
FCTs_20080615_011311_FIJI_ISLANDS_REGION,2008-06-15,01:13:11.0,-17.735,-179.733,639.0,8.205e+17,5.876,79.0,7.0,-157.0,326.0,87.0,-84.0
FCTs_20080622_072206_SOLOMON_ISLANDS,2008-06-22,07:22:06.0,-8.865,157.804,14.0,4.571e+17,5.707,277.0,34.0,44.0,149.0,67.0,116.0
FCTs_20080622_235630_EASTERN_SIBERIA__RUSSIA,2008-06-22,23:56:30.0,67.7,141.28,19.0,1.903e+18,6.12,339.0,56.0,138.0,96.0,56.0,42.0
FCTs_20080626_211915_TONGA_ISLANDS,2008-06-26,21:19:15.0,-20.77,-173.34,49.0,1.632e+18,6.075,20.0,33.0,115.0,171.0,61.0,75.0
FCTs_20080627_114013_ANDAMAN_ISLANDS__INDIA_REGION,2008-06-27,11:40:13.0,11.01,91.82,28.0,7.474e+18,6.516,169.0,43.0,-121.0,28.0,54.0,-64.0
FCTs_20080628_125446_ANDAMAN_ISLANDS__INDIA_REGION,2008-06-28,12:54:46.0,10.85,91.71,20.0,1.861e+18,6.113,210.0,30.0,-67.0,4.0,62.0,-103.0
FCTs_20080629_205304_PRIMOR'YE__RUSSIA,2008-06-29,20:53:04.0,45.156,137.446,319.0,1.082e+18,5.956,177.0,37.0,-6.0,272.0,86.0,-127.0
FCTs_20080630_061743_SOUTH_SANDWICH_ISLANDS_REGION,2008-06-30,06:17:43.0,-58.23,-22.1,6.0,6.305e+19,7.133,235.0,75.0,-16.0,329.0,75.0,-164.0
FCTs_20080703_030237_SOUTH_OF_FIJI_ISLANDS,2008-07-03,03:02:37.0,-23.37,-179.78,585.0,2.602e+18,6.21,129.0,30.0,-46.0,260.0,69.0,-112.0
FCTs_20080705_021204_SEA_OF_OKHOTSK,2008-07-05,02:12:04.0,53.88,152.89,634.0,3.887e+20,7.66,144.0,51.0,-136.0,23.0,57.0,-49.0
FCTs_20080708_074210_RYUKYU_ISLANDS__JAPAN,2008-07-08,07:42:10.0,27.532,128.334,48.0,1.086e+18,5.957,229.0,33.0,93.0,45.0,57.0,88.0
FCTs_20080708_091307_SOUTHERN_PERU,2008-07-08,09:13:07.0,-15.99,-71.75,110.0,2.049e+18,6.141,185.0,27.0,-27.0,300.0,78.0,-114.0
FCTs_20080713_145833_TAIWAN_REGION,2008-07-13,14:58:33.0,21.01,121.15,23.0,3.233e+18,6.273,263.0,81.0,-156.0,169.0,66.0,-10.0
FCTs_20080715_032634_DODECANESE_ISLANDS__GREECE,2008-07-15,03:26:34.0,35.8,27.86,57.0,3.578e+18,6.302,265.0,90.0,-29.0,355.0,61.0,-180.0
FCTs_20080719_023928_OFF_EAST_COAST_OF_HONSHU__JAPAN,2008-07-19,02:39:28.0,37.55,142.21,26.0,3.471e+19,6.96,202.0,14.0,91.0,21.0,76.0,90.0
FCTs_20080719_092701_SANTA_CRUZ_ISLANDS_REGION,2008-07-19,09:27:01.0,-11.04,164.49,10.0,8.466e+18,6.552,55.0,40.0,-68.0,207.0,53.0,-108.0
FCTs_20080719_223952_FIJI_ISLANDS_REGION,2008-07-19,22:39:52.0,-17.34,-177.31,397.0,4.576e+18,6.374,275.0,39.0,-126.0,139.0,60.0,-65.0
FCTs_20080721_113029_OFF_EAST_COAST_OF_HONSHU__JAPAN,2008-07-21,11:30:29.0,37.186,142.051,26.0,1.1e+18,5.961,193.0,21.0,77.0,27.0,70.0,95.0
FCTs_20080723_152619_EASTERN_HONSHU__JAPAN,2008-07-23,15:26:19.0,39.8,141.46,105.0,2.502e+19,6.865,21.0,19.0,-71.0,180.0,72.0,-97.0
FCTs_20080724_014316_KURIL_ISLANDS,2008-07-24,01:43:16.0,50.97,157.58,33.0,3.065e+18,6.258,218.0,34.0,83.0,46.0,56.0,94.0
FCTs_20080725_002922_RAT_ISLANDS__ALEUTIAN_ISLANDS,2008-07-25,00:29:22.0,51.279,178.982,15.0,1.044e+18,5.946,260.0,27.0,102.0,67.0,63.0,84.0
FCTs_20080727_211542_CENTRAL_MID-ATLANTIC_RIDGE,2008-07-27,21:15:42.0,-0.253,-18.287,14.0,4.795e+17,5.721,76.0,63.0,171.0,170.0,82.0,27.0
FCTs_20080728_213732_SOLOMON_ISLANDS,2008-07-28,21:37:32.0,-10.606,163.162,4.0,1.424e+18,6.036,273.0,75.0,-47.0,19.0,45.0,-159.0
FCTs_20080804_044214_KURIL_ISLANDS,2008-08-04,04:42:14.0,49.852,156.38,89.0,5.168e+17,5.742,288.0,13.0,-167.0,185.0,87.0,-77.0
FCTs_20080805_094917_SICHUAN__CHINA,2008-08-05,09:49:17.0,32.756,105.494,6.0,6.057e+17,5.788,347.0,28.0,93.0,163.0,62.0,88.0
FCTs_20080806_224103_SUMBAWA_REGION__INDONESIA,2008-08-06,22:41:03.0,-8.131,117.665,9.0,1.071e+18,5.953,219.0,79.0,13.0,127.0,78.0,168.0
FCTs_20080807_183003_ANDREANOF_ISLANDS__ALEUTIAN_IS,2008-08-07,18:30:03.0,52.19,-175.651,7.0,6.55e+17,5.811,330.0,63.0,-24.0,72.0,69.0,-151.0
FCTs_20080810_082033_ANDAMAN_ISLANDS__INDIA_REGION,2008-08-10,08:20:33.0,11.06,91.81,7.0,2.896e+18,6.241,44.0,65.0,-28.0,146.0,65.0,-153.0
FCTs_20080812_052557_SANTA_CRUZ_ISLANDS,2008-08-12,05:25:57.0,-11.432,166.23,47.0,7.299e+17,5.842,155.0,41.0,93.0,331.0,49.0,87.0
FCTs_20080819_163013_TONGA_ISLANDS,2008-08-19,16:30:13.0,-15.09,-173.48,7.0,1.471e+18,6.045,103.0,26.0,0.0,194.0,90.0,-116.0
FCTs_20080822_074739_MAURITIUS_-_REUNION_REGION,2008-08-22,07:47:39.0,-17.769,65.394,14.0,1.322e+18,6.014,60.0,69.0,4.0,328.0,86.0,159.0
FCTs_20080825_132158_XIZANG,2008-08-25,13:21:58.0,30.9,83.52,13.0,1.295e+19,6.675,160.0,51.0,-122.0,25.0,48.0,-57.0
FCTs_20080826_210036_PERU-BRAZIL_BORDER_REGION,2008-08-26,21:00:36.0,-7.64,-74.38,153.0,5.175e+18,6.409,207.0,37.0,-58.0,348.0,59.0,-112.0
FCTs_20080827_013532_LAKE_BAYKAL_REGION__RUSSIA,2008-08-27,01:35:32.0,51.61,104.16,18.0,2.548e+18,6.204,217.0,54.0,-134.0,96.0,55.0,-46.0
FCTs_20080827_215238_IRAN-IRAQ_BORDER_REGION,2008-08-27,21:52:38.0,32.308,47.35,7.0,4.497e+17,5.702,155.0,72.0,163.0,251.0,74.0,19.0
FCTs_20080828_123735_VANCOUVER_ISLAND__CANADA_REGION,2008-08-28,12:37:35.0,50.165,-129.628,5.0,9.51e+17,5.919,45.0,76.0,4.0,314.0,86.0,166.0
FCTs_20080828_152223_NORTH_OF_ASCENSION_ISLAND,2008-08-28,15:22:23.0,-0.25,-17.36,16.0,2.93e+18,6.245,79.0,71.0,179.0,169.0,89.0,19.0
FCTs_20080830_065407_EASTERN_NEW_GUINEA_REG.__P.N.G,2008-08-30,06:54:07.0,-6.15,147.26,82.0,5.606e+18,6.432,159.0,57.0,25.0,55.0,69.0,145.0
FCTs_20080901_040039_SOUTH_OF_FIJI_ISLANDS,2008-09-01,04:00:39.0,-25.387,-177.636,173.0,1.202e+18,5.987,144.0,11.0,-169.0,44.0,88.0,-79.0
FCTs_20080903_112514_SANTIAGO_DEL_ESTERO_PROV.__ARG,2008-09-03,11:25:14.0,-26.74,-63.22,581.0,3.261e+18,6.276,17.0,21.0,-49.0,154.0,75.0,-104.0
FCTs_20080906_054739_HINDU_KUSH_REGION__AFGHANISTAN,2008-09-06,05:47:39.0,36.487,70.934,194.0,7.209e+17,5.839,59.0,25.0,84.0,246.0,65.0,93.0
FCTs_20080908_030315_VANUATU_ISLANDS,2008-09-08,03:03:15.0,-19.96,169.11,41.0,2.389e+18,6.185,340.0,43.0,73.0,183.0,49.0,106.0
FCTs_20080908_185206_VANUATU_ISLANDS,2008-09-08,18:52:06.0,-13.5,166.97,122.0,4.189e+19,7.015,353.0,43.0,83.0,182.0,48.0,96.0
FCTs_20080909_122249_SOLOMON_ISLANDS,2008-09-09,12:22:49.0,-9.272,158.261,12.0,1.052e+18,5.948,3.0,73.0,149.0,103.0,61.0,20.0
FCTs_20080910_110034_SOUTHERN_IRAN,2008-09-10,11:00:34.0,26.74,55.83,8.0,1.506e+18,6.052,258.0,44.0,119.0,40.0,53.0,65.0
FCTs_20080910_130814_CENTRAL_MID-ATLANTIC_RIDGE,2008-09-10,13:08:14.0,8.09,-38.71,8.0,9.583e+18,6.588,92.0,87.0,-178.0,1.0,88.0,-3.0
FCTs_20080911_000002_HALMAHERA__INDONESIA,2008-09-11,00:00:02.0,1.88,127.36,103.0,9.188e+18,6.575,3.0,23.0,44.0,232.0,74.0,107.0
FCTs_20080912_230750_KOMANDORSKIYE_OSTROVA_REGION,2008-09-12,23:07:50.0,56.312,164.07,7.0,8.528e+17,5.887,102.0,50.0,-169.0,4.0,81.0,-40.0
FCTs_20080918_014103_CENTRAL_EAST_PACIFIC_RISE,2008-09-18,01:41:03.0,-4.554,-105.999,12.0,1.423e+18,6.035,102.0,74.0,6.0,10.0,85.0,164.0
FCTs_20080918_115847_NEAR_EAST_COAST_OF_KAMCHATKA,2008-09-18,11:58:47.0,51.94,158.363,50.0,7.684e+17,5.857,214.0,36.0,89.0,36.0,54.0,91.0
FCTs_20080924_023305_OFF_COAST_OF_JALISCO__MEXICO,2008-09-24,02:33:05.0,17.61,-105.5,9.0,3.696e+18,6.312,37.0,87.0,-12.0,128.0,78.0,-176.0
FCTs_20080925_014711_XIZANG,2008-09-25,01:47:11.0,30.836,83.487,8.0,7.313e+17,5.843,203.0,66.0,-19.0,301.0,73.0,-155.0
FCTs_20080927_030904_MINDORO__PHILIPPINES,2008-09-27,03:09:04.0,13.477,120.548,9.0,9.408e+17,5.916,53.0,39.0,-76.0,216.0,52.0,-101.0
FCTs_20080929_151931_KERMADEC_ISLANDS__NEW_ZEALAND,2008-09-29,15:19:31.0,-29.76,-177.68,46.0,4.694e+19,7.048,206.0,36.0,98.0,16.0,55.0,84.0
FCTs_20081002_232809_SOUTHEAST_OF_LOYALTY_ISLANDS,2008-10-02,23:28:09.0,-23.019,169.861,12.0,8.522e+17,5.887,136.0,33.0,-64.0,287.0,61.0,-106.0
FCTs_20081005_091236_KERMADEC_ISLANDS__NEW_ZEALAND,2008-10-05,09:12:36.0,-30.18,-177.18,11.0,2.927e+18,6.244,200.0,11.0,93.0,17.0,79.0,89.0
FCTs_20081005_155249_TAJIKISTAN-XINJIANG_BORDER_REG,2008-10-05,15:52:49.0,39.53,73.82,9.0,1.069e+19,6.619,46.0,34.0,64.0,257.0,60.0,107.0
FCTs_20081005_225628_SOUTHEASTERN_AFGHANISTAN,2008-10-05,22:56:28.0,33.886,69.47,5.0,9.638e+17,5.923,215.0,64.0,4.0,123.0,86.0,154.0
FCTs_20081006_083045_XIZANG,2008-10-06,08:30:45.0,29.81,90.35,11.0,2.862e+18,6.238,38.0,48.0,-63.0,181.0,48.0,-117.0
FCTs_20081011_090610_EASTERN_CAUCASUS,2008-10-11,09:06:10.0,43.372,46.254,19.0,5.088e+17,5.738,105.0,34.0,81.0,296.0,56.0,96.0
FCTs_20081011_104014_VIRGIN_ISLANDS,2008-10-11,10:40:14.0,19.16,-64.83,31.0,1.365e+18,6.024,298.0,59.0,34.0,189.0,62.0,144.0
FCTs_20081012_205541_SOUTHERN_BOLIVIA,2008-10-12,20:55:41.0,-20.12,-64.97,359.0,2.179e+18,6.159,269.0,18.0,8.0,171.0,87.0,108.0
FCTs_20081016_194125_NEAR_COAST_OF_CHIAPAS__MEXICO,2008-10-16,19:41:25.0,14.42,-92.36,28.0,1.158e+19,6.642,298.0,35.0,82.0,128.0,55.0,96.0
FCTs_20081019_051033_TONGA_ISLANDS,2008-10-19,05:10:33.0,-21.86,-173.82,43.0,2.618e+19,6.879,21.0,43.0,96.0,194.0,47.0,85.0
FCTs_20081020_045419_MINAHASSA_PENINSULA__SULAWESI,2008-10-20,04:54:19.0,0.109,120.681,99.0,7.573e+17,5.853,317.0,38.0,39.0,194.0,67.0,121.0
FCTs_20081022_125557_TONGA_ISLANDS,2008-10-22,12:55:57.0,-18.41,-175.35,250.0,3.971e+18,6.333,233.0,20.0,-67.0,28.0,72.0,-98.0
FCTs_20081023_100435_ADMIRALTY_ISLANDS_REGION__P.N.G,2008-10-23,10:04:35.0,-2.63,145.57,8.0,4.764e+18,6.385,252.0,83.0,-4.0,342.0,86.0,-173.0
FCTs_20081028_230957_PAKISTAN,2008-10-28,23:09:57.0,30.64,67.35,15.0,4.199e+18,6.349,302.0,80.0,159.0,36.0,69.0,10.0
FCTs_20081029_113243_PAKISTAN,2008-10-29,11:32:43.0,30.6,67.46,21.0,3.946e+18,6.331,325.0,73.0,-171.0,233.0,81.0,-17.0
FCTs_20081102_134842_ANDREANOF_ISLANDS__ALEUTIAN_IS,2008-11-02,13:48:42.0,51.55,-174.37,19.0,1.868e+18,6.114,249.0,28.0,91.0,68.0,62.0,90.0
FCTs_20081106_091105_KERMADEC_ISLANDS__NEW_ZEALAND,2008-11-06,09:11:05.0,-29.855,-177.441,21.0,1.079e+18,5.955,199.0,26.0,95.0,14.0,64.0,88.0
FCTs_20081107_071935_VANUATU_ISLANDS,2008-11-07,07:19:35.0,-14.83,168.03,19.0,3.436e+18,6.291,159.0,33.0,86.0,344.0,57.0,92.0
FCTs_20081107_160423_BANDA_SEA,2008-11-07,16:04:23.0,-6.71,129.07,4.0,4.376e+18,6.361,51.0,67.0,3.0,320.0,87.0,157.0
FCTs_20081110_012202_QINGHAI__CHINA,2008-11-10,01:22:02.0,37.56,95.83,21.0,3.316e+18,6.28,254.0,32.0,66.0,101.0,61.0,104.0
FCTs_20081114_020509_BOUVET_ISLAND_REGION,2008-11-14,02:05:09.0,-53.794,8.727,11.0,8.855e+17,5.898,38.0,73.0,-175.0,307.0,85.0,-17.0
FCTs_20081116_170232_MINAHASSA_PENINSULA__SULAWESI,2008-11-16,17:02:32.0,1.27,122.09,40.0,1.038e+20,7.277,87.0,23.0,78.0,280.0,67.0,95.0
FCTs_20081119_061120_PANAMA-COSTA_RICA_BORDER_REGION,2008-11-19,06:11:20.0,8.27,-82.97,39.0,2.594e+18,6.209,276.0,66.0,-31.0,20.0,62.0,-153.0
FCTs_20081121_070534_SOLOMON_ISLANDS,2008-11-21,07:05:34.0,-8.95,159.55,122.0,1.452e+18,6.041,152.0,38.0,114.0,302.0,56.0,73.0
FCTs_20081122_160101_SOUTHERN_SUMATRA__INDONESIA,2008-11-22,16:01:01.0,-4.35,101.26,27.0,6.465e+18,6.474,322.0,11.0,108.0,124.0,79.0,86.0
FCTs_20081124_090258_SEA_OF_OKHOTSK,2008-11-24,09:02:58.0,54.2,154.32,518.0,1.156e+20,7.309,276.0,25.0,-30.0,34.0,78.0,-112.0
FCTs_20081129_055916_FIJI_ISLANDS_REGION,2008-11-29,05:59:16.0,-18.701,-177.716,396.0,1.115e+18,5.965,36.0,39.0,14.0,294.0,81.0,128.0
FCTs_20081202_123143_MARIANA_ISLANDS,2008-12-02,12:31:43.0,19.108,145.75,121.0,9.998e+17,5.933,225.0,39.0,-170.0,127.0,84.0,-52.0
FCTs_20081203_231654_NEAR_EAST_COAST_OF_HONSHU__JAPAN,2008-12-03,23:16:54.0,38.589,142.878,15.0,1.112e+18,5.964,173.0,20.0,61.0,23.0,72.0,100.0
FCTs_20081206_105526_BANDA_SEA,2008-12-06,10:55:26.0,-7.39,124.75,407.0,5.516e+18,6.428,281.0,38.0,-121.0,138.0,58.0,-68.0
FCTs_20081208_183909_SOUTHEAST_INDIAN_RIDGE,2008-12-08,18:39:09.0,-53.01,106.82,14.0,3.233e+18,6.273,355.0,45.0,-76.0,156.0,46.0,-104.0
FCTs_20081209_062359_KERMADEC_ISLANDS_REGION,2008-12-09,06:23:59.0,-31.23,-176.92,23.0,1.319e+19,6.68,187.0,38.0,-87.0,4.0,52.0,-92.0
FCTs_20081209_172858_VANUATU_ISLANDS,2008-12-09,17:28:58.0,-15.93,168.17,237.0,1.278e+18,6.004,142.0,31.0,153.0,255.0,77.0,62.0
FCTs_20081210_131534_SANTA_CRUZ_ISLANDS,2008-12-10,13:15:34.0,-12.337,166.572,62.0,1.242e+18,5.996,99.0,32.0,103.0,263.0,59.0,82.0
FCTs_20081211_214051_MINAHASSA_PENINSULA__SULAWESI,2008-12-11,21:40:51.0,0.063,123.433,131.0,7.769e+17,5.86,287.0,18.0,110.0,86.0,73.0,84.0
FCTs_20081213_084536_WESTERN_INDIAN-ANTARCTIC_RIDGE,2008-12-13,08:45:36.0,-48.981,123.398,7.0,9.592e+17,5.921,282.0,45.0,-69.0,74.0,49.0,-110.0
FCTs_20081217_105559_FIJI_ISLANDS_REGION,2008-12-17,10:55:59.0,-17.744,-178.371,550.0,5.935e+17,5.782,279.0,27.0,-33.0,39.0,76.0,-113.0
FCTs_20081218_211928_NEAR_COAST_OF_CENTRAL_CHILE,2008-12-18,21:19:28.0,-32.46,-71.73,15.0,3.132e+18,6.264,5.0,22.0,100.0,175.0,68.0,86.0
FCTs_20081220_102923_OFF_EAST_COAST_OF_HONSHU__JAPAN,2008-12-20,10:29:23.0,36.54,142.43,7.0,7.016e+18,6.497,195.0,23.0,117.0,347.0,70.0,79.0
FCTs_20081221_091644_OFF_EAST_COAST_OF_HONSHU__JAPAN,2008-12-21,09:16:44.0,36.541,142.317,7.0,1.631e+18,6.075,203.0,27.0,-62.0,352.0,66.0,-104.0
FCTs_20081224_091134_TONGA_ISLANDS_REGION,2008-12-24,09:11:34.0,-17.29,-171.909,11.0,1.359e+18,6.022,2.0,41.0,-96.0,189.0,49.0,-85.0
FCTs_20081225_032029_MINDANAO__PHILIPPINES,2008-12-25,03:20:29.0,5.75,125.38,201.0,3.043e+18,6.256,220.0,22.0,128.0,0.0,73.0,76.0
FCTs_20081225_224023_OFF_COAST_OF_PAKISTAN,2008-12-25,22:40:23.0,23.417,64.499,14.0,7.416e+17,5.847,215.0,33.0,-150.0,99.0,74.0,-61.0
FCTs_20081229_033741_AFGHANISTAN-TAJIKISTAN_BORD_REG,2008-12-29,03:37:41.0,36.389,71.075,160.0,5.619e+17,5.766,89.0,32.0,89.0,270.0,58.0,91.0
FCTs_20081230_194952_SOUTHERN_SUMATRA__INDONESIA,2008-12-30,19:49:52.0,-4.297,101.217,25.0,1.386e+18,6.028,325.0,17.0,102.0,132.0,73.0,86.0
FCTs_20090103_194350_IRIAN_JAYA_REGION__INDONESIA,2009-01-03,19:43:50.0,-0.41,132.88,14.0,3.16e+20,7.6,106.0,25.0,68.0,310.0,67.0,100.0
FCTs_20090106_224827_IRIAN_JAYA_REGION__INDONESIA,2009-01-06,22:48:27.0,-0.659,133.434,15.0,1.148e+18,5.973,26.0,27.0,4.0,292.0,88.0,117.0
FCTs_20090108_192135_COSTA_RICA,2009-01-08,19:21:35.0,10.16,-84.2,16.0,1.376e+18,6.026,37.0,84.0,-21.0,129.0,69.0,-174.0
FCTs_20090115_072720_SOUTHEAST_OF_LOYALTY_ISLANDS,2009-01-15,07:27:20.0,-22.35,170.63,34.0,6.704e+18,6.484,301.0,29.0,97.0,112.0,62.0,86.0
FCTs_20090115_174939_EAST_OF_KURIL_ISLANDS,2009-01-15,17:49:39.0,46.86,155.15,35.0,1.639e+20,7.41,15.0,40.0,90.0,195.0,50.0,90.0
FCTs_20090118_141148_KERMADEC_ISLANDS__NEW_ZEALAND,2009-01-18,14:11:48.0,-30.2,-177.95,39.0,5.705e+18,6.438,208.0,36.0,96.0,21.0,54.0,86.0
FCTs_20090119_033518_SOUTHEAST_OF_LOYALTY_ISLANDS,2009-01-19,03:35:18.0,-22.6,170.91,23.0,4.835e+18,6.39,296.0,26.0,98.0,106.0,64.0,86.0
FCTs_20090121_170842_SOUTHEAST_OF_LOYALTY_ISLANDS,2009-01-21,17:08:42.0,-22.69,171.04,28.0,1.467e+18,6.044,301.0,28.0,101.0,108.0,63.0,84.0
FCTs_20090122_201634_BANDA_SEA,2009-01-22,20:16:34.0,-7.31,128.57,162.0,1.975e+18,6.13,287.0,39.0,89.0,108.0,51.0,91.0
FCTs_20090124_180950_SOUTHERN_ALASKA,2009-01-24,18:09:50.0,59.43,-152.887,103.0,4.796e+17,5.721,68.0,73.0,33.0,327.0,59.0,160.0
FCTs_20090126_191147_FOX_ISLANDS__ALEUTIAN_ISLANDS,2009-01-26,19:11:47.0,51.955,-171.159,31.0,7.777e+17,5.861,241.0,28.0,109.0,39.0,63.0,80.0
FCTs_20090211_173450_TALAUD_ISLANDS__INDONESIA,2009-02-11,17:34:50.0,3.89,126.39,27.0,6.391e+19,7.137,170.0,39.0,71.0,14.0,53.0,105.0
FCTs_20090212_034939_TALAUD_ISLANDS__INDONESIA,2009-02-12,03:49:39.0,3.947,126.411,28.0,1.704e+18,6.088,170.0,18.0,53.0,28.0,76.0,101.0
FCTs_20090212_083017_TALAUD_ISLANDS__INDONESIA,2009-02-12,08:30:17.0,3.972,126.724,25.0,1.06e+18,5.95,170.0,42.0,85.0,357.0,48.0,95.0
FCTs_20090212_131506_TALAUD_ISLANDS__INDONESIA,2009-02-12,13:15:06.0,4.03,126.55,29.0,3.061e+18,6.257,152.0,39.0,62.0,7.0,57.0,111.0
FCTs_20090218_215345_KERMADEC_ISLANDS_REGION,2009-02-18,21:53:45.0,-27.42,-176.33,31.0,2.314e+19,6.843,272.0,24.0,167.0,15.0,85.0,66.0
FCTs_20090224_055800_SOUTH_OF_MARIANA_ISLANDS,2009-02-24,05:58:00.0,13.787,146.303,10.0,1.232e+18,5.994,210.0,20.0,108.0,10.0,71.0,83.0
FCTs_20090228_143306_SOUTH_SANDWICH_ISLANDS_REGION,2009-02-28,14:33:06.0,-60.53,-24.8,19.0,2.591e+18,6.209,60.0,30.0,-59.0,205.0,65.0,-107.0
FCTs_20090311_172436_COSTA_RICA,2009-03-11,17:24:36.0,8.504,-83.219,16.0,7.496e+17,5.85,311.0,26.0,106.0,113.0,65.0,82.0
FCTs_20090312_232334_SOUTH_OF_PANAMA,2009-03-12,23:23:34.0,5.69,-82.77,7.0,3.143e+18,6.265,270.0,89.0,-13.0,0.0,77.0,-179.0
FCTs_20090316_141556_TALAUD_ISLANDS__INDONESIA,2009-03-16,14:15:56.0,3.81,126.55,38.0,3.781e+18,6.318,22.0,64.0,134.0,137.0,49.0,35.0
FCTs_20090319_181740_TONGA_ISLANDS_REGION,2009-03-19,18:17:40.0,-23.04,-174.66,53.0,3.018e+20,7.587,9.0,41.0,80.0,202.0,50.0,98.0
FCTs_20090326_173514_NEAR_COAST_OF_NORTHERN_PERU,2009-03-26,17:35:14.0,-5.72,-81.338,23.0,9.83e+17,5.928,358.0,20.0,91.0,177.0,70.0,90.0
FCTs_20090328_175931_NEAR_NORTH_COAST_OF_IRIAN_JAYA,2009-03-28,17:59:31.0,-2.952,139.543,90.0,1.134e+18,5.97,329.0,35.0,116.0,118.0,59.0,73.0
FCTs_20090401_035458_NEAR_N_COAST_OF_NEW_GUINEA__PNG,2009-04-01,03:54:58.0,-3.52,144.1,13.0,4.523e+18,6.37,273.0,74.0,4.0,182.0,86.0,164.0
FCTs_20090406_013239_CENTRAL_ITALY,2009-04-06,01:32:39.0,42.33,13.33,7.0,2.832e+18,6.235,309.0,41.0,-107.0,151.0,51.0,-76.0
FCTs_20090407_042333_KURIL_ISLANDS,2009-04-07,04:23:33.0,46.05,151.55,34.0,3.331e+19,6.948,236.0,31.0,107.0,37.0,61.0,80.0
FCTs_20090415_200134_SOUTHERN_SUMATRA__INDONESIA,2009-04-15,20:01:34.0,-3.12,100.47,25.0,3.168e+18,6.267,327.0,14.0,105.0,132.0,76.0,86.0
FCTs_20090416_145706_SOUTH_SANDWICH_ISLANDS_REGION,2009-04-16,14:57:06.0,-60.2,-26.86,25.0,1.936e+19,6.791,234.0,28.0,126.0,15.0,68.0,73.0
FCTs_20090417_020808_NEAR_COAST_OF_NORTHERN_CHILE,2009-04-17,02:08:08.0,-19.58,-70.48,28.0,1.538e+18,6.058,353.0,29.0,96.0,166.0,61.0,87.0
FCTs_20090418_191758_KURIL_ISLANDS,2009-04-18,19:17:58.0,46.01,151.43,41.0,1.138e+19,6.637,234.0,33.0,107.0,33.0,58.0,79.0
FCTs_20090419_052325_TALAUD_ISLANDS__INDONESIA,2009-04-19,05:23:25.0,4.14,126.68,26.0,1.542e+18,6.059,170.0,43.0,79.0,5.0,48.0,100.0
FCTs_20090421_052611_KURIL_ISLANDS,2009-04-21,05:26:11.0,50.83,155.01,159.0,2.264e+18,6.17,140.0,16.0,-159.0,30.0,84.0,-75.0
FCTs_20090503_162145_GUATEMALA,2009-05-03,16:21:45.0,14.55,-91.14,117.0,2.583e+18,6.208,40.0,13.0,170.0,140.0,88.0,77.0
FCTs_20090510_011606_OFF_COAST_OF_ECUADOR,2009-05-10,01:16:06.0,1.39,-85.17,6.0,1.487e+18,6.048,277.0,85.0,5.0,186.0,85.0,175.0
FCTs_20090512_012626_NEW_BRITAIN_REGION__P.N.G,2009-05-12,01:26:26.0,-5.66,149.54,93.0,1.766e+18,6.098,305.0,16.0,-10.0,45.0,87.0,-105.0
FCTs_20090512_123830_MID-INDIAN_RIDGE,2009-05-12,12:38:30.0,-12.429,65.138,7.0,4.535e+17,5.704,99.0,43.0,-116.0,312.0,52.0,-67.0
FCTs_20090516_005351_KERMADEC_ISLANDS_REGION,2009-05-16,00:53:51.0,-31.55,-178.83,51.0,6.249e+18,6.464,208.0,33.0,100.0,17.0,57.0,84.0
FCTs_20090524_005802_KERMADEC_ISLANDS_REGION,2009-05-24,00:58:02.0,-31.475,-177.683,13.0,9.185e+17,5.909,222.0,21.0,115.0,15.0,71.0,81.0
FCTs_20090528_082446_NORTH_OF_HONDURAS,2009-05-28,08:24:46.0,16.73,-86.22,29.0,1.529e+20,7.39,65.0,81.0,-6.0,156.0,84.0,-171.0
FCTs_20090602_021703_VANUATU_ISLANDS,2009-06-02,02:17:03.0,-17.76,167.95,27.0,3.828e+18,6.322,342.0,22.0,85.0,168.0,69.0,92.0
FCTs_20090605_033033_HOKKAIDO__JAPAN_REGION,2009-06-05,03:30:33.0,41.82,143.45,33.0,3.862e+18,6.325,229.0,18.0,111.0,28.0,73.0,83.0
FCTs_20090606_203328_NORTHERN_MID-ATLANTIC_RIDGE,2009-06-06,20:33:28.0,23.864,-46.105,7.0,9.589e+17,5.921,279.0,74.0,173.0,11.0,84.0,16.0
FCTs_20090612_094415_VANUATU_ISLANDS,2009-06-12,09:44:15.0,-17.611,167.812,23.0,1.041e+18,5.945,342.0,29.0,76.0,177.0,62.0,98.0
FCTs_20090614_055843_MINDANAO__PHILIPPINES,2009-06-14,05:58:43.0,5.36,126.44,36.0,1.946e+18,6.126,165.0,39.0,54.0,28.0,59.0,116.0
FCTs_20090616_200556_BOUVET_ISLAND_REGION,2009-06-16,20:05:56.0,-54.37,5.87,8.0,2.557e+18,6.205,126.0,81.0,-10.0,218.0,81.0,-171.0
FCTs_20090623_141922_NEW_IRELAND_REGION__P.N.G,2009-06-23,14:19:22.0,-5.16,153.78,71.0,1.545e+19,6.726,144.0,35.0,89.0,325.0,55.0,91.0
FCTs_20090701_093010_CRETE__GREECE,2009-07-01,09:30:10.0,34.16,25.47,8.0,8.305e+18,6.546,268.0,27.0,71.0,109.0,64.0,99.0
FCTs_20090704_064935_PANAMA,2009-07-04,06:49:35.0,9.59,-78.97,38.0,5.846e+17,5.778,246.0,35.0,42.0,120.0,67.0,118.0
FCTs_20090706_145312_RAT_ISLANDS__ALEUTIAN_ISLANDS,2009-07-06,14:53:12.0,50.44,176.99,29.0,1.463e+18,6.044,272.0,35.0,-159.0,164.0,78.0,-56.0
FCTs_20090707_191146_BAFFIN_BAY,2009-07-07,19:11:46.0,75.35,-72.45,22.0,9.695e+17,5.924,170.0,42.0,72.0,13.0,51.0,105.0
FCTs_20090712_061247_SOUTHERN_PERU,2009-07-12,06:12:47.0,-15.04,-70.44,195.0,1.734e+18,6.093,79.0,27.0,-137.0,309.0,72.0,-69.0
FCTs_20090713_105219_SUMBA_REGION__INDONESIA,2009-07-13,10:52:19.0,-9.139,119.32,71.0,7.806e+17,5.862,220.0,26.0,-145.0,98.0,76.0,-68.0
FCTs_20090713_180501_TAIWAN_REGION,2009-07-13,18:05:01.0,24.06,122.2,21.0,3.7e+18,6.312,298.0,23.0,135.0,71.0,74.0,73.0
FCTs_20090715_092229_OFF_W._COAST_OF_S._ISLAND__N.Z,2009-07-15,09:22:29.0,-45.76,166.56,27.0,4.532e+20,7.704,38.0,34.0,144.0,158.0,71.0,61.0
FCTs_20090715_201042_NEW_IRELAND_REGION__P.N.G,2009-07-15,20:10:42.0,-3.38,150.51,5.0,3.016e+18,6.253,286.0,77.0,12.0,193.0,78.0,167.0
FCTs_20090716_175936_VANUATU_ISLANDS,2009-07-16,17:59:36.0,-17.534,167.721,22.0,7.402e+17,5.846,342.0,31.0,80.0,173.0,59.0,96.0
FCTs_20090725_014223_SOLOMON_ISLANDS,2009-07-25,01:42:23.0,-6.492,154.973,37.0,1.065e+18,5.952,308.0,43.0,81.0,141.0,47.0,99.0
FCTs_20090802_085433_IRIAN_JAYA_REGION__INDONESIA,2009-08-02,08:54:33.0,-0.45,132.91,21.0,1.452e+18,6.041,286.0,41.0,65.0,137.0,54.0,110.0
FCTs_20090803_175956_GULF_OF_CALIFORNIA,2009-08-03,17:59:56.0,29.04,-112.9,9.0,2.14e+19,6.82,215.0,84.0,13.0,123.0,77.0,174.0
FCTs_20090805_001758_SOUTHWESTERN_RYUKYU_ISL.__JAPAN,2009-08-05,00:17:58.0,24.23,125.1,26.0,1.872e+18,6.115,238.0,19.0,108.0,40.0,72.0,84.0
FCTs_20090809_105555_NEAR_S._COAST_OF_HONSHU__JAPAN,2009-08-09,10:55:55.0,33.17,137.94,302.0,5.11e+19,7.072,99.0,22.0,-179.0,8.0,90.0,-68.0
FCTs_20090810_040631_SANTA_CRUZ_ISLANDS,2009-08-10,04:06:31.0,-11.61,166.09,42.0,1.112e+19,6.631,168.0,44.0,95.0,341.0,47.0,85.0
FCTs_20090810_195538_ANDAMAN_ISLANDS__INDIA_REGION,2009-08-10,19:55:38.0,14.1,92.9,17.0,2.426e+20,7.523,226.0,18.0,-90.0,45.0,72.0,-90.0
FCTs_20090812_224851_SOUTHEAST_OF_HONSHU__JAPAN,2009-08-12,22:48:51.0,32.82,140.4,66.0,1e+19,6.6,67.0,18.0,143.0,193.0,79.0,75.0
FCTs_20090816_073821_SOUTHERN_SUMATRA__INDONESIA,2009-08-16,07:38:21.0,-1.48,99.49,18.0,1.401e+19,6.698,165.0,29.0,95.0,339.0,61.0,87.0
FCTs_20090816_124900_SOUTHERN_SUMATRA__INDONESIA,2009-08-16,12:49:00.0,-1.448,99.433,23.0,4.798e+17,5.721,142.0,24.0,80.0,333.0,67.0,94.0
FCTs_20090817_000549_SOUTHWESTERN_RYUKYU_ISL.__JAPAN,2009-08-17,00:05:49.0,23.5,123.5,23.0,1.157e+19,6.642,134.0,70.0,19.0,37.0,73.0,159.0
FCTs_20090817_101056_SOUTHWESTERN_RYUKYU_ISL.__JAPAN,2009-08-17,10:10:56.0,23.43,123.52,14.0,3.002e+18,6.252,24.0,17.0,-173.0,288.0,88.0,-73.0
FCTs_20090818_175034_SOUTHWEST_OF_SUMATRA__INDONESIA,2009-08-18,17:50:34.0,-0.911,97.95,11.0,5.399e+17,5.755,313.0,14.0,85.0,138.0,77.0,91.0
FCTs_20090818_212047_SOUTH_OF_FIJI_ISLANDS,2009-08-18,21:20:47.0,-26.06,-178.39,285.0,2.87e+18,6.239,47.0,76.0,-25.0,143.0,66.0,-164.0
FCTs_20090820_063504_NORWEGIAN_SEA,2009-08-20,06:35:04.0,72.2,0.944,6.0,1.178e+18,5.981,22.0,37.0,-128.0,246.0,61.0,-65.0
FCTs_20090828_015120_BANDA_SEA,2009-08-28,01:51:20.0,-7.15,123.43,637.0,2.704e+19,6.888,255.0,38.0,-149.0,139.0,72.0,-57.0
FCTs_20090830_145132_SAMOA_ISLANDS_REGION,2009-08-30,14:51:32.0,-15.22,-172.57,9.0,7.186e+18,6.504,316.0,36.0,-62.0,102.0,59.0,-109.0
FCTs_20090831_101529_QINGHAI__CHINA,2009-08-31,10:15:29.0,37.606,95.831,7.0,3.019e+17,5.587,266.0,35.0,74.0,105.0,57.0,101.0
FCTs_20090902_075501_JAVA__INDONESIA,2009-09-02,07:55:01.0,-7.78,107.3,48.0,4.752e+19,7.051,27.0,43.0,113.0,177.0,52.0,70.0
FCTs_20090902_180009_KERMADEC_ISLANDS__NEW_ZEALAND,2009-09-02,18:00:09.0,-29.4,-178.96,267.0,2.043e+18,6.14,41.0,47.0,-52.0,172.0,55.0,-124.0
FCTs_20090903_132617_KYUSHU__JAPAN,2009-09-03,13:26:17.0,31.14,130.01,168.0,2.285e+18,6.173,233.0,26.0,121.0,20.0,68.0,76.0
FCTs_20090903_195106_MYANMAR-INDIA_BORDER_REGION,2009-09-03,19:51:06.0,24.332,94.669,103.0,6.104e+17,5.79,136.0,42.0,141.0,256.0,65.0,55.0
FCTs_20090907_224137_NORTHWESTERN_CAUCASUS,2009-09-07,22:41:37.0,42.66,43.443,15.0,1.108e+18,5.963,331.0,35.0,111.0,126.0,58.0,76.0
FCTs_20090910_024650_KURIL_ISLANDS,2009-09-10,02:46:50.0,48.317,154.192,41.0,1.058e+18,5.95,224.0,25.0,94.0,39.0,65.0,88.0
FCTs_20090912_200625_NEAR_COAST_OF_VENEZUELA,2009-09-12,20:06:25.0,10.71,-67.93,8.0,7.151e+18,6.503,87.0,69.0,166.0,182.0,77.0,22.0
FCTs_20090918_062353_MINDORO__PHILIPPINES,2009-09-18,06:23:53.0,12.616,120.429,13.0,1.413e+18,6.034,40.0,67.0,167.0,135.0,78.0,23.0
FCTs_20090918_183422_HALMAHERA__INDONESIA,2009-09-18,18:34:22.0,1.755,127.189,108.0,5.401e+17,5.755,233.0,10.0,-116.0,80.0,81.0,-85.0
FCTs_20090921_085305_BHUTAN,2009-09-21,08:53:05.0,27.33,91.44,15.0,1.787e+18,6.101,319.0,5.0,134.0,95.0,86.0,87.0
FCTs_20090924_071620_OFF_COAST_OF_JALISCO__MEXICO,2009-09-24,07:16:20.0,18.83,-107.34,9.0,5.246e+18,6.413,112.0,90.0,170.0,203.0,80.0,0.0
FCTs_20090928_192257_RYUKYU_ISLANDS__JAPAN,2009-09-28,19:22:57.0,27.927,127.821,8.0,6.907e+17,5.826,221.0,30.0,-109.0,63.0,62.0,-80.0
FCTs_20090929_174810_SAMOA_ISLANDS_REGION,2009-09-29,17:48:10.0,-15.49,-172.1,12.0,1.539e+21,8.058,328.0,30.0,-65.0,120.0,63.0,-104.0
FCTs_20090930_101609_SOUTHERN_SUMATRA__INDONESIA,2009-09-30,10:16:09.0,-0.72,99.87,88.0,2.506e+20,7.533,193.0,53.0,52.0,65.0,51.0,129.0
FCTs_20091001_015227_SOUTHERN_SUMATRA__INDONESIA,2009-10-01,01:52:27.0,-2.48,101.52,5.0,1.477e+19,6.713,56.0,72.0,14.0,322.0,76.0,161.0
FCTs_20091002_010739_TONGA_ISLANDS,2009-10-02,01:07:39.0,-16.33,-173.47,7.0,2.013e+18,6.136,287.0,41.0,-136.0,161.0,63.0,-58.0
FCTs_20091003_173606_TAIWAN,2009-10-03,17:36:06.0,23.63,121.45,24.0,8.156e+17,5.874,232.0,36.0,124.0,12.0,61.0,68.0
FCTs_20091004_105800_MINDANAO__PHILIPPINES,2009-10-04,10:58:00.0,6.74,123.38,646.0,1.002e+19,6.601,356.0,4.0,46.0,221.0,87.0,93.0
FCTs_20091007_205213_EAST_OF_SEVERNAYA_ZEMLYA,2009-10-07,20:52:13.0,81.572,119.533,7.0,8.54e+17,5.888,149.0,42.0,-90.0,329.0,48.0,-90.0
FCTs_20091007_214113_CELEBES_SEA,2009-10-07,21:41:13.0,4.08,122.37,589.0,1.703e+19,6.754,186.0,12.0,-104.0,20.0,78.0,-87.0
FCTs_20091007_220314_VANUATU_ISLANDS,2009-10-07,22:03:14.0,-13.01,166.51,41.0,3.017e+20,7.586,345.0,42.0,93.0,160.0,48.0,87.0
FCTs_20091010_194124_TONGA_ISLANDS,2009-10-10,19:41:24.0,-15.66,-173.063,19.0,1.173e+18,5.98,158.0,31.0,70.0,2.0,61.0,102.0
FCTs_20091010_212438_KURIL_ISLANDS,2009-10-10,21:24:38.0,47.851,152.455,123.0,1.085e+18,5.957,154.0,8.0,-141.0,25.0,85.0,-84.0
FCTs_20091012_031547_MAURITIUS_-_REUNION_REGION,2009-10-12,03:15:47.0,-17.1,66.69,10.0,2.204e+18,6.162,235.0,74.0,-4.0,326.0,86.0,-164.0
FCTs_20091012_093721_SANTA_CRUZ_ISLANDS,2009-10-12,09:37:21.0,-12.41,166.5,51.0,2.676e+18,6.218,153.0,39.0,84.0,341.0,51.0,95.0
FCTs_20091013_053723_FOX_ISLANDS__ALEUTIAN_ISLANDS,2009-10-13,05:37:23.0,52.75,-167.0,25.0,4.117e+18,6.343,259.0,20.0,106.0,62.0,71.0,84.0
FCTs_20091013_113805_HALMAHERA__INDONESIA,2009-10-13,11:38:05.0,2.93,128.232,37.0,1.481e+18,6.047,184.0,41.0,-16.0,286.0,80.0,-130.0
FCTs_20091013_202153_FOX_ISLANDS__ALEUTIAN_ISLANDS,2009-10-13,20:21:53.0,52.6,-167.12,15.0,5.574e+18,6.431,262.0,16.0,109.0,63.0,75.0,85.0
FCTs_20091014_180021_SAMOA_ISLANDS_REGION,2009-10-14,18:00:21.0,-14.91,-174.82,12.0,4.095e+18,6.341,349.0,90.0,180.0,79.0,90.0,0.0
FCTs_20091015_121116_IRIAN_JAYA__INDONESIA,2009-10-15,12:11:16.0,-3.058,139.539,111.0,8.095e+17,5.872,28.0,58.0,-1.0,119.0,89.0,-148.0
FCTs_20091016_095250_SUNDA_STRAIT__INDONESIA,2009-10-16,09:52:50.0,-6.53,105.22,41.0,1.63e+18,6.075,299.0,33.0,102.0,105.0,58.0,82.0
FCTs_20091019_224938_SAMOA_ISLANDS_REGION,2009-10-19,22:49:38.0,-15.36,-172.264,22.0,7.912e+17,5.866,297.0,35.0,-118.0,150.0,59.0,-72.0
FCTs_20091022_195127_HINDU_KUSH_REGION__AFGHANISTAN,2009-10-22,19:51:27.0,36.52,70.95,187.0,2.438e+18,6.191,76.0,43.0,97.0,246.0,48.0,83.0
FCTs_20091023_111525_IRIAN_JAYA_REGION__INDONESIA,2009-10-23,11:15:25.0,-0.844,134.133,18.0,4.887e+17,5.726,116.0,40.0,61.0,331.0,56.0,112.0
FCTs_20091023_151413_SANTA_CRUZ_ISLANDS,2009-10-23,15:14:13.0,-12.196,166.047,14.0,1.213e+18,5.989,336.0,26.0,89.0,157.0,64.0,91.0
FCTs_20091024_144043_BANDA_SEA,2009-10-24,14:40:43.0,-6.13,130.38,146.0,1.815e+19,6.773,291.0,19.0,177.0,24.0,89.0,71.0
FCTs_20091029_174432_HINDU_KUSH_REGION__AFGHANISTAN,2009-10-29,17:44:32.0,36.39,70.72,213.0,3.16e+18,6.266,284.0,28.0,76.0,120.0,63.0,97.0
FCTs_20091030_070339_RYUKYU_ISLANDS__JAPAN,2009-10-30,07:03:39.0,29.22,129.78,38.0,2.113e+19,6.817,214.0,25.0,84.0,41.0,65.0,93.0
FCTs_20091031_190951_SANTA_CRUZ_ISLANDS,2009-10-31,19:09:51.0,-11.376,166.376,146.0,1.069e+18,5.953,21.0,43.0,81.0,213.0,47.0,98.0
FCTs_20091102_104713_SOUTH_OF_TONGA_ISLANDS,2009-11-02,10:47:13.0,-24.12,-175.17,9.0,1.931e+18,6.124,359.0,37.0,-98.0,190.0,54.0,-84.0
FCTs_20091103_052508_IONIAN_SEA,2009-11-03,05:25:08.0,37.504,20.491,11.0,8.191e+17,5.876,305.0,13.0,79.0,136.0,78.0,92.0
FCTs_20091104_184143_AZORES_ISLANDS_REGION,2009-11-04,18:41:43.0,36.155,-33.878,7.0,4.003e+17,5.668,210.0,40.0,-104.0,48.0,52.0,-79.0
FCTs_20091108_194143_SUMBAWA_REGION__INDONESIA,2009-11-08,19:41:43.0,-8.21,118.63,20.0,9.403e+18,6.582,87.0,29.0,104.0,251.0,62.0,82.0
FCTs_20091109_104455_FIJI_ISLANDS,2009-11-09,10:44:55.0,-17.24,178.33,621.0,7.777e+19,7.194,178.0,36.0,45.0,49.0,65.0,117.0
FCTs_20091110_024846_NICOBAR_ISLANDS__INDIA_REGION,2009-11-10,02:48:46.0,8.082,91.899,12.0,1.282e+18,6.005,216.0,61.0,4.0,124.0,86.0,151.0
FCTs_20091113_030557_NEAR_COAST_OF_NORTHERN_CHILE,2009-11-13,03:05:57.0,-19.39,-70.32,30.0,8.237e+18,6.544,340.0,27.0,90.0,160.0,63.0,90.0
FCTs_20091114_194429_JUJUY_PROVINCE__ARGENTINA,2009-11-14,19:44:29.0,-22.97,-66.64,218.0,2.075e+18,6.145,144.0,13.0,-114.0,348.0,78.0,-85.0
FCTs_20091117_153047_QUEEN_CHARLOTTE_ISLANDS_REGION,2009-11-17,15:30:47.0,52.12,-131.4,18.0,8.695e+18,6.56,262.0,75.0,5.0,171.0,85.0,165.0
FCTs_20091122_074820_FIJI_ISLANDS_REGION,2009-11-22,07:48:20.0,-17.79,-178.43,550.0,3.704e+18,6.312,281.0,28.0,-36.0,43.0,74.0,-113.0
FCTs_20091122_220748_OFF_COAST_OF_CENTRAL_CHILE,2009-11-22,22:07:48.0,-39.634,-74.967,8.0,7.198e+17,5.838,192.0,43.0,-74.0,351.0,49.0,-104.0
FCTs_20091124_124715_TONGA_ISLANDS,2009-11-24,12:47:15.0,-20.71,-174.04,22.0,1.48e+19,6.713,99.0,38.0,4.0,6.0,88.0,128.0
FCTs_20091128_060422_SOUTH_OF_SUMBAWA__INDONESIA,2009-11-28,06:04:22.0,-10.403,118.885,10.0,2.224e+18,6.165,64.0,50.0,-49.0,191.0,55.0,-128.0
FCTs_20091128_181020_MINDANAO__PHILIPPINES,2009-11-28,18:10:20.0,5.33,126.29,33.0,1.124e+18,5.967,206.0,17.0,94.0,22.0,73.0,89.0
FCTs_20091206_173636_MALAWI,2009-12-06,17:36:36.0,-10.126,33.87,7.0,3.917e+17,5.662,152.0,37.0,-91.0,333.0,53.0,-89.0
FCTs_20091208_030857_TANZANIA,2009-12-08,03:08:57.0,-9.948,33.878,6.0,1.105e+18,5.962,160.0,32.0,-91.0,341.0,58.0,-90.0
FCTs_20091209_094603_SOUTHEAST_OF_LOYALTY_ISLANDS,2009-12-09,09:46:03.0,-22.15,170.96,55.0,5.551e+18,6.43,107.0,66.0,33.0,2.0,60.0,152.0
FCTs_20091209_160043_CENTRAL_MID-ATLANTIC_RIDGE,2009-12-09,16:00:43.0,-0.64,-21.07,17.0,5.625e+18,6.433,172.0,88.0,-4.0,262.0,86.0,-178.0
FCTs_20091209_212902_OFF_W_COAST_OF_NORTHERN_SUMATRA,2009-12-09,21:29:02.0,2.759,95.91,26.0,1.408e+18,6.032,328.0,17.0,105.0,133.0,74.0,86.0
FCTs_20091210_023052_SEA_OF_OKHOTSK,2009-12-10,02:30:52.0,53.42,152.76,668.0,2.888e+18,6.24,143.0,39.0,-142.0,22.0,67.0,-58.0
FCTs_20091214_085401_SOLOMON_ISLANDS,2009-12-14,08:54:01.0,-5.958,154.444,50.0,1.224e+18,5.992,139.0,40.0,91.0,318.0,50.0,89.0
FCTs_20091217_200121_RAT_ISLANDS__ALEUTIAN_ISLANDS,2009-12-17,20:01:21.0,51.398,179.963,39.0,7.051e+17,5.832,250.0,32.0,98.0,61.0,58.0,85.0
FCTs_20091219_231915_MALAWI,2009-12-19,23:19:15.0,-10.108,33.818,8.0,9.56e+17,5.92,140.0,39.0,-99.0,332.0,51.0,-83.0
FCTs_20091224_002331_PRIMOR'YE__RUSSIA,2009-12-24,00:23:31.0,42.24,134.72,389.0,3.778e+18,6.318,78.0,21.0,165.0,183.0,85.0,70.0
FCTs_20100102_084533_SOUTH_OF_MARIANA_ISLANDS,2010-01-02,08:45:33.0,12.42,141.95,7.0,9.268e+17,5.911,65.0,38.0,-89.0,244.0,52.0,-90.0
FCTs_20100103_223625_SOLOMON_ISLANDS,2010-01-03,22:36:25.0,-8.78,157.35,12.0,6.802e+19,7.155,331.0,19.0,116.0,124.0,73.0,82.0
FCTs_20100104_112820_SOLOMON_ISLANDS,2010-01-04,11:28:20.0,-8.375,157.087,10.0,6.396e+17,5.804,331.0,32.0,121.0,115.0,63.0,72.0
FCTs_20100105_045539_EAST_OF_SOUTH_SANDWICH_ISLANDS,2010-01-05,04:55:39.0,-58.17,-14.69,11.0,1.982e+19,6.798,174.0,88.0,171.0,264.0,81.0,2.0
FCTs_20100105_121532_SOLOMON_ISLANDS,2010-01-05,12:15:32.0,-9.02,157.55,13.0,2.647e+19,6.882,296.0,27.0,64.0,144.0,66.0,103.0
FCTs_20100109_055130_SOLOMON_ISLANDS,2010-01-09,05:51:30.0,-9.13,157.63,15.0,4.027e+18,6.337,90.0,78.0,9.0,359.0,81.0,168.0
FCTs_20100112_215310_HAITI_REGION,2010-01-12,21:53:10.0,18.44,-72.57,18.0,4.874e+19,7.059,248.0,86.0,26.0,156.0,64.0,175.0
FCTs_20100117_120001_DRAKE_PASSAGE,2010-01-17,12:00:01.0,-57.66,-65.88,10.0,2.783e+18,6.23,17.0,74.0,148.0,116.0,60.0,19.0
FCTs_20100127_174245_SOUTHERN_MID-ATLANTIC_RIDGE,2010-01-27,17:42:45.0,-14.1,-14.554,6.0,6.116e+17,5.791,174.0,45.0,-66.0,322.0,50.0,-112.0
FCTs_20100201_222816_SOLOMON_ISLANDS,2010-02-01,22:28:16.0,-6.11,154.46,41.0,2.691e+18,6.22,327.0,43.0,95.0,140.0,47.0,86.0
FCTs_20100205_065905_SOUTHEAST_INDIAN_RIDGE,2010-02-05,06:59:05.0,-47.91,99.59,5.0,3.631e+18,6.307,123.0,72.0,-7.0,215.0,83.0,-162.0
FCTs_20100207_061000_SOUTHWESTERN_RYUKYU_ISL.__JAPAN,2010-02-07,06:10:00.0,23.49,123.61,24.0,3.559e+18,6.301,145.0,63.0,23.0,44.0,69.0,151.0
FCTs_20100211_184309_SOUTH_OF_JAVA__INDONESIA,2010-02-11,18:43:09.0,-9.905,113.845,61.0,6.842e+17,5.823,161.0,67.0,29.0,59.0,63.0,154.0
FCTs_20100213_023428_TONGA_ISLANDS,2010-02-13,02:34:28.0,-21.9,-174.77,13.0,3.035e+18,6.255,218.0,20.0,103.0,24.0,70.0,85.0
FCTs_20100215_215147_BANDA_SEA,2010-02-15,21:51:47.0,-7.22,128.72,132.0,2.31e+18,6.176,347.0,37.0,125.0,126.0,60.0,66.0
FCTs_20100218_011319_E._RUSSIA-N.E._CHINA_BORDER_REG,2010-02-18,01:13:19.0,42.59,130.7,590.0,2.48e+19,6.863,73.0,13.0,168.0,175.0,87.0,77.0
FCTs_20100226_203126_RYUKYU_ISLANDS__JAPAN,2010-02-26,20:31:26.0,25.93,128.43,13.0,3.832e+19,6.989,93.0,47.0,-11.0,191.0,82.0,-136.0
FCTs_20100227_063411_NEAR_COAST_OF_CENTRAL_CHILE,2010-02-27,06:34:11.0,-36.12,-72.9,24.0,1.914e+22,8.788,24.0,18.0,117.0,176.0,74.0,82.0
FCTs_20100228_112535_NEAR_COAST_OF_CENTRAL_CHILE,2010-02-28,11:25:35.0,-34.9,-71.62,48.0,2.231e+18,6.166,353.0,26.0,94.0,168.0,64.0,88.0
FCTs_20100302_025121_LUZON__PHILIPPINES,2010-03-02,02:51:21.0,18.182,122.399,13.0,7.95e+17,5.867,242.0,35.0,163.0,346.0,80.0,56.0
FCTs_20100303_174425_NEAR_COAST_OF_CENTRAL_CHILE,2010-03-03,17:44:25.0,-36.61,-73.36,21.0,1.633e+18,6.075,16.0,21.0,104.0,181.0,69.0,85.0
FCTs_20100304_001851_TAIWAN,2010-03-04,00:18:51.0,22.92,120.79,26.0,2.578e+18,6.207,326.0,35.0,55.0,186.0,62.0,112.0
FCTs_20100304_140227_VANUATU_ISLANDS,2010-03-04,14:02:27.0,-13.57,167.23,186.0,6.489e+18,6.475,335.0,41.0,87.0,159.0,49.0,93.0
FCTs_20100304_223926_NORTHERN_CHILE,2010-03-04,22:39:26.0,-22.23,-68.33,108.0,4.275e+18,6.354,190.0,17.0,-77.0,357.0,74.0,-94.0
FCTs_20100305_114706_NEAR_COAST_OF_CENTRAL_CHILE,2010-03-05,11:47:06.0,-36.67,-73.37,20.0,1.343e+19,6.685,7.0,18.0,98.0,178.0,72.0,87.0
FCTs_20100305_160700_SOUTHERN_SUMATRA__INDONESIA,2010-03-05,16:07:00.0,-3.76,100.99,26.0,1.606e+19,6.737,335.0,15.0,112.0,132.0,76.0,84.0
FCTs_20100307_070524_SOUTHERN_EAST_PACIFIC_RISE,2010-03-07,07:05:24.0,-16.24,-115.3,13.0,2.883e+18,6.24,238.0,41.0,-106.0,78.0,51.0,-77.0
FCTs_20100308_023234_TURKEY,2010-03-08,02:32:34.0,38.86,39.99,8.0,1.271e+18,6.003,46.0,71.0,5.0,314.0,85.0,161.0
FCTs_20100308_094708_MARIANA_ISLANDS,2010-03-08,09:47:08.0,19.35,144.74,449.0,1.632e+18,6.075,333.0,37.0,-82.0,144.0,54.0,-96.0
FCTs_20100309_140652_ANDREANOF_ISLANDS__ALEUTIAN_IS,2010-03-09,14:06:52.0,51.489,-173.531,18.0,8.119e+17,5.873,266.0,28.0,106.0,68.0,63.0,82.0
FCTs_20100311_143943_NEAR_COAST_OF_CENTRAL_CHILE,2010-03-11,14:39:43.0,-34.29,-71.89,13.0,3.126e+19,6.93,337.0,39.0,-71.0,134.0,54.0,-104.0
FCTs_20100313_025315_IRIAN_JAYA_REGION__INDONESIA,2010-03-13,02:53:15.0,2.192,133.02,12.0,6.131e+17,5.792,197.0,43.0,-80.0,4.0,47.0,-99.0
FCTs_20100313_145900_NORTHERN_SUMATRA__INDONESIA,2010-03-13,14:59:00.0,1.323,97.171,22.0,8.98e+17,5.902,357.0,24.0,121.0,143.0,69.0,77.0
FCTs_20100314_005744_HALMAHERA__INDONESIA,2010-03-14,00:57:44.0,-1.69,128.13,64.0,6.08e+18,6.456,134.0,66.0,16.0,37.0,75.0,155.0
FCTs_20100314_080803_NEAR_EAST_COAST_OF_HONSHU__JAPAN,2010-03-14,08:08:03.0,37.74,141.59,38.0,8.231e+18,6.544,200.0,22.0,89.0,21.0,68.0,90.0
FCTs_20100315_110828_OFF_COAST_OF_CENTRAL_CHILE,2010-03-15,11:08:28.0,-35.8,-73.16,7.0,5.872e+18,6.446,2.0,13.0,86.0,186.0,77.0,91.0
FCTs_20100316_022157_NEAR_COAST_OF_CENTRAL_CHILE,2010-03-16,02:21:57.0,-36.22,-73.26,20.0,1.316e+19,6.68,14.0,17.0,110.0,173.0,74.0,84.0
FCTs_20100316_094415_SAKHALIN__RUSSIA,2010-03-16,09:44:15.0,52.139,142.204,7.0,5.108e+17,5.739,350.0,45.0,89.0,171.0,45.0,91.0
FCTs_20100320_140049_NEW_IRELAND_REGION__P.N.G,2010-03-20,14:00:49.0,-3.36,152.24,420.0,9.474e+18,6.584,58.0,32.0,-96.0,245.0,58.0,-86.0
FCTs_20100322_195813_LUZON__PHILIPPINES,2010-03-22,19:58:13.0,18.451,120.742,45.0,6.514e+17,5.809,33.0,37.0,103.0,197.0,54.0,80.0
FCTs_20100325_052924_MINDORO__PHILIPPINES,2010-03-25,05:29:24.0,13.827,120.071,19.0,6.019e+17,5.786,350.0,24.0,71.0,191.0,67.0,98.0
FCTs_20100326_145207_NEAR_COAST_OF_NORTHERN_CHILE,2010-03-26,14:52:07.0,-27.95,-70.82,43.0,1.899e+18,6.119,167.0,39.0,73.0,9.0,53.0,103.0
FCTs_20100330_165446_ANDAMAN_ISLANDS__INDIA_REGION,2010-03-30,16:54:46.0,13.67,92.83,18.0,1.225e+19,6.659,249.0,37.0,-34.0,8.0,70.0,-122.0
FCTs_20100402_225807_NEAR_COAST_OF_CENTRAL_CHILE,2010-04-02,22:58:07.0,-36.227,-72.878,25.0,8.91e+17,5.9,19.0,24.0,101.0,187.0,66.0,85.0
FCTs_20100404_224043_CALIF.-BAJA_CALIF._BORDER_REGION,2010-04-04,22:40:43.0,32.3,-115.28,14.0,5.01e+19,7.067,217.0,74.0,-16.0,311.0,74.0,-164.0
FCTs_20100406_221501_NORTHERN_SUMATRA__INDONESIA,2010-04-06,22:15:01.0,2.38,97.05,22.0,4.938e+20,7.729,296.0,14.0,74.0,132.0,77.0,94.0
FCTs_20100407_143301_NEW_GUINEA__PAPUA_NEW_GUINEA,2010-04-07,14:33:01.0,-3.76,141.943,34.0,1.08e+18,5.956,230.0,60.0,-22.0,331.0,71.0,-148.0
FCTs_20100411_094025_SOLOMON_ISLANDS,2010-04-11,09:40:25.0,-10.88,161.12,32.0,3.205e+19,6.937,284.0,47.0,72.0,130.0,46.0,109.0
FCTs_20100411_220812_STRAIT_OF_GIBRALTAR,2010-04-11,22:08:12.0,36.97,-3.54,635.0,3.507e+18,6.297,63.0,25.0,-35.0,186.0,76.0,-111.0
FCTs_20100413_234938_QINGHAI__CHINA,2010-04-13,23:49:38.0,33.17,96.55,9.0,2.507e+19,6.866,118.0,80.0,-5.0,208.0,85.0,-170.0
FCTs_20100417_231522_EASTERN_NEW_GUINEA_REG.__P.N.G,2010-04-17,23:15:22.0,-6.67,147.29,54.0,2.366e+18,6.183,82.0,43.0,91.0,261.0,47.0,90.0
FCTs_20100421_172029_TONGA_ISLANDS,2010-04-21,17:20:29.0,-15.27,-173.22,48.0,1.463e+18,6.044,350.0,31.0,-49.0,125.0,67.0,-112.0
FCTs_20100423_100306_CENTRAL_CHILE,2010-04-23,10:03:06.0,-37.529,-72.969,33.0,9.708e+17,5.925,357.0,22.0,131.0,133.0,74.0,75.0
FCTs_20100424_074100_HALMAHERA__INDONESIA,2010-04-24,07:41:00.0,-1.912,128.122,28.0,7.666e+17,5.856,143.0,31.0,54.0,3.0,65.0,109.0
FCTs_20100426_025952_SOUTHEAST_OF_TAIWAN,2010-04-26,02:59:52.0,22.18,123.62,12.0,6.976e+18,6.496,325.0,80.0,-2.0,56.0,88.0,-170.0
FCTs_20100430_231143_BERING_SEA,2010-04-30,23:11:43.0,60.47,-177.88,7.0,5.689e+18,6.437,52.0,82.0,-173.0,321.0,83.0,-8.0
FCTs_20100502_145240_NEAR_COAST_OF_CENTRAL_CHILE,2010-05-02,14:52:40.0,-34.228,-71.877,14.0,7.143e+17,5.836,4.0,32.0,-54.0,143.0,65.0,-110.0
FCTs_20100503_102745_SOUTHEAST_OF_HONSHU__JAPAN,2010-05-03,10:27:45.0,29.65,140.95,98.0,1.519e+18,6.054,216.0,27.0,120.0,3.0,67.0,76.0
FCTs_20100503_230944_NEAR_COAST_OF_CENTRAL_CHILE,2010-05-03,23:09:44.0,-38.07,-73.45,20.0,2.705e+18,6.221,24.0,19.0,118.0,175.0,73.0,81.0
FCTs_20100505_162903_SOUTHERN_SUMATRA__INDONESIA,2010-05-05,16:29:03.0,-4.05,101.1,30.0,8.512e+18,6.553,356.0,15.0,135.0,131.0,79.0,79.0
FCTs_20100506_024247_NEAR_COAST_OF_NORTHERN_CHILE,2010-05-06,02:42:47.0,-18.06,-70.55,39.0,2.473e+18,6.195,353.0,38.0,98.0,163.0,52.0,83.0
FCTs_20100509_055941_NORTHERN_SUMATRA__INDONESIA,2010-05-09,05:59:41.0,3.75,96.02,46.0,8.648e+19,7.225,309.0,20.0,88.0,131.0,70.0,91.0
FCTs_20100516_003306_MINAHASSA_PENINSULA__SULAWESI,2010-05-16,00:33:06.0,0.511,124.657,130.0,4.825e+17,5.722,148.0,25.0,2.0,57.0,89.0,115.0
FCTs_20100516_051610_MONA_PASSAGE,2010-05-16,05:16:10.0,18.4,-67.07,118.0,6.472e+17,5.807,350.0,28.0,-122.0,206.0,67.0,-74.0
FCTs_20100519_041543_NORTHERN_PERU,2010-05-19,04:15:43.0,-5.083,-77.541,128.0,1.153e+18,5.975,336.0,37.0,-91.0,157.0,53.0,-89.0
FCTs_20100520_221630_COSTA_RICA,2010-05-20,22:16:30.0,9.247,-84.302,22.0,7.014e+17,5.831,282.0,30.0,82.0,111.0,60.0,94.0
FCTs_20100523_224652_CENTRAL_PERU,2010-05-23,22:46:52.0,-13.93,-74.35,96.0,1.655e+18,6.079,319.0,38.0,-97.0,148.0,52.0,-84.0
FCTs_20100524_161829_WESTERN_BRAZIL,2010-05-24,16:18:29.0,-8.09,-71.56,581.0,5.804e+18,6.442,349.0,40.0,-84.0,161.0,50.0,-95.0
FCTs_20100525_100905_NORTHERN_MID-ATLANTIC_RIDGE,2010-05-25,10:09:05.0,35.34,-35.92,7.0,3.873e+18,6.325,281.0,84.0,-6.0,12.0,84.0,-174.0
FCTs_20100526_085308_SOUTHEAST_OF_RYUKYU_ISLANDS,2010-05-26,08:53:08.0,25.77,129.94,9.0,6.113e+18,6.458,195.0,45.0,-134.0,68.0,59.0,-55.0
FCTs_20100527_171446_VANUATU_ISLANDS,2010-05-27,17:14:46.0,-13.7,166.64,39.0,6.276e+19,7.132,157.0,44.0,83.0,347.0,46.0,97.0
FCTs_20100528_042558_VANUATU_ISLANDS,2010-05-28,04:25:58.0,-14.048,166.606,26.0,7.418e+17,5.847,341.0,39.0,85.0,168.0,51.0,94.0
FCTs_20100531_101600_MINDANAO__PHILIPPINES,2010-05-31,10:16:00.0,6.948,124.025,23.0,9.197e+17,5.909,93.0,65.0,-152.0,350.0,65.0,-28.0
FCTs_20100531_195145_ANDAMAN_ISLANDS__INDIA_REGION,2010-05-31,19:51:45.0,11.13,93.47,120.0,5.279e+18,6.415,143.0,34.0,153.0,256.0,76.0,59.0
FCTs_20100601_032615_COSTA_RICA,2010-06-01,03:26:15.0,9.331,-84.206,19.0,8.268e+17,5.878,286.0,24.0,90.0,106.0,66.0,0.0
FCTs_20100602_014903_SOUTH_SANDWICH_ISLANDS_REGION,2010-06-02,01:49:03.0,-57.369,-26.446,140.0,7.283e+17,5.842,186.0,28.0,102.0,352.0,63.0,84.0
FCTs_20100602_092853_NEW_BRITAIN_REGION__P.N.G,2010-06-02,09:28:53.0,-6.159,149.413,45.0,1.023e+18,5.94,256.0,38.0,94.0,71.0,52.0,87.0
FCTs_20100609_232317_VANUATU_ISLANDS,2010-06-09,23:23:17.0,-18.597,169.485,5.0,1.83e+18,6.108,270.0,67.0,-157.0,171.0,69.0,-24.0
FCTs_20100612_192650_NICOBAR_ISLANDS__INDIA_REGION,2010-06-12,19:26:50.0,7.88,91.94,26.0,1.99e+20,7.466,224.0,54.0,32.0,114.0,65.0,139.0
FCTs_20100615_042658_CALIF.-BAJA_CALIF._BORDER_REGION,2010-06-15,04:26:58.0,32.7,-115.921,6.0,7.005e+17,5.83,34.0,71.0,-36.0,137.0,56.0,-157.0
FCTs_20100616_030602_IRIAN_JAYA_REGION__INDONESIA,2010-06-16,03:06:02.0,-2.39,136.63,6.0,4.16e+18,6.346,322.0,76.0,-139.0,220.0,51.0,-18.0
FCTs_20100616_031627_IRIAN_JAYA_REGION__INDONESIA,2010-06-16,03:16:27.0,-2.17,136.54,14.0,2.809e+19,6.899,338.0,63.0,-162.0,240.0,74.0,-29.0
FCTs_20100618_022305_KURIL_ISLANDS,2010-06-18,02:23:05.0,44.45,148.69,34.0,2.106e+18,6.149,236.0,23.0,121.0,22.0,70.0,77.0
FCTs_20100618_230931_ANDAMAN_ISLANDS__INDIA_REGION,2010-06-18,23:09:31.0,13.197,93.087,25.0,8.667e+17,5.892,108.0,43.0,62.0,324.0,53.0,114.0
FCTs_20100624_053227_NEW_BRITAIN_REGION__P.N.G,2010-06-24,05:32:27.0,-5.51,151.16,52.0,2.678e+18,6.219,239.0,44.0,76.0,79.0,48.0,104.0
FCTs_20100626_053019_SOLOMON_ISLANDS,2010-06-26,05:30:19.0,-10.63,161.45,40.0,1.694e+19,6.753,316.0,51.0,56.0,182.0,50.0,124.0
FCTs_20100626_095043_JAVA__INDONESIA,2010-06-26,09:50:43.0,-8.07,108.089,84.0,9.523e+17,5.919,225.0,5.0,27.0,108.0,88.0,94.0
FCTs_20100628_120725_SOUTHEAST_OF_HONSHU__JAPAN,2010-06-28,12:07:25.0,30.672,141.593,15.0,6.001e+17,5.785,152.0,23.0,65.0,359.0,69.0,100.0
FCTs_20100628_181907_SOLOMON_ISLANDS,2010-06-28,18:19:07.0,-8.947,160.863,18.0,5.61e+17,5.766,163.0,26.0,121.0,309.0,68.0,76.0
FCTs_20100630_043102_SOUTH_OF_FIJI_ISLANDS,2010-06-30,04:31:02.0,-23.31,179.12,582.0,3.836e+18,6.323,92.0,58.0,-132.0,332.0,51.0,-43.0
FCTs_20100630_072227_OAXACA__MEXICO,2010-06-30,07:22:27.0,16.4,-97.78,25.0,2.467e+18,6.195,307.0,20.0,88.0,129.0,70.0,91.0
FCTs_20100702_060403_VANUATU_ISLANDS,2010-07-02,06:04:03.0,-13.64,166.49,32.0,3.264e+18,6.276,339.0,32.0,90.0,159.0,58.0,90.0
FCTs_20100704_215551_NEAR_EAST_COAST_OF_HONSHU__JAPAN,2010-07-04,21:55:51.0,39.7,142.37,32.0,3.152e+18,6.266,188.0,23.0,85.0,13.0,67.0,92.0
FCTs_20100710_114332_SOUTH_OF_MARIANA_ISLANDS,2010-07-10,11:43:32.0,11.14,146.0,7.0,4.558e+18,6.373,275.0,62.0,-18.0,14.0,74.0,-150.0
FCTs_20100712_001121_NORTHERN_CHILE,2010-07-12,00:11:21.0,-22.15,-68.22,110.0,2.439e+18,6.191,169.0,34.0,-72.0,327.0,58.0,-102.0
FCTs_20100714_083221_NEAR_COAST_OF_CENTRAL_CHILE,2010-07-14,08:32:21.0,-38.07,-73.31,23.0,7.939e+18,6.533,4.0,17.0,99.0,174.0,74.0,87.0
FCTs_20100718_055644_FOX_ISLANDS__ALEUTIAN_ISLANDS,2010-07-18,05:56:44.0,52.88,-169.85,13.0,1.188e+19,6.65,183.0,59.0,-26.0,288.0,67.0,-147.0
FCTs_20100718_130409_NEW_BRITAIN_REGION__P.N.G,2010-07-18,13:04:09.0,-5.97,150.43,36.0,3.152e+19,6.932,11.0,37.0,93.0,188.0,53.0,88.0
FCTs_20100720_171950_SOUTHERN_MID-ATLANTIC_RIDGE,2010-07-20,17:19:50.0,-29.031,-13.096,8.0,5.456e+17,5.758,193.0,51.0,-56.0,326.0,50.0,-124.0
FCTs_20100720_191821_NEW_BRITAIN_REGION__P.N.G,2010-07-20,19:18:21.0,-5.91,150.7,31.0,4.294e+18,6.355,265.0,31.0,89.0,86.0,59.0,91.0
FCTs_20100721_091604_NORTH_OF_HALMAHERA__INDONESIA,2010-07-21,09:16:04.0,3.04,128.22,112.0,1.873e+18,6.115,27.0,70.0,145.0,131.0,57.0,24.0
FCTs_20100722_050357_VANUATU_ISLANDS,2010-07-22,05:03:57.0,-15.15,168.17,11.0,1.065e+18,5.952,330.0,44.0,87.0,154.0,46.0,93.0
FCTs_20100723_220811_MINDANAO__PHILIPPINES,2010-07-23,22:08:11.0,6.72,123.41,616.0,1.14e+20,7.305,254.0,18.0,-44.0,26.0,78.0,-103.0
FCTs_20100723_225112_MINDANAO__PHILIPPINES,2010-07-23,22:51:12.0,6.49,123.47,591.0,3.429e+20,7.623,235.0,17.0,-33.0,357.0,81.0,-105.0
FCTs_20100729_073156_MINDANAO__PHILIPPINES,2010-07-29,07:31:56.0,6.53,123.25,625.0,8.708e+18,6.56,265.0,11.0,-41.0,35.0,83.0,-98.0
FCTs_20100730_035613_OFF_EAST_COAST_OF_KAMCHATKA,2010-07-30,03:56:13.0,52.5,159.84,25.0,3.382e+18,6.286,229.0,32.0,103.0,35.0,58.0,82.0
FCTs_20100803_120825_NORTHERN_MOLUCCA_SEA,2010-08-03,12:08:25.0,1.24,126.21,34.0,2.457e+18,6.194,190.0,41.0,79.0,23.0,50.0,99.0
FCTs_20100804_071534_EASTERN_NEW_GUINEA_REG.__P.N.G,2010-08-04,07:15:34.0,-5.5,146.81,213.0,7.187e+18,6.504,238.0,40.0,44.0,111.0,64.0,121.0
FCTs_20100804_125824_ANDREANOF_ISLANDS__ALEUTIAN_IS,2010-08-04,12:58:24.0,51.42,-178.65,26.0,6.149e+18,6.459,266.0,29.0,111.0,62.0,63.0,78.0
FCTs_20100804_220143_NEW_BRITAIN_REGION__P.N.G,2010-08-04,22:01:43.0,-5.75,150.76,33.0,3.691e+19,6.978,259.0,30.0,85.0,85.0,60.0,93.0
FCTs_20100810_052344_VANUATU_ISLANDS,2010-08-10,05:23:44.0,-17.54,168.07,36.0,7.245e+19,7.173,344.0,34.0,115.0,134.0,60.0,74.0
FCTs_20100810_231831_VANUATU_ISLANDS,2010-08-10,23:18:31.0,-14.46,167.345,193.0,6.389e+17,5.804,174.0,39.0,125.0,312.0,59.0,65.0
FCTs_20100811_033519_VANUATU_ISLANDS,2010-08-11,03:35:19.0,-17.403,167.814,21.0,8.255e+17,5.878,321.0,26.0,91.0,140.0,64.0,90.0
FCTs_20100812_115415_ECUADOR,2010-08-12,11:54:15.0,-1.27,-77.31,208.0,5.13e+19,7.073,166.0,19.0,-59.0,313.0,74.0,-100.0
FCTs_20100813_211933_SOUTH_OF_MARIANA_ISLANDS,2010-08-13,21:19:33.0,12.48,141.48,12.0,3.403e+19,6.955,244.0,36.0,-110.0,89.0,56.0,-76.0
FCTs_20100814_073016_SOUTH_OF_MARIANA_ISLANDS,2010-08-14,07:30:16.0,12.35,141.49,9.0,2.684e+18,6.219,218.0,41.0,-110.0,64.0,52.0,-73.0
FCTs_20100814_230104_SOUTH_OF_MARIANA_ISLANDS,2010-08-14,23:01:04.0,12.27,141.43,9.0,6.847e+18,6.49,242.0,44.0,-74.0,40.0,48.0,-105.0
FCTs_20100815_150929_NEW_BRITAIN_REGION__P.N.G,2010-08-15,15:09:29.0,-5.69,148.34,176.0,3.441e+18,6.291,239.0,28.0,57.0,96.0,67.0,106.0
FCTs_20100816_033053_MAURITIUS_-_REUNION_REGION,2010-08-16,03:30:53.0,-17.76,65.65,11.0,3.534e+18,6.299,240.0,86.0,4.0,150.0,86.0,176.0
FCTs_20100818_162815_SOUTH_OF_MARIANA_ISLANDS,2010-08-18,16:28:15.0,12.23,141.51,17.0,2.669e+18,6.218,240.0,40.0,-73.0,38.0,52.0,-104.0
FCTs_20100820_175614_SOLOMON_ISLANDS,2010-08-20,17:56:14.0,-6.57,154.25,22.0,2.576e+18,6.207,314.0,24.0,89.0,135.0,66.0,91.0
FCTs_20100821_054252_NORTHERN_SUMATRA__INDONESIA,2010-08-21,05:42:52.0,2.221,96.717,26.0,1.16e+18,5.976,346.0,21.0,121.0,134.0,72.0,79.0
FCTs_20100827_192349_NORTHERN_AND_CENTRAL_IRAN,2010-08-27,19:23:49.0,35.49,54.47,10.0,4.384e+17,5.695,217.0,89.0,15.0,127.0,75.0,179.0
FCTs_20100903_111606_ANDREANOF_ISLANDS__ALEUTIAN_IS,2010-09-03,11:16:06.0,51.45,-175.87,35.0,6.914e+18,6.493,267.0,31.0,113.0,60.0,61.0,77.0
FCTs_20100903_163547_SOUTH_ISLAND__NEW_ZEALAND,2010-09-03,16:35:47.0,-43.52,171.83,9.0,4.313e+19,7.023,181.0,82.0,13.0,89.0,77.0,171.0
FCTs_20100904_085204_TONGA_ISLANDS,2010-09-04,08:52:04.0,-17.37,-174.0,83.0,1.265e+18,6.001,328.0,30.0,58.0,184.0,65.0,107.0
FCTs_20100908_113731_VANUATU_ISLANDS,2010-09-08,11:37:31.0,-20.67,169.82,8.0,5.243e+18,6.413,204.0,85.0,-26.0,296.0,64.0,-174.0
FCTs_20100909_072801_NEAR_COAST_OF_CENTRAL_CHILE,2010-09-09,07:28:01.0,-37.03,-73.41,17.0,2.565e+18,6.206,14.0,16.0,101.0,183.0,74.0,87.0
FCTs_20100913_054747_HOKKAIDO__JAPAN_REGION,2010-09-13,05:47:47.0,41.497,141.986,52.0,6.086e+17,5.79,194.0,23.0,80.0,25.0,67.0,94.0
FCTs_20100917_192115_HINDU_KUSH_REGION__AFGHANISTAN,2010-09-17,19:21:15.0,36.44,70.77,209.0,3.261e+18,6.276,254.0,35.0,112.0,47.0,58.0,75.0
FCTs_20100926_121241_ARU_ISLANDS_REGION__INDONESIA,2010-09-26,12:12:41.0,-5.314,133.917,12.0,1.534e+18,6.057,21.0,33.0,-73.0,181.0,58.0,-101.0
FCTs_20100926_182757_RAT_ISLANDS__ALEUTIAN_ISLANDS,2010-09-26,18:27:57.0,52.438,179.732,225.0,4.897e+17,5.727,274.0,25.0,80.0,106.0,65.0,95.0
FCTs_20100927_112245_SOUTHERN_IRAN,2010-09-27,11:22:45.0,29.637,51.666,20.0,3.726e+17,5.648,292.0,6.0,82.0,120.0,84.0,91.0
FCTs_20100929_171125_IRIAN_JAYA_REGION__INDONESIA,2010-09-29,17:11:25.0,-4.96,133.76,16.0,2.734e+19,6.891,189.0,41.0,-65.0,337.0,53.0,-110.0
FCTs_20101004_132838_SOUTHWESTERN_RYUKYU_ISL.__JAPAN,2010-10-04,13:28:38.0,24.27,125.15,38.0,2.266e+18,6.17,105.0,52.0,41.0,347.0,59.0,134.0
FCTs_20101008_032613_ANDREANOF_ISLANDS__ALEUTIAN_IS,2010-10-08,03:26:13.0,51.37,-175.36,20.0,4.284e+18,6.355,260.0,30.0,107.0,62.0,62.0,81.0
FCTs_20101016_154430_BANDA_SEA,2010-10-16,15:44:30.0,-7.366,125.699,8.0,8.361e+17,5.881,260.0,40.0,68.0,108.0,54.0,108.0
FCTs_20101021_175313_GULF_OF_CALIFORNIA,2010-10-21,17:53:13.0,24.69,-109.16,13.0,1.082e+19,6.623,222.0,83.0,5.0,131.0,85.0,173.0
FCTs_20101025_144222_SOUTHERN_SUMATRA__INDONESIA,2010-10-25,14:42:22.0,-3.49,100.08,12.0,7.05e+20,7.832,317.0,9.0,92.0,135.0,81.0,90.0
FCTs_20101025_193731_SOUTHERN_SUMATRA__INDONESIA,2010-10-25,19:37:31.0,-2.96,100.37,22.0,4.242e+18,6.352,351.0,14.0,135.0,125.0,80.0,80.0
FCTs_20101103_233442_TONGA_ISLANDS,2010-11-03,23:34:42.0,-20.47,-174.28,19.0,2.361e+18,6.182,199.0,28.0,94.0,14.0,62.0,88.0
FCTs_20101110_040524_SOUTHEAST_INDIAN_RIDGE,2010-11-10,04:05:24.0,-45.46,96.39,7.0,6.208e+18,6.462,214.0,90.0,12.0,124.0,78.0,180.0
FCTs_20101123_090106_NEW_BRITAIN_REGION__P.N.G,2010-11-23,09:01:06.0,-5.96,148.97,72.0,1.329e+18,6.016,30.0,40.0,104.0,192.0,51.0,79.0
FCTs_20101126_173611_IRIAN_JAYA_REGION__INDONESIA,2010-11-26,17:36:11.0,-3.369,131.014,14.0,1.268e+18,6.002,139.0,24.0,86.0,323.0,66.0,92.0
FCTs_20101130_032441_BONIN_ISLANDS__JAPAN_REGION,2010-11-30,03:24:41.0,28.36,139.15,485.0,1.882e+19,6.783,79.0,35.0,-154.0,327.0,75.0,-58.0
FCTs_20101202_031209_NEW_BRITAIN_REGION__P.N.G,2010-12-02,03:12:09.0,-6.0,149.98,43.0,1.319e+19,6.68,259.0,37.0,84.0,87.0,53.0,95.0
FCTs_20101208_052435_SOUTH_SANDWICH_ISLANDS_REGION,2010-12-08,05:24:35.0,-56.41,-25.74,17.0,3.775e+18,6.318,148.0,20.0,79.0,339.0,71.0,94.0
FCTs_20101213_011442_SOLOMON_ISLANDS,2010-12-13,01:14:42.0,-6.53,155.65,141.0,2.814e+18,6.233,356.0,43.0,-88.0,173.0,47.0,-92.0
FCTs_20101215_112930_BANDA_SEA,2010-12-15,11:29:30.0,-7.268,128.786,141.0,9.753e+17,5.926,317.0,49.0,135.0,81.0,57.0,51.0
FCTs_20101220_184159_SOUTHERN_IRAN,2010-12-20,18:41:59.0,28.41,59.18,6.0,1.723e+19,6.758,127.0,84.0,10.0,36.0,80.0,174.0
FCTs_20101221_140748_OFF_W_COAST_OF_NORTHERN_SUMATRA,2010-12-21,14:07:48.0,2.715,95.893,24.0,1.009e+18,5.936,337.0,16.0,111.0,135.0,75.0,84.0
FCTs_20101221_171940_BONIN_ISLANDS__JAPAN_REGION,2010-12-21,17:19:40.0,26.9,143.7,19.0,1.092e+20,7.292,339.0,51.0,-57.0,113.0,49.0,-124.0
FCTs_20101222_214938_BONIN_ISLANDS__JAPAN_REGION,2010-12-22,21:49:38.0,26.81,143.6,15.0,5.134e+18,6.407,92.0,47.0,-161.0,349.0,76.0,-44.0
FCTs_20101223_140032_NEAR_ISLANDS__ALEUTIAN_ISLANDS,2010-12-23,14:00:32.0,53.13,171.16,11.0,7.828e+18,6.529,290.0,20.0,134.0,64.0,75.0,76.0
FCTs_20101225_131637_VANUATU_ISLANDS_REGION,2010-12-25,13:16:37.0,-19.7,167.95,12.0,1.263e+20,7.334,132.0,23.0,-128.0,352.0,72.0,-75.0
FCTs_20101228_083417_SOUTH_OF_FIJI_ISLANDS,2010-12-28,08:34:17.0,-23.41,-179.8,571.0,2.955e+18,6.247,157.0,31.0,-32.0,275.0,74.0,-117.0
FCTs_20101229_065419_VANUATU_ISLANDS,2010-12-29,06:54:19.0,-19.66,168.14,14.0,4.667e+18,6.379,139.0,16.0,-120.0,349.0,77.0,-82.0
FCTs_20110101_095658_SANTIAGO_DEL_ESTERO_PROV.__ARG,2011-01-01,09:56:58.0,-26.8,-63.14,592.0,3.025e+19,6.92,356.0,24.0,-66.0,150.0,68.0,-100.0
FCTs_20110102_202017_NEAR_COAST_OF_CENTRAL_CHILE,2011-01-02,20:20:17.0,-38.35,-73.33,19.0,7.081e+19,7.167,4.0,15.0,94.0,179.0,75.0,89.0
FCTs_20110105_064614_SOUTHEAST_OF_LOYALTY_ISLANDS,2011-01-05,06:46:14.0,-22.26,171.63,114.0,1.525e+18,6.056,315.0,42.0,146.0,72.0,68.0,53.0
FCTs_20110109_100344_VANUATU_ISLANDS,2011-01-09,10:03:44.0,-19.16,168.31,22.0,7.735e+18,6.526,299.0,49.0,-47.0,64.0,57.0,-128.0
FCTs_20110112_213255_BONIN_ISLANDS__JAPAN_REGION,2011-01-12,21:32:55.0,26.98,139.87,533.0,7.072e+18,6.5,91.0,27.0,-146.0,330.0,75.0,-67.0
FCTs_20110113_161641_LOYALTY_ISLANDS,2011-01-13,16:16:41.0,-20.63,168.47,13.0,3.719e+19,6.98,343.0,42.0,-72.0,140.0,50.0,-106.0
FCTs_20110117_192057_SOUTHERN_SUMATRA__INDONESIA,2011-01-17,19:20:57.0,-5.03,102.647,39.0,1.014e+18,5.937,293.0,23.0,81.0,122.0,68.0,94.0
FCTs_20110118_113345_NORTHERN_SUMATRA__INDONESIA,2011-01-18,11:33:45.0,2.632,96.404,23.0,8.483e+17,5.886,322.0,17.0,102.0,130.0,73.0,86.0
FCTs_20110118_202323_SOUTHWESTERN_PAKISTAN,2011-01-18,20:23:23.0,28.78,63.95,61.0,5.953e+19,7.116,78.0,26.0,-60.0,225.0,68.0,-104.0
FCTs_20110123_191542_FIJI_ISLANDS_REGION,2011-01-23,19:15:42.0,-20.335,-176.292,246.0,5.764e+17,5.774,185.0,11.0,-97.0,12.0,79.0,-89.0
FCTs_20110124_024531_TAJIKISTAN,2011-01-24,02:45:31.0,38.413,72.791,99.0,1.457e+18,6.042,138.0,34.0,-155.0,27.0,76.0,-59.0
FCTs_20110126_154229_NORTHERN_SUMATRA__INDONESIA,2011-01-26,15:42:29.0,2.2,96.83,25.0,1.96e+18,6.128,327.0,14.0,104.0,132.0,77.0,87.0
FCTs_20110127_083828_SOUTHERN_IRAN,2011-01-27,08:38:28.0,28.19,59.01,10.0,1.956e+18,6.128,220.0,86.0,167.0,311.0,77.0,4.0
FCTs_20110129_065526_JAN_MAYEN_ISLAND_REGION,2011-01-29,06:55:26.0,70.94,-6.68,11.0,2.355e+18,6.181,115.0,78.0,-5.0,206.0,85.0,-168.0
FCTs_20110131_060327_TONGA_ISLANDS_REGION,2011-01-31,06:03:27.0,-22.009,-175.622,86.0,1.071e+18,5.953,66.0,32.0,-168.0,325.0,83.0,-58.0
FCTs_20110202_003817_ALASKA_PENINSULA,2011-02-02,00:38:17.0,54.974,-160.465,39.0,7.618e+17,5.855,249.0,29.0,93.0,66.0,61.0,88.0
FCTs_20110203_202515_TONGA_ISLANDS,2011-02-03,20:25:15.0,-15.511,-173.068,18.0,9.957e+17,5.932,185.0,28.0,93.0,1.0,62.0,88.0
FCTs_20110204_135346_MYANMAR-INDIA_BORDER_REGION,2011-02-04,13:53:46.0,24.62,94.68,85.0,3.5e+18,6.296,131.0,57.0,128.0,256.0,49.0,46.0
FCTs_20110207_195344_SOLOMON_ISLANDS,2011-02-07,19:53:44.0,-7.16,155.18,430.0,5.951e+18,6.45,39.0,22.0,151.0,156.0,80.0,70.0
FCTs_20110210_143927_CELEBES_SEA,2011-02-10,14:39:27.0,4.2,122.97,535.0,9.74e+18,6.592,228.0,23.0,-70.0,26.0,68.0,-98.0
FCTs_20110211_200530_NEAR_COAST_OF_CENTRAL_CHILE,2011-02-11,20:05:30.0,-36.47,-73.12,13.0,3.327e+19,6.948,28.0,16.0,117.0,180.0,75.0,82.0
FCTs_20110212_175756_TONGA_ISLANDS,2011-02-12,17:57:56.0,-20.89,-175.67,107.0,1.278e+18,6.004,269.0,57.0,-51.0,33.0,50.0,-134.0
FCTs_20110214_034009_NEAR_COAST_OF_CENTRAL_CHILE,2011-02-14,03:40:09.0,-35.38,-72.83,22.0,1.524e+19,6.722,49.0,14.0,132.0,186.0,80.0,80.0
FCTs_20110215_133353_SULAWESI__INDONESIA,2011-02-15,13:33:53.0,-2.5,121.48,11.0,2.261e+18,6.169,107.0,67.0,7.0,14.0,83.0,157.0
FCTs_20110220_214324_NEAR_EAST_COAST_OF_KAMCHATKA,2011-02-20,21:43:24.0,55.92,162.12,45.0,1.522e+18,6.055,42.0,23.0,-61.0,191.0,70.0,-101.0
FCTs_20110221_105752_SOUTH_OF_FIJI_ISLANDS,2011-02-21,10:57:52.0,-26.14,178.39,578.0,7.304e+18,6.509,274.0,21.0,-160.0,165.0,83.0,-70.0
FCTs_20110221_235142_SOUTH_ISLAND__NEW_ZEALAND,2011-02-21,23:51:42.0,-43.58,172.68,6.0,2.55e+18,6.204,177.0,55.0,39.0,62.0,59.0,138.0
FCTs_20110306_123159_NORTHERN_CHILE,2011-03-06,12:31:59.0,-18.02,-69.36,112.0,2.963e+18,6.248,216.0,20.0,-34.0,338.0,79.0,-107.0
FCTs_20110306_143236_SOUTH_SANDWICH_ISLANDS_REGION,2011-03-06,14:32:36.0,-56.42,-27.06,95.0,8.537e+18,6.554,183.0,21.0,132.0,319.0,75.0,76.0
FCTs_20110307_000936_SOLOMON_ISLANDS,2011-03-07,00:09:36.0,-10.35,160.77,34.0,4.432e+18,6.364,320.0,44.0,87.0,145.0,47.0,93.0
FCTs_20110309_024520_NEAR_EAST_COAST_OF_HONSHU__JAPAN,2011-03-09,02:45:20.0,38.44,142.84,36.0,9.965e+19,7.266,202.0,11.0,91.0,21.0,79.0,90.0
FCTs_20110309_181616_NEAR_EAST_COAST_OF_HONSHU__JAPAN,2011-03-09,18:16:16.0,38.315,142.434,26.0,1.826e+18,6.108,163.0,17.0,50.0,24.0,77.0,101.0
FCTs_20110310_170836_BALI_SEA,2011-03-10,17:08:36.0,-6.87,116.72,515.0,1.065e+19,6.618,290.0,42.0,-73.0,88.0,50.0,-104.0
FCTs_20110311_054624_NEAR_EAST_COAST_OF_HONSHU__JAPAN,2011-03-11,05:46:24.0,38.3,142.37,15.0,4.354e+22,9.026,197.0,14.0,84.0,24.0,76.0,92.0
FCTs_20110312_125352_OFF_EAST_COAST_OF_HONSHU__JAPAN,2011-03-12,12:53:52.0,37.734,143.506,14.0,1.454e+18,6.042,349.0,41.0,-128.0,216.0,59.0,-62.0
FCTs_20110313_012604_NEAR_EAST_COAST_OF_HONSHU__JAPAN,2011-03-13,01:26:04.0,35.72,141.64,8.0,4.867e+18,6.391,133.0,16.0,-114.0,338.0,75.0,-83.0
FCTs_20110314_061236_OFF_EAST_COAST_OF_HONSHU__JAPAN,2011-03-14,06:12:36.0,37.785,142.456,11.0,2.855e+18,6.237,162.0,15.0,-145.0,38.0,81.0,-78.0
FCTs_20110315_094952_OFF_EAST_COAST_OF_HONSHU__JAPAN,2011-03-15,09:49:52.0,37.367,142.301,8.0,1.069e+18,5.953,14.0,36.0,-105.0,212.0,56.0,-79.0
FCTs_20110315_132756_OFF_EAST_COAST_OF_HONSHU__JAPAN,2011-03-15,13:27:56.0,37.576,142.237,33.0,1.191e+18,5.984,207.0,20.0,164.0,312.0,84.0,71.0
FCTs_20110315_152354_OFF_EAST_COAST_OF_HONSHU__JAPAN,2011-03-15,15:23:54.0,40.33,143.29,15.0,2.783e+18,6.23,194.0,18.0,80.0,24.0,73.0,93.0
FCTs_20110317_024800_VANUATU_ISLANDS,2011-03-17,02:48:00.0,-17.27,167.83,26.0,3.559e+18,6.301,339.0,28.0,83.0,167.0,62.0,94.0
FCTs_20110319_012244_NEAR_EAST_COAST_OF_HONSHU__JAPAN,2011-03-19,01:22:44.0,39.696,142.904,17.0,1.355e+18,6.021,210.0,16.0,98.0,22.0,75.0,88.0
FCTs_20110320_120346_EASTERN_HONSHU__JAPAN,2011-03-20,12:03:46.0,39.35,141.824,47.0,7.383e+17,5.845,184.0,23.0,70.0,26.0,69.0,98.0
FCTs_20110321_094901_HINDU_KUSH_REGION__AFGHANISTAN,2011-03-21,09:49:01.0,36.491,70.927,193.0,6.038e+17,5.787,281.0,33.0,122.0,64.0,63.0,71.0
FCTs_20110322_071845_OFF_EAST_COAST_OF_HONSHU__JAPAN,2011-03-22,07:18:45.0,37.24,144.0,9.0,5.73e+18,6.439,205.0,44.0,-107.0,49.0,48.0,-74.0
FCTs_20110322_091906_NEAR_EAST_COAST_OF_HONSHU__JAPAN,2011-03-22,09:19:06.0,37.33,141.79,35.0,2.337e+18,6.179,192.0,18.0,-176.0,98.0,89.0,-72.0
FCTs_20110324_082100_NEAR_EAST_COAST_OF_HONSHU__JAPAN,2011-03-24,08:21:00.0,39.079,142.084,29.0,9.675e+17,5.924,196.0,18.0,77.0,29.0,73.0,94.0
FCTs_20110324_135512_MYANMAR,2011-03-24,13:55:12.0,20.69,99.82,7.0,2.461e+19,6.861,70.0,86.0,7.0,339.0,83.0,176.0
FCTs_20110325_113624_NEAR_EAST_COAST_OF_HONSHU__JAPAN,2011-03-25,11:36:24.0,38.77,141.88,44.0,2.373e+18,6.184,203.0,22.0,86.0,28.0,68.0,92.0
FCTs_20110326_224940_FIJI_ISLANDS_REGION,2011-03-26,22:49:40.0,-15.848,-179.405,7.0,1.357e+18,6.022,245.0,72.0,7.0,153.0,83.0,162.0
FCTs_20110326_224941_FIJI_ISLANDS_REGION,2011-03-26,22:49:41.0,-15.851,-179.406,7.0,1.306e+18,6.011,246.0,69.0,4.0,154.0,86.0,159.0
FCTs_20110327_222358_NEAR_EAST_COAST_OF_HONSHU__JAPAN,2011-03-27,22:23:58.0,38.42,142.01,24.0,2.579e+18,6.208,121.0,30.0,-68.0,276.0,62.0,-102.0
FCTs_20110329_105433_OFF_EAST_COAST_OF_HONSHU__JAPAN,2011-03-29,10:54:33.0,37.4,142.29,17.0,3.42e+18,6.289,359.0,35.0,-130.0,225.0,64.0,-66.0
FCTs_20110331_001158_FIJI_ISLANDS_REGION,2011-03-31,00:11:58.0,-16.54,-177.52,5.0,6.926e+18,6.494,320.0,85.0,-172.0,230.0,82.0,-5.0
FCTs_20110331_071530_NEAR_EAST_COAST_OF_HONSHU__JAPAN,2011-03-31,07:15:30.0,38.922,141.821,46.0,1.412e+18,6.033,185.0,24.0,77.0,20.0,67.0,96.0
FCTs_20110401_115754_EASTERN_HONSHU__JAPAN,2011-04-01,11:57:54.0,39.323,141.95,45.0,9.085e+17,5.906,181.0,25.0,66.0,27.0,67.0,101.0
FCTs_20110401_132910_CRETE__GREECE,2011-04-01,13:29:10.0,35.662,26.56,79.0,1.35e+18,6.02,140.0,66.0,10.0,45.0,81.0,155.0
FCTs_20110403_140709_FIJI_ISLANDS_REGION,2011-04-03,14:07:09.0,-17.64,-178.59,578.0,4.142e+18,6.345,322.0,7.0,40.0,193.0,86.0,95.0
FCTs_20110403_200640_SOUTH_OF_JAVA__INDONESIA,2011-04-03,20:06:40.0,-9.85,107.69,14.0,2.174e+19,6.825,90.0,48.0,-124.0,315.0,52.0,-58.0
FCTs_20110406_140143_NORTHERN_SUMATRA__INDONESIA,2011-04-06,14:01:43.0,1.615,97.097,24.0,1.296e+18,6.008,341.0,19.0,111.0,139.0,73.0,83.0
FCTs_20110407_131122_CHIAPAS__MEXICO,2011-04-07,13:11:22.0,17.21,-94.34,159.0,1.239e+19,6.662,201.0,26.0,-23.0,313.0,80.0,-114.0
FCTs_20110407_143243_NEAR_EAST_COAST_OF_HONSHU__JAPAN,2011-04-07,14:32:43.0,38.28,141.59,60.0,6.463e+19,7.14,19.0,36.0,83.0,208.0,54.0,95.0
FCTs_20110409_125748_KYUSHU__JAPAN,2011-04-09,12:57:48.0,30.002,131.783,10.0,1.333e+18,6.017,10.0,38.0,-87.0,186.0,52.0,-93.0
FCTs_20110411_081612_EASTERN_HONSHU__JAPAN,2011-04-11,08:16:12.0,37.0,140.4,9.0,1.05e+19,6.614,303.0,39.0,-96.0,131.0,52.0,-85.0
FCTs_20110411_230816_NEAR_EAST_COAST_OF_HONSHU__JAPAN,2011-04-11,23:08:16.0,35.42,140.57,16.0,3.868e+18,6.325,30.0,68.0,-20.0,128.0,72.0,-156.0
FCTs_20110413_195725_OFF_EAST_COAST_OF_HONSHU__JAPAN,2011-04-13,19:57:25.0,39.583,143.34,14.0,3.432e+18,6.29,168.0,17.0,56.0,23.0,76.0,100.0
FCTs_20110416_021930_EASTERN_HONSHU__JAPAN,2011-04-16,02:19:30.0,36.378,139.653,84.0,5.561e+17,5.763,174.0,26.0,49.0,38.0,71.0,107.0
FCTs_20110418_130302_SOUTH_OF_KERMADEC_ISLANDS,2011-04-18,13:03:02.0,-34.34,179.87,99.0,8.858e+18,6.565,14.0,13.0,-92.0,195.0,77.0,-90.0
FCTs_20110421_015441_OFF_EAST_COAST_OF_HONSHU__JAPAN,2011-04-21,01:54:41.0,40.306,143.628,10.0,1.283e+18,6.005,144.0,16.0,39.0,17.0,80.0,103.0
FCTs_20110421_133703_NEAR_EAST_COAST_OF_HONSHU__JAPAN,2011-04-21,13:37:03.0,35.58,140.3,48.0,1.79e+18,6.102,182.0,22.0,92.0,360.0,68.0,89.0
FCTs_20110423_041654_SOLOMON_ISLANDS,2011-04-23,04:16:54.0,-10.38,161.2,82.0,1.881e+19,6.783,169.0,42.0,172.0,265.0,85.0,48.0
FCTs_20110423_101246_NEAR_EAST_COAST_OF_HONSHU__JAPAN,2011-04-23,10:12:46.0,39.097,142.87,33.0,6.148e+17,5.792,97.0,38.0,78.0,292.0,53.0,99.0
FCTs_20110424_230751_SULAWESI__INDONESIA,2011-04-24,23:07:51.0,-4.59,122.77,12.0,2.551e+18,6.204,54.0,83.0,157.0,147.0,67.0,8.0
FCTs_20110505_145818_OFF_EAST_COAST_OF_HONSHU__JAPAN,2011-05-05,14:58:18.0,38.17,144.032,7.0,2.227e+18,6.165,176.0,49.0,-127.0,45.0,53.0,-55.0
FCTs_20110510_085508_LOYALTY_ISLANDS,2011-05-10,08:55:08.0,-20.24,168.23,13.0,2.919e+19,6.91,157.0,32.0,-96.0,345.0,58.0,-86.0
FCTs_20110513_224754_COSTA_RICA,2011-05-13,22:47:54.0,9.954,-84.313,80.0,7.025e+17,5.831,140.0,45.0,20.0,35.0,76.0,133.0
FCTs_20110513_233552_NEAR_EAST_COAST_OF_HONSHU__JAPAN,2011-05-13,23:35:52.0,37.4,141.34,38.0,1.831e+18,6.108,186.0,24.0,74.0,23.0,67.0,97.0
FCTs_20110514_210722_HINDU_KUSH_REGION__AFGHANISTAN,2011-05-14,21:07:22.0,36.409,70.748,203.0,1.189e+18,5.983,291.0,25.0,80.0,121.0,65.0,94.0
FCTs_20110515_183710_SOLOMON_ISLANDS,2011-05-15,18:37:10.0,-6.1,154.41,51.0,6.986e+18,6.496,132.0,41.0,93.0,308.0,49.0,87.0
FCTs_20110519_201522_TURKEY,2011-05-19,20:15:22.0,39.149,29.103,11.0,8.15e+17,5.874,112.0,34.0,-77.0,277.0,57.0,-98.0
FCTs_20110520_004616_NEAR_EAST_COAST_OF_HONSHU__JAPAN,2011-05-20,00:46:16.0,35.761,140.843,33.0,6.359e+17,5.802,171.0,23.0,69.0,14.0,68.0,99.0
FCTs_20110524_034052_OFF_EAST_COAST_OF_HONSHU__JAPAN,2011-05-24,03:40:52.0,39.716,143.243,17.0,1.238e+18,5.995,204.0,17.0,90.0,24.0,73.0,90.0
FCTs_20110529_182401_SOUTHWEST_OF_SUMATRA__INDONESIA,2011-05-29,18:24:01.0,-7.715,101.757,23.0,8.444e+17,5.884,175.0,80.0,-16.0,268.0,74.0,-169.0
FCTs_20110601_125522_NEAR_COAST_OF_CENTRAL_CHILE,2011-06-01,12:55:22.0,-37.58,-73.69,8.0,8.3e+18,6.546,8.0,14.0,101.0,177.0,76.0,87.0
FCTs_20110603_000500_OFF_EAST_COAST_OF_HONSHU__JAPAN,2011-06-03,00:05:00.0,37.28,143.91,15.0,1.464e+18,6.044,212.0,40.0,-120.0,70.0,57.0,-67.0
FCTs_20110605_115112_WEST_OF_MACQUARIE_ISLAND,2011-06-05,11:51:12.0,-55.84,146.62,22.0,5.549e+18,6.429,77.0,75.0,170.0,169.0,81.0,15.0
FCTs_20110608_030622_PERU-BOLIVIA_BORDER_REGION,2011-06-08,03:06:22.0,-17.083,-69.518,141.0,1.289e+18,6.007,224.0,42.0,-15.0,325.0,80.0,-131.0
FCTs_20110613_022049_SOUTH_ISLAND__NEW_ZEALAND,2011-06-13,02:20:49.0,-43.564,172.743,9.0,1.232e+18,5.994,60.0,62.0,149.0,166.0,63.0,32.0
FCTs_20110616_000335_NEW_BRITAIN_REGION__P.N.G,2011-06-16,00:03:35.0,-5.93,151.04,20.0,4.85e+18,6.39,216.0,19.0,5.0,121.0,88.0,109.0
FCTs_20110620_163601_CHILE-BOLIVIA_BORDER_REGION,2011-06-20,16:36:01.0,-21.7,-68.23,121.0,7.431e+18,6.514,280.0,8.0,5.0,185.0,89.0,98.0
FCTs_20110621_020415_SANTA_CRUZ_ISLANDS,2011-06-21,02:04:15.0,-11.479,165.551,20.0,1.301e+18,6.01,175.0,36.0,-73.0,334.0,55.0,-103.0
FCTs_20110622_215052_NEAR_EAST_COAST_OF_HONSHU__JAPAN,2011-06-22,21:50:52.0,39.96,142.21,37.0,1.777e+19,6.766,175.0,19.0,78.0,8.0,72.0,94.0
FCTs_20110624_030939_FOX_ISLANDS__ALEUTIAN_ISLANDS,2011-06-24,03:09:39.0,52.05,-171.84,59.0,9.66e+19,7.257,318.0,7.0,149.0,78.0,87.0,84.0
FCTs_20110626_121638_IRIAN_JAYA_REGION__INDONESIA,2011-06-26,12:16:38.0,-2.38,136.63,7.0,1.025e+19,6.607,237.0,78.0,11.0,145.0,80.0,168.0
FCTs_20110627_232733_FOX_ISLANDS__ALEUTIAN_ISLANDS,2011-06-27,23:27:33.0,52.003,-171.762,31.0,6.048e+17,5.788,195.0,11.0,45.0,60.0,83.0,98.0
FCTs_20110628_064832_FOX_ISLANDS__ALEUTIAN_ISLANDS,2011-06-28,06:48:32.0,52.087,-171.702,31.0,6.652e+17,5.815,253.0,19.0,78.0,86.0,72.0,94.0
FCTs_20110706_190318_KERMADEC_ISLANDS_REGION,2011-07-06,19:03:18.0,-29.54,-176.34,18.0,3.399e+20,7.621,6.0,46.0,-75.0,165.0,47.0,-105.0
FCTs_20110709_065346_TONGA_ISLANDS,2011-07-09,06:53:46.0,-21.206,-174.538,14.0,7.89e+17,5.865,200.0,20.0,97.0,13.0,70.0,88.0
FCTs_20110710_005710_OFF_EAST_COAST_OF_HONSHU__JAPAN,2011-07-10,00:57:10.0,38.03,143.26,22.0,3.79e+19,6.986,63.0,83.0,21.0,330.0,69.0,172.0
FCTs_20110711_204704_NEGROS__PHILIPPINES,2011-07-11,20:47:04.0,9.51,122.18,22.0,3.999e+18,6.335,16.0,27.0,106.0,178.0,64.0,82.0
FCTs_20110716_002612_NEAR_COAST_OF_CENTRAL_CHILE,2011-07-16,00:26:12.0,-33.819,-71.832,24.0,1.061e+18,5.951,343.0,22.0,85.0,168.0,68.0,92.0
FCTs_20110716_070332_TONGA_ISLANDS_REGION,2011-07-16,07:03:32.0,-22.434,-175.0,8.0,8.651e+17,5.891,244.0,24.0,125.0,26.0,71.0,76.0
FCTs_20110716_170639_BANDA_SEA,2011-07-16,17:06:39.0,-7.1,127.576,260.0,9.627e+17,5.922,88.0,12.0,32.0,326.0,84.0,100.0
FCTs_20110716_195912_ALASKA_PENINSULA,2011-07-16,19:59:12.0,54.79,-161.29,39.0,2.04e+18,6.14,244.0,29.0,95.0,58.0,61.0,87.0
FCTs_20110718_223838_RAT_ISLANDS__ALEUTIAN_ISLANDS,2011-07-18,22:38:38.0,51.28,178.944,16.0,7.451e+17,5.848,262.0,28.0,105.0,66.0,63.0,82.0
FCTs_20110719_193543_TAJIKISTAN,2011-07-19,19:35:43.0,40.08,71.41,22.0,1.73e+18,6.092,80.0,29.0,83.0,268.0,61.0,94.0
FCTs_20110720_220459_SOLOMON_ISLANDS,2011-07-20,22:04:59.0,-10.34,162.01,26.0,8.865e+17,5.898,118.0,41.0,52.0,344.0,59.0,118.0
FCTs_20110722_065640_FIJI_ISLANDS_REGION,2011-07-22,06:56:40.0,-20.325,-178.595,627.0,8.978e+17,5.902,193.0,18.0,-126.0,51.0,76.0,-79.0
FCTs_20110723_043424_NEAR_EAST_COAST_OF_HONSHU__JAPAN,2011-07-23,04:34:24.0,38.9,141.82,46.0,3.901e+18,6.327,190.0,23.0,76.0,26.0,68.0,96.0
FCTs_20110724_185124_NEAR_EAST_COAST_OF_HONSHU__JAPAN,2011-07-24,18:51:24.0,37.73,141.39,46.0,4.312e+18,6.356,207.0,23.0,92.0,24.0,67.0,89.0
FCTs_20110725_005047_NEW_IRELAND_REGION__P.N.G,2011-07-25,00:50:47.0,-3.18,150.61,7.0,5.48e+18,6.426,310.0,90.0,-20.0,40.0,70.0,-180.0
FCTs_20110725_171540_LUZON__PHILIPPINES,2011-07-25,17:15:40.0,14.947,120.043,37.0,9.476e+17,5.918,355.0,44.0,75.0,195.0,48.0,104.0
FCTs_20110726_142622_MID-INDIAN_RIDGE,2011-07-26,14:26:22.0,-9.23,67.113,12.0,5.509e+17,5.761,48.0,87.0,27.0,316.0,63.0,177.0
FCTs_20110726_174420_GULF_OF_CALIFORNIA,2011-07-26,17:44:20.0,25.101,-109.525,7.0,1.718e+18,6.09,44.0,80.0,-15.0,137.0,76.0,-170.0
FCTs_20110727_230030_NORTHERN_MID-ATLANTIC_RIDGE,2011-07-27,23:00:30.0,10.801,-43.393,8.0,1.065e+18,5.952,182.0,83.0,-32.0,276.0,58.0,-172.0
FCTs_20110729_074222_SOUTH_OF_FIJI_ISLANDS,2011-07-29,07:42:22.0,-23.78,179.76,537.0,1.459e+19,6.709,98.0,32.0,117.0,247.0,62.0,74.0
FCTs_20110730_185349_NEAR_EAST_COAST_OF_HONSHU__JAPAN,2011-07-30,18:53:49.0,36.94,140.96,48.0,5.43e+18,6.423,38.0,40.0,112.0,190.0,53.0,72.0
FCTs_20110731_143447_VANUATU_ISLANDS_REGION,2011-07-31,14:34:47.0,-17.02,171.58,7.0,2.183e+18,6.159,285.0,45.0,-119.0,143.0,52.0,-64.0
FCTs_20110731_233856_NEAR_N_COAST_OF_NEW_GUINEA__PNG,2011-07-31,23:38:56.0,-3.52,144.83,8.0,1.457e+19,6.709,268.0,76.0,-7.0,359.0,83.0,-166.0
FCTs_20110801_145809_NEAR_S._COAST_OF_HONSHU__JAPAN,2011-08-01,14:58:09.0,34.631,138.433,15.0,8.366e+17,5.882,295.0,37.0,102.0,100.0,54.0,81.0
FCTs_20110804_001607_SOUTHERN_SUMATRA__INDONESIA,2011-08-04,00:16:07.0,-2.837,101.09,42.0,6.119e+17,5.791,314.0,32.0,92.0,132.0,58.0,89.0
FCTs_20110804_135134_KURIL_ISLANDS,2011-08-04,13:51:34.0,48.83,154.77,40.0,2.028e+18,6.138,212.0,35.0,87.0,36.0,55.0,92.0
FCTs_20110811_182204_EASTERN_HONSHU__JAPAN,2011-08-11,18:22:04.0,37.034,140.893,48.0,8.095e+17,5.872,198.0,23.0,74.0,35.0,67.0,97.0
FCTs_20110813_073306_OFF_COAST_OF_CHIAPAS__MEXICO,2011-08-13,07:33:06.0,14.394,-94.674,9.0,1.154e+18,5.975,116.0,35.0,-97.0,304.0,56.0,-85.0
FCTs_20110817_114408_OFF_EAST_COAST_OF_HONSHU__JAPAN,2011-08-17,11:44:08.0,36.76,143.77,8.0,2.435e+18,6.191,57.0,43.0,-76.0,218.0,49.0,-103.0
FCTs_20110819_035426_FIJI_ISLANDS_REGION,2011-08-19,03:54:26.0,-16.52,-177.0,423.0,2.21e+18,6.163,270.0,45.0,30.0,158.0,69.0,131.0
FCTs_20110819_053633_NEAR_EAST_COAST_OF_HONSHU__JAPAN,2011-08-19,05:36:33.0,37.67,141.65,56.0,2.627e+18,6.213,9.0,34.0,91.0,187.0,56.0,89.0
FCTs_20110820_165502_VANUATU_ISLANDS,2011-08-20,16:55:02.0,-18.36,168.14,43.0,4.467e+19,7.033,334.0,30.0,87.0,158.0,60.0,92.0
FCTs_20110822_112335_NEAR_EAST_COAST_OF_HONSHU__JAPAN,2011-08-22,11:23:35.0,36.083,141.688,14.0,2.003e+18,6.135,206.0,19.0,91.0,24.0,71.0,90.0
FCTs_20110822_201220_SUNDA_STRAIT__INDONESIA,2011-08-22,20:12:20.0,-6.28,104.05,31.0,1.196e+18,5.985,314.0,23.0,97.0,126.0,67.0,87.0
FCTs_20110823_175104_VIRGINIA,2011-08-23,17:51:04.0,37.936,-77.933,6.0,5.513e+17,5.761,177.0,38.0,67.0,26.0,56.0,107.0
FCTs_20110824_174611_PERU-BRAZIL_BORDER_REGION,2011-08-24,17:46:11.0,-7.64,-74.53,150.0,4.05e+19,7.005,193.0,36.0,-62.0,340.0,59.0,-108.0
FCTs_20110825_103958_VANUATU_ISLANDS,2011-08-25,10:39:58.0,-13.598,166.996,122.0,7.812e+17,5.862,126.0,48.0,-119.0,347.0,50.0,-61.0
FCTs_20110830_065741_BANDA_SEA,2011-08-30,06:57:41.0,-6.36,126.75,472.0,2.614e+19,6.878,340.0,14.0,-126.0,196.0,79.0,-82.0
FCTs_20110901_061438_SANTA_CRUZ_ISLANDS,2011-09-01,06:14:38.0,-12.357,166.657,48.0,1.49e+18,6.049,152.0,38.0,86.0,336.0,52.0,93.0
FCTs_20110902_105553_FOX_ISLANDS__ALEUTIAN_ISLANDS,2011-09-02,10:55:53.0,52.17,-171.71,40.0,2.485e+19,6.864,136.0,34.0,36.0,15.0,71.0,118.0
FCTs_20110902_134709_SANTIAGO_DEL_ESTERO_PROV.__ARG,2011-09-02,13:47:09.0,-28.4,-63.03,597.0,1.172e+19,6.646,55.0,29.0,-51.0,192.0,67.0,-109.0
FCTs_20110903_044857_SOUTH_SANDWICH_ISLANDS_REGION,2011-09-03,04:48:57.0,-56.45,-26.85,99.0,4.971e+18,6.398,167.0,35.0,115.0,317.0,59.0,73.0
FCTs_20110903_225540_VANUATU_ISLANDS,2011-09-03,22:55:40.0,-20.67,169.72,147.0,4.041e+19,7.004,356.0,22.0,133.0,131.0,74.0,75.0
FCTs_20110905_095201_TONGA_ISLANDS,2011-09-05,09:52:01.0,-15.3,-173.62,46.0,1.991e+18,6.133,222.0,2.0,-145.0,97.0,89.0,-88.0
FCTs_20110905_175511_NORTHERN_SUMATRA__INDONESIA,2011-09-05,17:55:11.0,2.96,97.89,93.0,1.473e+19,6.712,60.0,9.0,-168.0,318.0,88.0,-81.0
FCTs_20110909_194134_VANCOUVER_ISLAND__CANADA_REGION,2011-09-09,19:41:34.0,49.53,-126.89,13.0,5.307e+18,6.417,256.0,66.0,-12.0,351.0,79.0,-156.0
FCTs_20110912_224428_NEAR_N_COAST_OF_NEW_GUINEA__PNG,2011-09-12,22:44:28.0,-3.626,144.178,13.0,9.459e+17,5.917,96.0,42.0,68.0,305.0,51.0,109.0
FCTs_20110914_181009_NEAR_ISLANDS__ALEUTIAN_ISLANDS,2011-09-14,18:10:09.0,53.107,172.984,15.0,1.947e+18,6.126,186.0,81.0,35.0,90.0,56.0,170.0
FCTs_20110915_080009_NEAR_EAST_COAST_OF_HONSHU__JAPAN,2011-09-15,08:00:09.0,36.26,141.34,26.0,3.056e+18,6.257,228.0,22.0,115.0,22.0,70.0,80.0
FCTs_20110915_193104_FIJI_ISLANDS_REGION,2011-09-15,19:31:04.0,-21.61,-179.53,645.0,1.104e+20,7.295,310.0,34.0,0.0,40.0,90.0,-124.0
FCTs_20110916_192640_NEAR_EAST_COAST_OF_HONSHU__JAPAN,2011-09-16,19:26:40.0,40.27,142.78,24.0,1.857e+19,6.779,211.0,16.0,98.0,23.0,74.0,88.0
FCTs_20110918_124051_SIKKIM__INDIA,2011-09-18,12:40:51.0,27.73,88.15,61.0,3.205e+19,6.937,220.0,76.0,-6.0,312.0,84.0,-166.0
FCTs_20110922_230703_TONGA_ISLANDS,2011-09-22,23:07:03.0,-15.44,-175.31,5.0,7.198e+18,6.505,110.0,90.0,10.0,20.0,80.0,180.0
FCTs_20111006_073701_W._CAROLINE_ISLANDS__MICRONESIA,2011-10-06,07:37:01.0,9.7,138.245,19.0,8.38e+17,5.882,151.0,42.0,22.0,45.0,76.0,130.0
FCTs_20111006_111230_SALTA_PROVINCE__ARGENTINA,2011-10-06,11:12:30.0,-24.178,-64.219,15.0,1.006e+18,5.935,0.0,36.0,95.0,174.0,54.0,86.0
FCTs_20111007_085828_SOUTH_OF_KERMADEC_ISLANDS,2011-10-07,08:58:28.0,-32.51,-179.04,45.0,1.916e+18,6.122,210.0,34.0,90.0,30.0,56.0,90.0
FCTs_20111008_085311_TONGA_ISLANDS,2011-10-08,08:53:11.0,-20.602,-173.222,9.0,1.067e+18,5.952,29.0,36.0,-87.0,205.0,54.0,-93.0
FCTs_20111013_031630_SOUTH_OF_BALI__INDONESIA,2011-10-13,03:16:30.0,-9.35,114.59,61.0,2.382e+18,6.185,290.0,86.0,13.0,199.0,77.0,176.0
FCTs_20111014_033514_EASTERN_NEW_GUINEA_REG.__P.N.G,2011-10-14,03:35:14.0,-6.57,147.88,38.0,6.413e+18,6.471,215.0,27.0,73.0,54.0,64.0,98.0
FCTs_20111018_050506_NEW_BRITAIN_REGION__P.N.G,2011-10-18,05:05:06.0,-5.78,151.04,22.0,1.92e+18,6.122,260.0,32.0,84.0,88.0,58.0,94.0
FCTs_20111021_080237_HOKKAIDO__JAPAN_REGION,2011-10-21,08:02:37.0,43.89,142.48,192.0,1.877e+18,6.116,12.0,44.0,-166.0,272.0,80.0,-47.0
FCTs_20111021_175716_KERMADEC_ISLANDS_REGION,2011-10-21,17:57:16.0,-28.99,-176.24,48.0,1.366e+20,7.357,201.0,40.0,84.0,29.0,50.0,95.0
FCTs_20111023_104122_TURKEY,2011-10-23,10:41:22.0,38.72,43.51,17.0,5.651e+19,7.101,246.0,52.0,60.0,109.0,47.0,123.0
FCTs_20111023_204534_TURKEY,2011-10-23,20:45:34.0,38.634,43.077,9.0,7.456e+17,5.848,123.0,44.0,117.0,268.0,52.0,66.0
FCTs_20111028_185434_NEAR_COAST_OF_PERU,2011-10-28,18:54:34.0,-14.44,-75.97,28.0,2.027e+19,6.805,337.0,25.0,75.0,173.0,66.0,97.0
FCTs_20111031_071621_RAT_ISLANDS__ALEUTIAN_ISLANDS,2011-10-31,07:16:21.0,52.366,177.932,154.0,6.677e+17,5.816,223.0,40.0,-19.0,327.0,78.0,-128.0
FCTs_20111104_154343_VANUATU_ISLANDS,2011-11-04,15:43:43.0,-15.094,167.384,132.0,6.327e+17,5.801,5.0,39.0,80.0,199.0,52.0,98.0
FCTs_20111105_014918_VANUATU_ISLANDS,2011-11-05,01:49:18.0,-18.242,168.304,41.0,9.632e+17,5.922,343.0,42.0,96.0,154.0,48.0,84.0
FCTs_20111107_223525_NICARAGUA,2011-11-07,22:35:25.0,11.56,-85.861,172.0,1.331e+18,6.016,317.0,30.0,84.0,144.0,61.0,94.0
FCTs_20111108_025908_NORTHEAST_OF_TAIWAN,2011-11-08,02:59:08.0,27.32,125.62,232.0,3.171e+19,6.934,155.0,39.0,-118.0,10.0,56.0,-69.0
FCTs_20111114_040511_SOUTHERN_MOLUCCA_SEA,2011-11-14,04:05:11.0,-0.95,126.91,18.0,4.245e+18,6.352,286.0,42.0,-23.0,34.0,75.0,-129.0
FCTs_20111118_075124_OFF_E._COAST_OF_N._ISLAND__N.Z,2011-11-18,07:51:24.0,-37.806,179.418,9.0,1.175e+18,5.98,42.0,25.0,-77.0,208.0,65.0,-96.0
FCTs_20111122_184816_CENTRAL_BOLIVIA,2011-11-22,18:48:16.0,-15.36,-65.09,568.0,8.803e+18,6.563,185.0,11.0,122.0,333.0,81.0,84.0
FCTs_20111123_192431_NEAR_EAST_COAST_OF_HONSHU__JAPAN,2011-11-23,19:24:31.0,37.37,141.37,37.0,2.214e+18,6.163,212.0,23.0,94.0,27.0,67.0,88.0
FCTs_20111124_102534_HOKKAIDO__JAPAN_REGION,2011-11-24,10:25:34.0,41.9,142.64,48.0,2.014e+18,6.136,223.0,21.0,102.0,30.0,69.0,85.0
FCTs_20111128_122645_NEW_IRELAND_REGION__P.N.G,2011-11-28,12:26:45.0,-5.48,153.72,30.0,2.225e+18,6.165,311.0,38.0,103.0,115.0,53.0,80.0
FCTs_20111129_003029_NORTH_OF_ASCENSION_ISLAND,2011-11-29,00:30:29.0,-1.602,-15.45,11.0,8.795e+17,5.896,348.0,83.0,14.0,257.0,76.0,173.0
FCTs_20111130_002706_PHILIPPINE_ISLANDS_REGION,2011-11-30,00:27:06.0,15.455,118.999,7.0,1.389e+18,6.029,211.0,36.0,-90.0,31.0,54.0,-90.0
FCTs_20111207_133828_SOUTHERN_MOLUCCA_SEA,2011-12-07,13:38:28.0,-1.439,126.514,15.0,6.722e+17,5.818,147.0,40.0,-105.0,346.0,52.0,-78.0
FCTs_20111207_222309_NEAR_COAST_OF_NORTHERN_CHILE,2011-12-07,22:23:09.0,-27.9,-70.92,22.0,1.527e+18,6.056,2.0,27.0,100.0,171.0,64.0,85.0
FCTs_20111211_014725_GUERRERO__MEXICO,2011-12-11,01:47:25.0,17.84,-99.96,65.0,5.255e+18,6.414,286.0,36.0,-80.0,94.0,55.0,-97.0
FCTs_20111211_095455_SOUTH_SANDWICH_ISLANDS_REGION,2011-12-11,09:54:55.0,-56.01,-28.18,125.0,3.088e+18,6.26,260.0,53.0,51.0,133.0,51.0,130.0
FCTs_20111213_075211_MINAHASSA_PENINSULA__SULAWESI,2011-12-13,07:52:11.0,0.041,123.03,167.0,1.27e+18,6.003,293.0,37.0,103.0,96.0,54.0,80.0
FCTs_20111214_050459_EASTERN_NEW_GUINEA_REG.__P.N.G,2011-12-14,05:04:59.0,-7.56,146.8,133.0,4.894e+19,7.06,90.0,9.0,11.0,350.0,88.0,99.0
FCTs_20111226_044808_TONGA_ISLANDS,2011-12-26,04:48:08.0,-16.198,-173.862,93.0,1.039e+18,5.944,171.0,13.0,-150.0,51.0,84.0,-79.0
FCTs_20111227_152156_SOUTHWESTERN_SIBERIA__RUSSIA,2011-12-27,15:21:56.0,51.84,95.91,6.0,1.206e+19,6.654,76.0,74.0,9.0,344.0,82.0,164.0
FCTs_20120101_052755_SOUTHEAST_OF_HONSHU__JAPAN,2012-01-01,05:27:55.0,31.44,138.12,357.0,2.122e+19,6.818,121.0,22.0,-153.0,6.0,80.0,-70.0
FCTs_20120109_040714_SANTA_CRUZ_ISLANDS,2012-01-09,04:07:14.0,-10.62,165.16,41.0,4.99e+18,6.399,107.0,65.0,148.0,211.0,62.0,29.0
FCTs_20120110_183659_OFF_W_COAST_OF_NORTHERN_SUMATRA,2012-01-10,18:36:59.0,2.43,93.22,12.0,6.439e+19,7.139,280.0,77.0,-174.0,188.0,84.0,-13.0
FCTs_20120115_134019_SOUTH_SHETLAND_ISLANDS,2012-01-15,13:40:19.0,-60.95,-56.11,13.0,1.129e+19,6.635,128.0,72.0,0.0,218.0,90.0,-162.0
FCTs_20120122_055342_SOUTH_SANDWICH_ISLANDS_REGION,2012-01-22,05:53:42.0,-56.759,-25.147,17.0,1.388e+18,6.028,177.0,22.0,108.0,337.0,70.0,83.0
FCTs_20120123_160452_NEAR_COAST_OF_CENTRAL_CHILE,2012-01-23,16:04:52.0,-36.41,-73.03,19.0,2.009e+18,6.135,351.0,23.0,88.0,173.0,67.0,91.0
FCTs_20120124_005205_SOUTH_OF_FIJI_ISLANDS,2012-01-24,00:52:05.0,-24.98,178.52,596.0,4.231e+18,6.351,107.0,20.0,179.0,198.0,90.0,70.0
FCTs_20120130_051101_NEAR_COAST_OF_PERU,2012-01-30,05:11:01.0,-14.15,-75.61,44.0,3.757e+18,6.317,328.0,34.0,63.0,179.0,60.0,106.0
FCTs_20120202_133441_VANUATU_ISLANDS,2012-02-02,13:34:41.0,-17.83,167.11,17.0,3.78e+19,6.985,47.0,51.0,-55.0,179.0,51.0,-125.0
FCTs_20120203_034621_VANUATU_ISLANDS,2012-02-03,03:46:21.0,-17.38,167.28,9.0,1.701e+18,6.087,207.0,42.0,-71.0,2.0,51.0,-107.0
FCTs_20120205_164039_VANUATU_ISLANDS,2012-02-05,16:40:39.0,-17.95,167.23,9.0,1.586e+18,6.067,188.0,37.0,-84.0,1.0,53.0,-95.0
FCTs_20120206_034912_CEBU__PHILIPPINES,2012-02-06,03:49:12.0,10.0,123.21,10.0,1.281e+19,6.672,176.0,41.0,50.0,44.0,60.0,119.0
FCTs_20120206_101019_NEGROS__PHILIPPINES,2012-02-06,10:10:19.0,9.885,123.095,7.0,1.546e+18,6.059,263.0,58.0,132.0,23.0,51.0,43.0
FCTs_20120213_105509_COSTA_RICA,2012-02-13,10:55:09.0,9.183,-84.121,17.0,8.218e+17,5.877,309.0,25.0,108.0,109.0,67.0,82.0
FCTs_20120214_081955_SOLOMON_ISLANDS,2012-02-14,08:19:55.0,-10.39,161.1,58.0,3.841e+18,6.323,166.0,45.0,149.0,280.0,68.0,49.0
FCTs_20120226_023500_TAIWAN,2012-02-26,02:35:00.0,22.661,120.891,29.0,7.879e+17,5.864,323.0,33.0,59.0,179.0,62.0,109.0
FCTs_20120226_061719_SOUTHWESTERN_SIBERIA__RUSSIA,2012-02-26,06:17:19.0,51.72,95.98,12.0,1.013e+19,6.604,147.0,44.0,126.0,282.0,55.0,60.0
FCTs_20120308_225008_SOUTHERN_XINJIANG__CHINA,2012-03-08,22:50:08.0,39.383,81.307,49.0,6.455e+17,5.807,123.0,43.0,117.0,268.0,53.0,67.0
FCTs_20120309_070950_VANUATU_ISLANDS,2012-03-09,07:09:50.0,-19.125,169.613,10.0,1.029e+19,6.608,303.0,46.0,-113.0,155.0,49.0,-68.0
FCTs_20120314_090835_OFF_EAST_COAST_OF_HONSHU__JAPAN,2012-03-14,09:08:35.0,40.887,144.944,13.0,2.284e+19,6.839,105.0,46.0,-76.0,265.0,45.0,-105.0
FCTs_20120314_211308_NEW_BRITAIN_REGION__P.N.G,2012-03-14,21:13:08.0,-5.595,151.042,46.0,2.879e+18,6.239,251.0,39.0,76.0,89.0,53.0,101.0
FCTs_20120316_075802_LEYTE__PHILIPPINES,2012-03-16,07:58:02.0,10.037,125.633,21.0,3.137e+17,5.598,259.0,37.0,-72.0,56.0,55.0,-103.0
FCTs_20120320_175618_IRIAN_JAYA__INDONESIA,2012-03-20,17:56:18.0,-3.812,140.266,73.0,2.819e+18,6.233,325.0,16.0,-82.0,137.0,74.0,-92.0
FCTs_20120320_180247_NEAR_COAST_OF_GUERRERO__MEXICO,2012-03-20,18:02:47.0,16.493,-98.231,26.0,1.448e+20,7.374,286.0,19.0,81.0,116.0,71.0,93.0
FCTs_20120321_221506_NEW_GUINEA__PAPUA_NEW_GUINEA,2012-03-21,22:15:06.0,-6.242,145.955,125.0,8.827e+18,6.564,311.0,36.0,-62.0,98.0,59.0,-109.0
FCTs_20120325_223706_NEAR_COAST_OF_CENTRAL_CHILE,2012-03-25,22:37:06.0,-35.2,-72.217,28.0,6.315e+19,7.134,22.0,23.0,113.0,177.0,69.0,81.0
FCTs_20120327_110044_NEAR_EAST_COAST_OF_HONSHU__JAPAN,2012-03-27,11:00:44.0,39.859,142.017,12.0,1.398e+18,6.03,147.0,36.0,126.0,285.0,61.0,67.0
FCTs_20120402_173642_NEAR_COAST_OF_GUERRERO__MEXICO,2012-04-02,17:36:42.0,16.395,-98.316,7.0,1.768e+18,6.098,76.0,29.0,-106.0,275.0,62.0,-81.0
FCTs_20120406_161558_NEW_IRELAND_REGION__P.N.G,2012-04-06,16:15:58.0,-4.551,153.457,93.0,2.206e+18,6.162,144.0,33.0,91.0,323.0,57.0,89.0
FCTs_20120410_050908_NORTH_OF_ASCENSION_ISLAND,2012-04-10,05:09:08.0,-1.261,-13.972,12.0,8.385e+17,5.882,258.0,64.0,174.0,351.0,85.0,26.0
FCTs_20120411_083836_OFF_W_COAST_OF_NORTHERN_SUMATRA,2012-04-11,08:38:36.0,2.327,93.063,24.0,1.361e+22,8.689,289.0,83.0,175.0,20.0,85.0,7.0
FCTs_20120411_225510_MICHOACAN__MEXICO,2012-04-11,22:55:10.0,18.229,-102.689,19.0,1.251e+19,6.665,324.0,21.0,116.0,116.0,71.0,81.0
FCTs_20120414_105619_DRAKE_PASSAGE,2012-04-14,10:56:19.0,-57.679,-65.308,11.0,2.705e+18,6.221,195.0,69.0,151.0,296.0,63.0,24.0
FCTs_20120414_192643_SUNDA_STRAIT__INDONESIA,2012-04-14,19:26:43.0,-6.81,105.457,44.0,5.795e+17,5.775,326.0,13.0,105.0,131.0,77.0,87.0
FCTs_20120414_220526_VANUATU_ISLANDS,2012-04-14,22:05:26.0,-18.972,168.741,11.0,3.453e+18,6.292,237.0,41.0,-108.0,81.0,51.0,-74.0
FCTs_20120415_055740_OFF_W_COAST_OF_NORTHERN_SUMATRA,2012-04-15,05:57:40.0,2.581,90.269,32.0,3.118e+18,6.263,15.0,73.0,-7.0,107.0,83.0,-163.0
FCTs_20120416_021750_SULAWESI__INDONESIA,2012-04-16,02:17:50.0,-2.64,121.855,11.0,7.438e+17,5.848,126.0,49.0,1.0,35.0,89.0,139.0
FCTs_20120416_112343_SOUTHERN_GREECE,2012-04-16,11:23:43.0,36.632,21.475,35.0,5.033e+17,5.735,318.0,9.0,90.0,138.0,81.0,90.0
FCTs_20120417_035015_NEAR_COAST_OF_CENTRAL_CHILE,2012-04-17,03:50:15.0,-32.625,-71.365,33.0,1.679e+19,6.75,352.0,27.0,87.0,175.0,63.0,91.0
FCTs_20120417_071349_EASTERN_NEW_GUINEA_REG.__P.N.G,2012-04-17,07:13:49.0,-5.462,147.117,206.0,2.961e+19,6.914,257.0,43.0,52.0,123.0,57.0,120.0
FCTs_20120417_190356_EAST_OF_SOUTH_SANDWICH_ISLANDS,2012-04-17,19:03:56.0,-59.016,-16.612,7.0,3.781e+18,6.318,253.0,60.0,-25.0,356.0,69.0,-148.0
FCTs_20120421_011652_IRIAN_JAYA_REGION__INDONESIA,2012-04-21,01:16:52.0,-1.617,134.276,10.0,9.468e+18,6.584,83.0,87.0,-13.0,174.0,77.0,-177.0
FCTs_20120428_100808_TONGA_ISLANDS,2012-04-28,10:08:08.0,-18.685,-174.705,137.0,1.4e+19,6.697,96.0,22.0,-63.0,248.0,70.0,-100.0
FCTs_20120501_224333_NEAR_COAST_OF_CHIAPAS__MEXICO,2012-05-01,22:43:33.0,14.376,-92.897,16.0,1.675e+18,6.083,294.0,32.0,90.0,114.0,58.0,90.0
FCTs_20120514_100040_PERU-BOLIVIA_BORDER_REGION,2012-05-14,10:00:40.0,-17.678,-69.591,110.0,3.323e+18,6.281,222.0,22.0,-4.0,316.0,88.0,-112.0
FCTs_20120519_083510_NEAR_COAST_OF_NORTHERN_CHILE,2012-05-19,08:35:10.0,-25.729,-70.562,34.0,7.755e+17,5.86,6.0,44.0,108.0,162.0,49.0,74.0
FCTs_20120519_190518_OFF_EAST_COAST_OF_HONSHU__JAPAN,2012-05-19,19:05:18.0,39.665,143.311,13.0,1.256e+18,5.999,180.0,17.0,69.0,23.0,74.0,96.0
FCTs_20120520_020352_NORTHERN_ITALY,2012-05-20,02:03:52.0,44.89,11.23,8.0,2.094e+18,6.147,121.0,30.0,95.0,295.0,60.0,87.0
FCTs_20120523_150225_HOKKAIDO__JAPAN_REGION,2012-05-23,15:02:25.0,41.335,142.082,48.0,1.097e+18,5.96,182.0,25.0,69.0,25.0,66.0,100.0
FCTs_20120524_224746_NORWEGIAN_SEA,2012-05-24,22:47:46.0,72.96,5.683,7.0,3.081e+18,6.259,62.0,36.0,-68.0,215.0,57.0,-105.0
FCTs_20120526_214810_BONIN_ISLANDS__JAPAN_REGION,2012-05-26,21:48:10.0,26.91,140.055,490.0,9.135e+17,5.907,112.0,49.0,-132.0,346.0,56.0,-52.0
FCTs_20120528_050723_SANTIAGO_DEL_ESTERO_PROV.__ARG,2012-05-28,05:07:23.0,-28.043,-63.094,590.0,1.313e+19,6.679,28.0,24.0,-44.0,159.0,74.0,-108.0
FCTs_20120528_214709_TONGA_ISLANDS,2012-05-28,21:47:09.0,-19.962,-175.976,224.0,6.95e+17,5.828,261.0,30.0,-24.0,12.0,78.0,-118.0
FCTs_20120529_070003_NORTHERN_ITALY,2012-05-29,07:00:03.0,44.851,11.086,8.0,1.057e+18,5.949,120.0,26.0,109.0,279.0,66.0,81.0
FCTs_20120604_004515_SOUTH_OF_PANAMA,2012-06-04,00:45:15.0,5.305,-82.629,12.0,2.06e+18,6.143,273.0,82.0,-13.0,5.0,77.0,-171.0
FCTs_20120604_031524_SOUTH_OF_PANAMA,2012-06-04,03:15:24.0,5.508,-82.563,6.0,4.733e+18,6.383,295.0,83.0,-26.0,29.0,65.0,-172.0
FCTs_20120604_111813_JAVA__INDONESIA,2012-06-04,11:18:13.0,-7.692,106.371,66.0,6.879e+17,5.825,258.0,25.0,56.0,114.0,70.0,104.0
FCTs_20120605_193133_OFF_EAST_COAST_OF_HONSHU__JAPAN,2012-06-05,19:31:33.0,34.943,141.132,11.0,3.18e+18,6.268,226.0,75.0,10.0,133.0,80.0,165.0
FCTs_20120607_090151_FIJI_ISLANDS_REGION,2012-06-07,09:01:51.0,-20.192,-176.34,285.0,6.333e+17,5.801,203.0,20.0,71.0,44.0,71.0,97.0
FCTs_20120607_160318_SOUTHERN_PERU,2012-06-07,16:03:18.0,-15.877,-72.413,108.0,1.747e+18,6.095,110.0,43.0,178.0,201.0,89.0,47.0
FCTs_20120609_210018_TAIWAN_REGION,2012-06-09,21:00:18.0,24.572,122.248,76.0,8.663e+17,5.892,36.0,43.0,134.0,163.0,61.0,57.0
FCTs_20120610_124416_DODECANESE_ISLANDS__GREECE,2012-06-10,12:44:16.0,36.42,28.88,36.0,1.683e+18,6.084,206.0,77.0,-4.0,296.0,87.0,-167.0
FCTs_20120617_203220_NEAR_EAST_COAST_OF_HONSHU__JAPAN,2012-06-17,20:32:20.0,38.919,141.831,46.0,3.775e+18,6.318,192.0,22.0,78.0,25.0,69.0,95.0
FCTs_20120619_155632_NEAR_ISLANDS__ALEUTIAN_ISLANDS,2012-06-19,15:56:32.0,53.351,171.619,23.0,1.263e+18,6.001,24.0,82.0,-21.0,117.0,70.0,-171.0
FCTs_20120623_043453_NORTHERN_SUMATRA__INDONESIA,2012-06-23,04:34:53.0,3.009,97.896,92.0,1.597e+18,6.069,47.0,23.0,168.0,147.0,85.0,67.0
FCTs_20120624_031501_NEAR_EAST_COAST_OF_KAMCHATKA,2012-06-24,03:15:01.0,57.601,163.195,10.0,1.878e+18,6.116,180.0,18.0,77.0,14.0,73.0,94.0
FCTs_20120629_153146_SOUTH_ATLANTIC_OCEAN,2012-06-29,15:31:46.0,-24.747,-9.663,8.0,6.037e+17,5.787,170.0,44.0,106.0,329.0,48.0,76.0
FCTs_20120629_210733_NORTHERN_XINJIANG__CHINA,2012-06-29,21:07:33.0,43.433,84.7,20.0,2.878e+18,6.239,40.0,67.0,34.0,296.0,59.0,153.0
FCTs_20120703_103615_COOK_STRAIT__NEW_ZEALAND,2012-07-03,10:36:15.0,-40.023,173.756,238.0,3.888e+18,6.326,26.0,18.0,170.0,126.0,87.0,73.0
FCTs_20120706_022822_VANUATU_ISLANDS,2012-07-06,02:28:22.0,-14.657,167.34,166.0,4.838e+18,6.39,319.0,46.0,69.0,168.0,48.0,111.0
FCTs_20120708_113302_KURIL_ISLANDS,2012-07-08,11:33:02.0,45.497,151.288,18.0,1.888e+18,6.117,235.0,25.0,109.0,34.0,66.0,81.0
FCTs_20120712_125158_KURIL_ISLANDS,2012-07-12,12:51:58.0,45.452,151.665,11.0,1.041e+18,5.945,248.0,18.0,117.0,40.0,74.0,82.0
FCTs_20120718_080946_FIJI_ISLANDS_REGION,2012-07-18,08:09:46.0,-20.872,-178.508,553.0,9.701e+17,5.925,206.0,24.0,-109.0,47.0,68.0,-82.0
FCTs_20120720_061025_KURIL_ISLANDS,2012-07-20,06:10:25.0,49.407,155.907,25.0,1.342e+18,6.019,229.0,22.0,101.0,37.0,68.0,86.0
FCTs_20120725_002745_NORTHERN_SUMATRA__INDONESIA,2012-07-25,00:27:45.0,2.707,96.045,16.0,7.654e+18,6.523,309.0,16.0,88.0,132.0,74.0,91.0
FCTs_20120725_112027_SOLOMON_ISLANDS,2012-07-25,11:20:27.0,-9.694,159.727,23.0,3.85e+18,6.324,353.0,21.0,166.0,96.0,85.0,69.0
FCTs_20120726_053333_MAURITIUS_-_REUNION_REGION,2012-07-26,05:33:33.0,-17.592,66.391,14.0,1.247e+19,6.664,327.0,87.0,-175.0,237.0,85.0,-3.0
FCTs_20120728_200356_NEW_IRELAND_REGION__P.N.G,2012-07-28,20:03:56.0,-4.651,153.173,54.0,7.934e+18,6.533,279.0,33.0,109.0,77.0,59.0,78.0
FCTs_20120729_122211_NEAR_COAST_OF_CHIAPAS__MEXICO,2012-07-29,12:22:11.0,14.191,-92.294,24.0,6.388e+17,5.804,292.0,37.0,89.0,113.0,53.0,91.0
FCTs_20120802_093830_PERU-BRAZIL_BORDER_REGION,2012-08-02,09:38:30.0,-8.414,-74.259,150.0,1.321e+18,6.014,217.0,22.0,-73.0,19.0,69.0,-97.0
FCTs_20120805_135510_FIJI_ISLANDS_REGION,2012-08-05,13:55:10.0,-21.15,-178.358,499.0,5.072e+17,5.737,193.0,24.0,-116.0,41.0,68.0,-79.0
FCTs_20120808_105744_FIJI_ISLANDS,2012-08-08,10:57:44.0,-16.02,178.062,8.0,1.252e+18,5.998,352.0,68.0,-139.0,244.0,53.0,-28.0
FCTs_20120810_183743_FOX_ISLANDS__ALEUTIAN_ISLANDS,2012-08-10,18:37:43.0,52.633,-167.421,16.0,4.986e+18,6.399,229.0,17.0,84.0,55.0,73.0,92.0
FCTs_20120811_122318_ARMENIA-AZERBAIJAN-IRAN_BORD_REG,2012-08-11,12:23:18.0,38.329,46.826,6.0,5.268e+18,6.414,86.0,82.0,175.0,177.0,85.0,8.0
FCTs_20120812_104706_XIZANG,2012-08-12,10:47:06.0,35.661,82.518,14.0,1.724e+18,6.091,197.0,43.0,-81.0,4.0,48.0,-99.0
FCTs_20120814_025938_SEA_OF_OKHOTSK,2012-08-14,02:59:38.0,49.8,145.064,623.0,4.802e+20,7.721,14.0,34.0,48.0,241.0,65.0,115.0
FCTs_20120818_094152_SULAWESI__INDONESIA,2012-08-18,09:41:52.0,-1.315,120.096,12.0,5.262e+18,6.414,342.0,80.0,9.0,250.0,81.0,170.0
FCTs_20120818_153140_HALMAHERA__INDONESIA,2012-08-18,15:31:40.0,2.645,128.697,14.0,8.255e+17,5.878,121.0,22.0,-102.0,314.0,68.0,-85.0
FCTs_20120819_224149_NEAR_N_COAST_OF_NEW_GUINEA__PNG,2012-08-19,22:41:49.0,-4.766,144.57,75.0,3.342e+18,6.283,270.0,25.0,81.0,100.0,65.0,94.0
FCTs_20120827_043719_OFF_COAST_OF_CENTRAL_AMERICA,2012-08-27,04:37:19.0,12.139,-88.59,12.0,1.715e+20,7.423,279.0,15.0,70.0,119.0,76.0,95.0
FCTs_20120830_134325_JAN_MAYEN_ISLAND_REGION,2012-08-30,13:43:25.0,71.441,-10.605,19.0,1.923e+19,6.789,111.0,78.0,4.0,20.0,87.0,168.0
FCTs_20120831_124733_PHILIPPINE_ISLANDS_REGION,2012-08-31,12:47:33.0,10.811,126.638,36.0,3.219e+20,7.605,350.0,40.0,71.0,194.0,52.0,105.0
FCTs_20120903_064949_MINDANAO__PHILIPPINES,2012-09-03,06:49:49.0,6.61,123.875,14.0,9.278e+17,5.912,13.0,20.0,107.0,175.0,71.0,84.0
FCTs_20120903_182305_SOUTH_OF_JAVA__INDONESIA,2012-09-03,18:23:05.0,-10.708,113.931,18.0,3.392e+18,6.287,120.0,40.0,-71.0,275.0,53.0,-105.0
FCTs_20120905_130910_SANTA_CRUZ_ISLANDS,2012-09-05,13:09:10.0,-12.476,166.513,31.0,1.506e+18,6.052,133.0,46.0,-118.0,351.0,50.0,-64.0
FCTs_20120905_144207_COSTA_RICA,2012-09-05,14:42:07.0,10.085,-85.315,29.0,2.417e+20,7.522,298.0,24.0,87.0,122.0,66.0,91.0
FCTs_20120908_105144_IRIAN_JAYA_REGION__INDONESIA,2012-09-08,10:51:44.0,-3.177,135.109,29.0,1.197e+18,5.986,221.0,67.0,49.0,107.0,46.0,147.0
FCTs_20120909_053937_KURIL_ISLANDS,2012-09-09,05:39:37.0,49.247,155.75,45.0,1.009e+18,5.936,222.0,35.0,95.0,36.0,55.0,87.0
FCTs_20120911_163649_SOUTH_OF_MARIANA_ISLANDS,2012-09-11,16:36:49.0,11.838,143.218,9.0,1.718e+18,6.09,237.0,23.0,70.0,78.0,68.0,98.0
FCTs_20120914_045147_SOUTHERN_SUMATRA__INDONESIA,2012-09-14,04:51:47.0,-3.319,100.594,25.0,3.521e+18,6.298,308.0,15.0,93.0,126.0,75.0,89.0
FCTs_20120925_234524_BAJA_CALIFORNIA__MEXICO,2012-09-25,23:45:24.0,24.666,-110.173,11.0,2.576e+18,6.207,331.0,48.0,-117.0,189.0,49.0,-63.0
FCTs_20120926_233955_ANDREANOF_ISLANDS__ALEUTIAN_IS,2012-09-26,23:39:55.0,51.592,-178.295,16.0,4.592e+18,6.375,310.0,58.0,-139.0,195.0,56.0,-40.0
FCTs_20120930_163135_COLOMBIA,2012-09-30,16:31:35.0,1.929,-76.362,174.0,9.434e+19,7.25,229.0,38.0,-112.0,77.0,55.0,-73.0
FCTs_20121001_222146_OFF_EAST_COAST_OF_HONSHU__JAPAN,2012-10-01,22:21:46.0,39.808,143.099,15.0,2.556e+18,6.205,187.0,17.0,71.0,26.0,74.0,96.0
FCTs_20121008_114331_BANDA_SEA,2012-10-08,11:43:31.0,-4.472,129.129,8.0,1.983e+18,6.132,307.0,44.0,90.0,126.0,46.0,90.0
FCTs_20121012_003128_IRIAN_JAYA_REGION__INDONESIA,2012-10-12,00:31:28.0,-4.892,134.03,21.0,1.096e+19,6.626,25.0,41.0,-68.0,176.0,52.0,-108.0
FCTs_20121017_044230_CELEBES_SEA,2012-10-17,04:42:30.0,4.232,124.52,336.0,1.411e+18,6.033,153.0,47.0,-135.0,29.0,59.0,-53.0
FCTs_20121020_230032_VANUATU_ISLANDS,2012-10-20,23:00:32.0,-13.552,166.564,40.0,3.176e+18,6.268,226.0,37.0,129.0,360.0,62.0,64.0
FCTs_20121023_085338_SOUTHEAST_OF_HONSHU__JAPAN,2012-10-23,08:53:38.0,29.057,139.251,454.0,8.646e+17,5.891,75.0,29.0,-163.0,330.0,82.0,-62.0
FCTs_20121024_004532_COSTA_RICA,2012-10-24,00:45:32.0,10.086,-85.298,20.0,4.682e+18,6.38,305.0,22.0,90.0,125.0,68.0,90.0
FCTs_20121028_030408_QUEEN_CHARLOTTE_ISLANDS_REGION,2012-10-28,03:04:08.0,52.788,-132.101,12.0,5.675e+20,7.769,333.0,27.0,127.0,113.0,69.0,73.0
FCTs_20121028_185420_QUEEN_CHARLOTTE_ISLANDS_REGION,2012-10-28,18:54:20.0,52.674,-132.602,8.0,4.027e+18,6.337,312.0,43.0,-110.0,159.0,50.0,-72.0
FCTs_20121030_024902_QUEEN_CHARLOTTE_ISLANDS_REGION,2012-10-30,02:49:02.0,52.365,-131.902,7.0,2.037e+18,6.139,305.0,44.0,-107.0,148.0,48.0,-74.0
FCTs_20121102_181732_MINDANAO__PHILIPPINES,2012-11-02,18:17:32.0,9.212,126.158,43.0,1.683e+18,6.084,170.0,43.0,80.0,4.0,48.0,99.0
FCTs_20121107_163546_NEAR_COAST_OF_GUATEMALA,2012-11-07,16:35:46.0,13.963,-91.854,29.0,1.188e+20,7.317,301.0,36.0,92.0,119.0,54.0,88.0
FCTs_20121110_145750_CENTRAL_PERU,2012-11-10,14:57:50.0,-8.866,-75.071,124.0,1.22e+18,5.991,18.0,37.0,-87.0,194.0,53.0,-93.0
FCTs_20121111_011238_MYANMAR,2012-11-11,01:12:38.0,23.005,95.885,30.0,2.307e+19,6.842,0.0,71.0,-177.0,269.0,88.0,-19.0
FCTs_20121111_105441_MYANMAR,2012-11-11,10:54:41.0,22.72,95.832,6.0,6.003e+17,5.786,265.0,78.0,-25.0,0.0,65.0,-167.0
FCTs_20121111_221459_NEAR_COAST_OF_CHIAPAS__MEXICO,2012-11-11,22:14:59.0,14.129,-92.164,25.0,4.903e+18,6.394,289.0,26.0,86.0,113.0,64.0,92.0
FCTs_20121112_204214_GULF_OF_ALASKA,2012-11-12,20:42:14.0,57.792,-142.855,5.0,4.579e+18,6.374,83.0,81.0,-26.0,178.0,64.0,-170.0
FCTs_20121114_190206_NEAR_COAST_OF_CENTRAL_CHILE,2012-11-14,19:02:06.0,-29.118,-71.19,63.0,1.935e+18,6.124,246.0,18.0,-30.0,5.0,81.0,-106.0
FCTs_20121116_181239_KURIL_ISLANDS,2012-11-16,18:12:39.0,49.28,155.425,32.0,8.558e+18,6.555,219.0,33.0,90.0,39.0,57.0,90.0
FCTs_20121117_051256_TONGA_ISLANDS_REGION,2012-11-17,05:12:56.0,-18.381,-172.32,9.0,1.182e+18,5.982,22.0,34.0,-82.0,192.0,56.0,-96.0
FCTs_20121119_094434_NEW_BRITAIN_REGION__P.N.G,2012-11-19,09:44:34.0,-5.705,151.602,14.0,1.618e+18,6.073,242.0,26.0,-71.0,40.0,65.0,-99.0
FCTs_20121122_130710_SALTA_PROVINCE__ARGENTINA,2012-11-22,13:07:10.0,-22.742,-63.571,538.0,8.403e+17,5.883,75.0,44.0,-18.0,179.0,77.0,-132.0
FCTs_20121205_170813_NORTHERN_AND_CENTRAL_IRAN,2012-12-05,17:08:13.0,33.506,59.571,9.0,3.984e+17,5.667,344.0,67.0,134.0,96.0,49.0,32.0
FCTs_20121207_081823_OFF_EAST_COAST_OF_HONSHU__JAPAN,2012-12-07,08:18:23.0,37.89,143.949,44.0,7.451e+19,7.181,6.0,39.0,102.0,170.0,52.0,80.0
FCTs_20121207_181906_NORTH_ISLAND__NEW_ZEALAND,2012-12-07,18:19:06.0,-38.471,176.099,173.0,4.22e+18,6.35,191.0,29.0,34.0,71.0,74.0,115.0
FCTs_20121210_165308_BANDA_SEA,2012-12-10,16:53:08.0,-6.533,129.825,162.0,6.167e+19,7.127,302.0,43.0,170.0,40.0,83.0,47.0
FCTs_20121214_103601_OFF_W._COAST_OF_BAJA_CALIFORNIA,2012-12-14,10:36:01.0,31.095,-119.66,16.0,3.6e+18,6.304,201.0,39.0,-107.0,43.0,53.0,-77.0
FCTs_20121215_044929_NEAR_ISLANDS__ALEUTIAN_ISLANDS,2012-12-15,04:49:29.0,52.291,174.011,30.0,1.098e+18,5.961,289.0,30.0,131.0,64.0,68.0,69.0
FCTs_20121215_193002_NEW_IRELAND_REGION__P.N.G,2012-12-15,19:30:02.0,-4.632,153.016,55.0,1.897e+18,6.119,275.0,36.0,99.0,85.0,55.0,84.0
FCTs_20121217_091630_MINAHASSA_PENINSULA__SULAWESI,2012-12-17,09:16:30.0,-0.649,123.807,35.0,2.01e+18,6.135,104.0,51.0,-17.0,205.0,77.0,-140.0
FCTs_20121221_222808_VANUATU_ISLANDS,2012-12-21,22:28:08.0,-14.344,167.286,200.0,1.603e+19,6.737,177.0,42.0,105.0,336.0,50.0,77.0
FCTs_20121227_003708_OFF_COAST_OF_CENTRAL_CHILE,2012-12-27,00:37:08.0,-35.782,-73.255,8.0,1.418e+18,6.034,6.0,16.0,88.0,188.0,74.0,91.0
FCTs_20130105_085819_SOUTHEASTERN_ALASKA,2013-01-05,08:58:19.0,55.394,-134.65,16.0,2.107e+20,7.482,245.0,85.0,-15.0,336.0,76.0,-175.0
FCTs_20130109_014153_MYANMAR-INDIA_BORDER_REGION,2013-01-09,01:41:53.0,25.332,95.05,91.0,7.852e+17,5.863,288.0,40.0,70.0,134.0,53.0,106.0
FCTs_20130121_222252_NORTHERN_SUMATRA__INDONESIA,2013-01-21,22:22:52.0,4.966,95.856,12.0,1.821e+18,6.107,311.0,74.0,-177.0,220.0,87.0,-16.0
FCTs_20130128_163853_LAKE_ISSYK-KUL_REGION,2013-01-28,16:38:53.0,42.605,79.708,17.0,1.352e+18,6.021,237.0,84.0,12.0,146.0,78.0,174.0
FCTs_20130130_201543_CENTRAL_CHILE,2013-01-30,20:15:43.0,-28.08,-70.621,46.0,1.748e+19,6.762,33.0,35.0,114.0,184.0,58.0,74.0
FCTs_20130131_033343_SANTA_CRUZ_ISLANDS,2013-01-31,03:33:43.0,-10.628,166.382,11.0,2.134e+18,6.153,154.0,45.0,-76.0,315.0,47.0,-103.0
FCTs_20130131_095343_SOUTHEASTERN_ALASKA,2013-01-31,09:53:43.0,55.584,-134.745,7.0,8.301e+17,5.879,267.0,46.0,-37.0,25.0,64.0,-130.0
FCTs_20130201_053641_SANTA_CRUZ_ISLANDS,2013-02-01,05:36:41.0,-11.104,165.532,23.0,1.33e+18,6.016,304.0,20.0,63.0,152.0,72.0,99.0
FCTs_20130201_221634_SANTA_CRUZ_ISLANDS,2013-02-01,22:16:34.0,-10.896,165.379,28.0,4.666e+18,6.379,317.0,15.0,75.0,152.0,76.0,94.0
FCTs_20130202_141735_HOKKAIDO__JAPAN_REGION,2013-02-02,14:17:35.0,42.758,143.106,107.0,3.217e+19,6.938,221.0,1.0,41.0,91.0,90.0,90.0
FCTs_20130206_000722_SANTA_CRUZ_ISLANDS,2013-02-06,00:07:22.0,-10.865,165.248,7.0,2.472e+18,6.195,15.0,48.0,141.0,133.0,62.0,49.0
FCTs_20130206_011227_SANTA_CRUZ_ISLANDS,2013-02-06,01:12:27.0,-10.738,165.138,30.0,9.062e+20,7.905,302.0,27.0,51.0,165.0,70.0,108.0
FCTs_20130207_003010_SANTA_CRUZ_ISLANDS_REGION,2013-02-07,00:30:10.0,-11.658,164.94,7.0,1.097e+18,5.96,138.0,36.0,-102.0,332.0,54.0,-82.0
FCTs_20130207_185916_SANTA_CRUZ_ISLANDS,2013-02-07,18:59:16.0,-11.001,165.658,16.0,2.429e+19,6.857,265.0,59.0,-180.0,175.0,90.0,-31.0
FCTs_20130208_111213_SANTA_CRUZ_ISLANDS,2013-02-08,11:12:13.0,-10.905,165.886,15.0,1.974e+19,6.797,70.0,77.0,176.0,161.0,86.0,13.0
FCTs_20130209_141607_COLOMBIA,2013-02-09,14:16:07.0,1.142,-77.4,156.0,4.492e+19,7.035,264.0,82.0,16.0,172.0,74.0,172.0
FCTs_20130209_210222_SANTA_CRUZ_ISLANDS,2013-02-09,21:02:22.0,-10.952,165.838,16.0,1.869e+19,6.781,255.0,63.0,170.0,349.0,81.0,27.0
FCTs_20130210_183932_SANTA_CRUZ_ISLANDS,2013-02-10,18:39:32.0,-10.959,165.459,17.0,1.485e+18,6.048,308.0,52.0,-49.0,74.0,53.0,-130.0
FCTs_20130214_131352_EASTERN_SIBERIA__RUSSIA,2013-02-14,13:13:52.0,67.582,142.564,12.0,1.033e+19,6.61,111.0,45.0,59.0,331.0,53.0,117.0
FCTs_20130216_043736_MINDANAO__PHILIPPINES,2013-02-16,04:37:36.0,5.812,125.748,116.0,2.76e+18,6.227,194.0,29.0,121.0,340.0,65.0,74.0
FCTs_20130222_120159_SANTIAGO_DEL_ESTERO_PROV.__ARG,2013-02-22,12:01:59.0,-27.993,-63.195,587.0,1.496e+18,6.05,6.0,19.0,-56.0,151.0,75.0,-101.0
FCTs_20130228_140550_KURIL_ISLANDS,2013-02-28,14:05:50.0,50.942,157.339,46.0,2.613e+19,6.878,210.0,32.0,86.0,35.0,59.0,93.0
FCTs_20130301_125352_KURIL_ISLANDS,2013-03-01,12:53:52.0,50.938,157.511,44.0,5.214e+18,6.411,226.0,34.0,99.0,36.0,57.0,84.0
FCTs_20130310_225151_NEW_BRITAIN_REGION__P.N.G,2013-03-10,22:51:51.0,-6.653,148.155,30.0,1.742e+19,6.761,85.0,57.0,-6.0,178.0,85.0,-147.0
FCTs_20130313_031253_EASTERN_SIBERIA__RUSSIA,2013-03-13,03:12:53.0,60.215,163.358,9.0,5.723e+17,5.772,175.0,51.0,124.0,308.0,50.0,56.0
FCTs_20130319_032900_SOUTH_SANDWICH_ISLANDS_REGION,2013-03-19,03:29:00.0,-58.915,-24.409,27.0,9.315e+17,5.913,102.0,40.0,57.0,322.0,57.0,115.0
FCTs_20130324_041833_EAST_OF_KURIL_ISLANDS,2013-03-24,04:18:33.0,50.731,160.159,9.0,1.522e+18,6.055,54.0,42.0,-82.0,223.0,48.0,-97.0
FCTs_20130325_230213_GUATEMALA,2013-03-25,23:02:13.0,14.596,-90.439,195.0,2.382e+18,6.185,265.0,25.0,43.0,135.0,73.0,109.0
FCTs_20130327_020320_TAIWAN,2013-03-27,02:03:20.0,23.827,121.221,19.0,1.291e+18,6.007,359.0,29.0,78.0,193.0,62.0,96.0
FCTs_20130401_185318_OFF_EAST_COAST_OF_HONSHU__JAPAN,2013-04-01,18:53:18.0,39.516,143.208,22.0,1.653e+18,6.079,169.0,15.0,55.0,25.0,78.0,99.0
FCTs_20130405_130002_E._RUSSIA-N.E._CHINA_BORDER_REG,2013-04-05,13:00:02.0,42.713,131.105,585.0,3.396e+18,6.287,286.0,12.0,20.0,176.0,86.0,102.0
FCTs_20130406_044235_IRIAN_JAYA__INDONESIA,2013-04-06,04:42:35.0,-3.513,138.477,73.0,3.72e+19,6.98,346.0,51.0,-128.0,217.0,52.0,-53.0
FCTs_20130409_115250_SOUTHERN_IRAN,2013-04-09,11:52:50.0,28.5,51.591,14.0,2.847e+18,6.236,164.0,43.0,125.0,299.0,56.0,61.0
FCTs_20130410_202026_PHILIPPINE_ISLANDS_REGION,2013-04-10,20:20:26.0,20.819,122.12,6.0,1.301e+18,6.01,215.0,29.0,107.0,16.0,63.0,81.0
FCTs_20130412_203317_NEAR_S._COAST_OF_WESTERN_HONSHU,2013-04-12,20:33:17.0,34.369,134.835,14.0,7.098e+17,5.834,344.0,32.0,78.0,178.0,59.0,97.0
FCTs_20130414_013222_SOLOMON_ISLANDS,2013-04-14,01:32:22.0,-6.475,154.607,34.0,7.336e+18,6.51,304.0,33.0,86.0,129.0,57.0,93.0
FCTs_20130416_104420_SOUTHWESTERN_PAKISTAN,2013-04-16,10:44:20.0,28.107,62.053,73.0,4.273e+20,7.687,79.0,29.0,-66.0,233.0,64.0,-102.0
FCTs_20130416_225527_NEAR_N_COAST_OF_NEW_GUINEA__PNG,2013-04-16,22:55:27.0,-3.218,142.543,14.0,9.838e+18,6.595,103.0,40.0,35.0,344.0,68.0,124.0
FCTs_20130417_120334_NEAR_EAST_COAST_OF_HONSHU__JAPAN,2013-04-17,12:03:34.0,38.478,141.458,57.0,9.682e+17,5.924,200.0,25.0,89.0,20.0,65.0,90.0
FCTs_20130419_030552_KURIL_ISLANDS,2013-04-19,03:05:52.0,46.224,150.783,105.0,8.886e+19,7.232,144.0,25.0,-8.0,241.0,87.0,-115.0
FCTs_20130419_195841_EAST_OF_KURIL_ISLANDS,2013-04-19,19:58:41.0,49.958,157.663,16.0,2.586e+18,6.208,222.0,21.0,97.0,35.0,69.0,87.0
FCTs_20130420_000247_SICHUAN__CHINA,2013-04-20,00:02:47.0,30.308,102.888,20.0,1.082e+19,6.623,217.0,42.0,102.0,21.0,49.0,80.0
FCTs_20130420_131250_KURIL_ISLANDS,2013-04-20,13:12:50.0,50.105,157.165,18.0,2.248e+18,6.168,225.0,23.0,98.0,36.0,67.0,87.0
FCTs_20130421_032216_SOUTHEAST_OF_HONSHU__JAPAN,2013-04-21,03:22:16.0,29.933,138.887,443.0,1.892e+18,6.118,283.0,51.0,-46.0,46.0,56.0,-131.0
FCTs_20130422_011633_GUERRERO__MEXICO,2013-04-22,01:16:33.0,18.127,-101.908,33.0,9.077e+17,5.905,152.0,29.0,104.0,316.0,62.0,82.0
FCTs_20130423_231442_NEW_IRELAND_REGION__P.N.G,2013-04-23,23:14:42.0,-3.913,152.12,8.0,1.126e+19,6.634,311.0,74.0,9.0,218.0,82.0,164.0
FCTs_20130426_065328_KERMADEC_ISLANDS_REGION,2013-04-26,06:53:28.0,-28.736,-178.916,368.0,2.125e+18,6.152,121.0,35.0,175.0,215.0,87.0,56.0
FCTs_20130430_062523_AZORES_ISLANDS__PORTUGAL,2013-04-30,06:25:23.0,37.655,-25.007,8.0,8.967e+17,5.902,104.0,44.0,-126.0,330.0,56.0,-60.0
FCTs_20130511_020808_SOUTHERN_IRAN,2013-05-11,02:08:08.0,26.56,57.77,17.0,3.246e+18,6.274,342.0,72.0,-177.0,251.0,87.0,-18.0
FCTs_20130511_204657_TONGA_ISLANDS,2013-05-11,20:46:57.0,-17.954,-175.099,245.0,4.194e+18,6.348,253.0,30.0,-46.0,24.0,69.0,-112.0
FCTs_20130514_003225_MARIANA_ISLANDS,2013-05-14,00:32:25.0,18.728,145.287,626.0,2.222e+19,6.831,122.0,70.0,-138.0,15.0,51.0,-26.0
FCTs_20130518_054759_NEAR_EAST_COAST_OF_HONSHU__JAPAN,2013-05-18,05:47:59.0,37.739,141.471,46.0,1.517e+18,6.054,216.0,25.0,98.0,28.0,65.0,86.0
FCTs_20130519_184410_OFF_EAST_COAST_OF_KAMCHATKA,2013-05-19,18:44:10.0,52.226,160.224,15.0,2.275e+18,6.171,210.0,17.0,85.0,35.0,73.0,91.0
FCTs_20130521_015505_OFF_EAST_COAST_OF_KAMCHATKA,2013-05-21,01:55:05.0,52.469,160.486,15.0,2.367e+18,6.183,223.0,18.0,97.0,35.0,72.0,88.0
FCTs_20130521_054321_OFF_EAST_COAST_OF_KAMCHATKA,2013-05-21,05:43:21.0,52.307,159.986,33.0,2.532e+18,6.202,225.0,22.0,91.0,44.0,68.0,89.0
FCTs_20130523_171904_SOUTH_OF_FIJI_ISLANDS,2013-05-23,17:19:04.0,-23.025,-177.109,183.0,1.742e+20,7.427,172.0,13.0,-113.0,15.0,78.0,-85.0
FCTs_20130524_054449_SEA_OF_OKHOTSK,2013-05-24,05:44:49.0,54.874,153.281,630.0,3.689e+21,8.311,192.0,11.0,-92.0,14.0,79.0,-90.0
FCTs_20130527_033630_OWEN_FRACTURE_ZONE_REGION,2013-05-27,03:36:30.0,14.553,53.892,11.0,8.795e+17,5.896,298.0,75.0,-5.0,29.0,85.0,-165.0
FCTs_20130602_054303_TAIWAN,2013-06-02,05:43:03.0,23.794,121.133,16.0,3.579e+18,6.303,11.0,27.0,87.0,194.0,63.0,92.0
FCTs_20130605_044726_SANTA_CRUZ_ISLANDS,2013-06-05,04:47:26.0,-11.401,166.299,45.0,1.666e+18,6.081,156.0,43.0,91.0,334.0,47.0,89.0
FCTs_20130607_163803_TAIWAN_REGION,2013-06-07,16:38:03.0,24.062,122.566,37.0,5.419e+17,5.756,286.0,26.0,125.0,68.0,69.0,74.0
FCTs_20130613_164723_SOUTH_OF_JAVA__INDONESIA,2013-06-13,16:47:23.0,-9.998,107.243,10.0,1.315e+19,6.679,127.0,48.0,-72.0,281.0,45.0,-109.0
FCTs_20130615_112034_SOUTH_OF_KERMADEC_ISLANDS,2013-06-15,11:20:34.0,-33.895,179.455,205.0,1.211e+18,5.989,211.0,26.0,114.0,4.0,66.0,79.0
FCTs_20130615_161100_CRETE__GREECE,2013-06-15,16:11:00.0,34.449,25.044,22.0,4.184e+18,6.348,274.0,7.0,85.0,99.0,83.0,91.0
FCTs_20130615_173429_NEAR_COAST_OF_NICARAGUA,2013-06-15,17:34:29.0,11.725,-86.975,38.0,6.219e+18,6.462,314.0,38.0,95.0,127.0,52.0,86.0
FCTs_20130616_051900_GUERRERO__MEXICO,2013-06-16,05:19:00.0,18.265,-99.095,53.0,5.839e+17,5.778,309.0,36.0,-77.0,113.0,55.0,-99.0
FCTs_20130616_213904_CRETE__GREECE,2013-06-16,21:39:04.0,34.27,25.114,22.0,2.066e+18,6.143,213.0,12.0,10.0,113.0,88.0,102.0
FCTs_20130624_220413_NORTHERN_MID-ATLANTIC_RIDGE,2013-06-24,22:04:13.0,10.701,-42.594,8.0,6.692e+18,6.484,273.0,60.0,171.0,7.0,83.0,30.0
FCTs_20130702_073702_NORTHERN_SUMATRA__INDONESIA,2013-07-02,07:37:02.0,4.698,96.687,6.0,1.379e+18,6.026,36.0,72.0,7.0,304.0,83.0,162.0
FCTs_20130703_034027_SOUTH_OF_ALEUTIAN_ISLANDS,2013-07-03,03:40:27.0,51.525,-166.941,7.0,5.559e+17,5.763,228.0,36.0,-116.0,78.0,58.0,-73.0
FCTs_20130704_171600_SOLOMON_ISLANDS,2013-07-04,17:16:00.0,-7.039,155.644,44.0,1.598e+18,6.069,294.0,46.0,72.0,139.0,47.0,108.0
FCTs_20130706_050506_SOUTHERN_SUMATRA__INDONESIA,2013-07-06,05:05:06.0,-3.249,100.567,24.0,2.383e+18,6.185,334.0,15.0,117.0,127.0,76.0,83.0
FCTs_20130707_183530_NEW_IRELAND_REGION__P.N.G,2013-07-07,18:35:30.0,-3.923,153.92,378.0,1.351e+20,7.354,163.0,45.0,-76.0,323.0,46.0,-104.0
FCTs_20130715_140343_SOUTH_SANDWICH_ISLANDS_REGION,2013-07-15,14:03:43.0,-60.868,-25.144,12.0,2.06e+20,7.476,93.0,74.0,-11.0,186.0,79.0,-164.0
FCTs_20130716_093554_SOLOMON_ISLANDS,2013-07-16,09:35:54.0,-6.308,154.782,50.0,1.085e+18,5.957,142.0,44.0,104.0,303.0,47.0,77.0
FCTs_20130721_050931_COOK_STRAIT__NEW_ZEALAND,2013-07-21,05:09:31.0,-41.713,174.443,15.0,8.065e+18,6.538,231.0,63.0,159.0,331.0,72.0,29.0
FCTs_20130721_234556_GANSU__CHINA,2013-07-21,23:45:56.0,34.499,104.243,8.0,1.18e+18,5.981,193.0,54.0,148.0,303.0,65.0,41.0
FCTs_20130722_070142_PRINCE_EDWARD_ISLANDS_REGION,2013-07-22,07:01:42.0,-46.042,34.826,10.0,3.331e+18,6.282,107.0,84.0,-13.0,198.0,77.0,-174.0
FCTs_20130724_033233_SOUTH_OF_FIJI_ISLANDS,2013-07-24,03:32:33.0,-23.132,-177.222,173.0,1.001e+18,5.934,240.0,14.0,-49.0,19.0,80.0,-99.0
FCTs_20130726_070715_VANUATU_ISLANDS,2013-07-26,07:07:15.0,-15.379,167.689,139.0,1.653e+18,6.079,334.0,43.0,58.0,194.0,54.0,116.0
FCTs_20130726_213259_SOUTH_SANDWICH_ISLANDS_REGION,2013-07-26,21:32:59.0,-57.915,-23.841,16.0,3.767e+18,6.317,327.0,80.0,151.0,63.0,61.0,11.0
FCTs_20130801_200143_TONGA_ISLANDS,2013-08-01,20:01:43.0,-15.244,-173.501,47.0,1.189e+18,5.984,147.0,14.0,114.0,303.0,77.0,84.0
FCTs_20130804_032850_NEAR_EAST_COAST_OF_HONSHU__JAPAN,2013-08-04,03:28:50.0,38.213,141.862,57.0,6.5e+17,5.809,8.0,38.0,95.0,182.0,52.0,86.0
FCTs_20130804_155635_SEA_OF_OKHOTSK,2013-08-04,15:56:35.0,46.993,145.258,383.0,6.7e+17,5.817,326.0,38.0,7.0,230.0,86.0,128.0
FCTs_20130812_005343_BANDA_SEA,2013-08-12,00:53:43.0,-7.135,129.809,102.0,1.967e+18,6.129,287.0,29.0,120.0,74.0,65.0,75.0
FCTs_20130812_041647_KERMADEC_ISLANDS_REGION,2013-08-12,04:16:47.0,-30.628,-179.678,359.0,1.967e+18,6.129,40.0,57.0,-50.0,163.0,50.0,-135.0
FCTs_20130812_094932_NEAR_COAST_OF_NORTHERN_PERU,2013-08-12,09:49:32.0,-5.396,-81.927,8.0,1.927e+18,6.123,184.0,32.0,-75.0,346.0,60.0,-99.0
FCTs_20130813_154315_SOUTH_OF_PANAMA,2013-08-13,15:43:15.0,5.773,-78.2,8.0,1.156e+19,6.642,116.0,58.0,-24.0,219.0,70.0,-145.0
FCTs_20130816_023105_COOK_STRAIT__NEW_ZEALAND,2013-08-16,02:31:05.0,-41.734,174.152,13.0,9.801e+18,6.594,329.0,79.0,31.0,233.0,60.0,168.0
FCTs_20130817_163231_SOUTHWEST_INDIAN_RIDGE,2013-08-17,16:32:31.0,-34.885,54.093,8.0,2.447e+18,6.192,271.0,76.0,-10.0,4.0,80.0,-166.0
FCTs_20130821_123829_NEAR_COAST_OF_GUERRERO__MEXICO,2013-08-21,12:38:29.0,16.878,-99.498,25.0,2.912e+18,6.243,300.0,22.0,89.0,122.0,68.0,91.0
FCTs_20130823_083406_NORTHERN_CHILE,2013-08-23,08:34:06.0,-22.274,-68.593,105.0,5.396e+17,5.755,226.0,22.0,-42.0,356.0,76.0,-107.0
FCTs_20130828_025441_KERMADEC_ISLANDS_REGION,2013-08-28,02:54:41.0,-27.783,179.633,502.0,2.718e+18,6.223,95.0,80.0,155.0,190.0,66.0,11.0
FCTs_20130830_021102_NEW_BRITAIN_REGION__P.N.G,2013-08-30,02:11:02.0,-4.441,151.611,211.0,7.627e+17,5.855,286.0,23.0,32.0,166.0,78.0,110.0
FCTs_20130830_162502_ANDREANOF_ISLANDS__ALEUTIAN_IS,2013-08-30,16:25:02.0,51.537,-175.23,25.0,4.13e+19,7.011,251.0,23.0,94.0,67.0,67.0,88.0
FCTs_20130831_063836_ANDREANOF_ISLANDS__ALEUTIAN_IS,2013-08-31,06:38:36.0,51.238,-174.941,20.0,1.361e+18,6.023,254.0,25.0,97.0,66.0,65.0,87.0
FCTs_20130901_115229_BANDA_SEA,2013-09-01,11:52:29.0,-7.44,128.221,122.0,8.788e+18,6.563,317.0,34.0,126.0,96.0,63.0,68.0
FCTs_20130902_043016_SOLOMON_ISLANDS,2013-09-02,04:30:16.0,-6.627,155.135,40.0,1.142e+18,5.972,314.0,41.0,82.0,144.0,49.0,97.0
FCTs_20130903_201906_QUEEN_CHARLOTTE_ISLANDS_REGION,2013-09-03,20:19:06.0,51.244,-130.397,6.0,1.733e+18,6.093,255.0,68.0,-14.0,350.0,77.0,-158.0
FCTs_20130904_001823_SOUTHEAST_OF_HONSHU__JAPAN,2013-09-04,00:18:23.0,29.938,138.833,423.0,7.489e+18,6.516,123.0,19.0,-125.0,339.0,75.0,-79.0
FCTs_20130904_023230_ANDREANOF_ISLANDS__ALEUTIAN_IS,2013-09-04,02:32:30.0,51.557,-174.767,22.0,8.916e+18,6.567,265.0,28.0,109.0,64.0,64.0,80.0
FCTs_20130905_040136_NORTHERN_MID-ATLANTIC_RIDGE,2013-09-05,04:01:36.0,15.184,-45.232,5.0,1.702e+18,6.087,191.0,77.0,10.0,99.0,81.0,167.0
FCTs_20130905_122915_OFF_COAST_OF_COSTA_RICA,2013-09-05,12:29:15.0,10.599,-86.1,21.0,5.522e+17,5.761,291.0,21.0,81.0,121.0,69.0,94.0
FCTs_20130906_113353_PHILIPPINE_ISLANDS_REGION,2013-09-06,11:33:53.0,20.172,122.319,190.0,1.108e+18,5.963,207.0,45.0,-128.0,75.0,56.0,-59.0
FCTs_20130907_001329_NEAR_COAST_OF_CHIAPAS__MEXICO,2013-09-07,00:13:29.0,14.606,-92.121,81.0,6.271e+18,6.465,227.0,5.0,3.0,134.0,90.0,95.0
FCTs_20130911_124413_CENTRAL_EAST_PACIFIC_RISE,2013-09-11,12:44:13.0,-4.547,-104.578,8.0,1.355e+18,6.021,278.0,76.0,12.0,185.0,78.0,166.0
FCTs_20130914_154246_ANDREANOF_ISLANDS__ALEUTIAN_IS,2013-09-14,15:42:46.0,51.439,-174.637,19.0,1.279e+18,6.005,262.0,28.0,103.0,67.0,63.0,83.0
FCTs_20130915_162137_ANDREANOF_ISLANDS__ALEUTIAN_IS,2013-09-15,16:21:37.0,51.575,-174.716,21.0,2.382e+18,6.185,259.0,28.0,104.0,63.0,63.0,83.0
FCTs_20130921_013915_FLORES_SEA,2013-09-21,01:39:15.0,-7.331,120.011,549.0,1.447e+18,6.04,121.0,42.0,-38.0,241.0,66.0,-125.0
FCTs_20130924_112947_PAKISTAN,2013-09-24,11:29:47.0,26.951,65.501,16.0,5.271e+20,7.748,222.0,61.0,-7.0,315.0,84.0,-150.0
FCTs_20130925_164243_NEAR_COAST_OF_PERU,2013-09-25,16:42:43.0,-15.839,-74.511,46.0,4.005e+19,7.002,306.0,35.0,78.0,141.0,56.0,98.0
FCTs_20130928_073406_PAKISTAN,2013-09-28,07:34:06.0,27.183,65.505,17.0,1.854e+19,6.779,215.0,63.0,24.0,114.0,69.0,151.0
FCTs_20130930_055555_KERMADEC_ISLANDS__NEW_ZEALAND,2013-09-30,05:55:55.0,-30.926,-178.323,44.0,5.457e+18,6.425,204.0,35.0,95.0,18.0,55.0,87.0
FCTs_20131001_033821_SEA_OF_OKHOTSK,2013-10-01,03:38:21.0,53.2,152.786,590.0,1.438e+19,6.705,288.0,39.0,-42.0,53.0,65.0,-121.0
FCTs_20131004_172613_MID-INDIAN_RIDGE,2013-10-04,17:26:13.0,-38.606,78.369,14.0,4.909e+18,6.394,218.0,79.0,-15.0,311.0,76.0,-168.0
FCTs_20131006_163808_SOUTH_OF_MARIANA_ISLANDS,2013-10-06,16:38:08.0,12.311,141.691,113.0,1.508e+18,6.052,265.0,16.0,54.0,122.0,77.0,100.0
FCTs_20131011_212500_KERMADEC_ISLANDS__NEW_ZEALAND,2013-10-11,21:25:00.0,-30.662,-178.484,160.0,2.717e+18,6.223,180.0,32.0,99.0,349.0,58.0,84.0
FCTs_20131012_021027_NEAR_COAST_OF_VENEZUELA,2013-10-12,02:10:27.0,10.905,-62.315,79.0,1.011e+18,5.937,296.0,15.0,130.0,75.0,78.0,80.0
FCTs_20131012_131153_CRETE__GREECE,2013-10-12,13:11:53.0,35.514,23.252,44.0,6.767e+18,6.487,336.0,14.0,127.0,118.0,79.0,82.0
FCTs_20131015_001232_MINDANAO__PHILIPPINES,2013-10-15,00:12:32.0,9.88,124.117,12.0,5.968e+19,7.117,24.0,48.0,58.0,246.0,51.0,121.0
FCTs_20131016_103058_SOLOMON_ISLANDS,2013-10-16,10:30:58.0,-6.446,154.931,42.0,2.654e+19,6.883,306.0,44.0,84.0,134.0,46.0,96.0
FCTs_20131019_175454_GULF_OF_CALIFORNIA,2013-10-19,17:54:54.0,26.091,-110.321,14.0,7.932e+18,6.533,131.0,82.0,177.0,221.0,87.0,8.0
FCTs_20131024_192510_EAST_OF_SOUTH_SANDWICH_ISLANDS,2013-10-24,19:25:10.0,-58.153,-12.796,31.0,1.417e+19,6.701,261.0,84.0,-16.0,352.0,74.0,-174.0
FCTs_20131025_171019_OFF_EAST_COAST_OF_HONSHU__JAPAN,2013-10-25,17:10:19.0,37.156,144.661,22.0,5.865e+19,7.112,168.0,39.0,-111.0,14.0,54.0,-74.0
FCTs_20131031_120208_TAIWAN,2013-10-31,12:02:08.0,23.59,121.437,21.0,3.738e+18,6.315,221.0,43.0,55.0,85.0,57.0,118.0
FCTs_20131031_230359_NEAR_COAST_OF_CENTRAL_CHILE,2013-10-31,23:03:59.0,-30.292,-71.521,33.0,7.073e+18,6.5,3.0,31.0,97.0,176.0,59.0,86.0
FCTs_20131102_155246_EASTER_ISLAND_REGION,2013-11-02,15:52:46.0,-23.636,-112.596,9.0,1.111e+18,5.964,99.0,41.0,-102.0,295.0,50.0,-80.0
FCTs_20131102_185346_TONGA_ISLANDS_REGION,2013-11-02,18:53:46.0,-19.171,-172.641,7.0,3.682e+18,6.311,8.0,38.0,-93.0,191.0,52.0,-88.0
FCTs_20131103_110338_CELEBES_SEA,2013-11-03,11:03:38.0,4.656,123.347,556.0,8.962e+17,5.902,274.0,19.0,-35.0,37.0,80.0,-105.0
FCTs_20131112_070351_NEAR_EAST_COAST_OF_KAMCHATKA,2013-11-12,07:03:51.0,54.686,162.302,48.0,3.508e+18,6.297,212.0,5.0,90.0,32.0,85.0,90.0
FCTs_20131116_033431_SCOTIA_SEA,2013-11-16,03:34:31.0,-60.263,-47.062,13.0,3.069e+19,6.925,90.0,61.0,-10.0,185.0,81.0,-151.0
FCTs_20131119_133251_HALMAHERA__INDONESIA,2013-11-19,13:32:51.0,2.64,128.434,49.0,2.147e+18,6.155,286.0,42.0,153.0,36.0,73.0,51.0
FCTs_20131122_183058_IRAN-IRAQ_BORDER_REGION,2013-11-22,18:30:58.0,34.308,45.611,15.0,3.933e+17,5.663,353.0,25.0,123.0,137.0,69.0,76.0
FCTs_20131123_074832_FIJI_ISLANDS_REGION,2013-11-23,07:48:32.0,-17.117,-176.545,397.0,6.705e+18,6.484,358.0,10.0,64.0,204.0,81.0,94.0
FCTs_20131125_055650_KURIL_ISLANDS,2013-11-25,05:56:50.0,45.561,151.005,35.0,1.153e+18,5.975,240.0,29.0,111.0,36.0,63.0,79.0
FCTs_20131125_062733_FALKLAND_ISLANDS_REGION,2013-11-25,06:27:33.0,-53.945,-55.003,14.0,4.277e+19,7.021,65.0,62.0,-6.0,158.0,85.0,-152.0
FCTs_20131128_135134_SOUTHERN_IRAN,2013-11-28,13:51:34.0,29.32,51.31,7.0,4.341e+17,5.692,14.0,20.0,161.0,121.0,84.0,71.0
FCTs_20131201_012413_BANDA_SEA,2013-12-01,01:24:13.0,-7.027,128.379,9.0,8.878e+18,6.566,95.0,41.0,124.0,234.0,57.0,64.0
FCTs_20131201_062957_NORTHERN_SUMATRA__INDONESIA,2013-12-01,06:29:57.0,2.044,96.826,24.0,1.952e+18,6.127,315.0,13.0,93.0,132.0,77.0,89.0
FCTs_20131208_172454_KURIL_ISLANDS,2013-12-08,17:24:54.0,44.444,149.167,33.0,1.083e+18,5.956,159.0,19.0,-6.0,255.0,88.0,-109.0
FCTs_20131217_233806_MARIANA_ISLANDS_REGION,2013-12-17,23:38:06.0,20.773,146.79,12.0,2.887e+18,6.24,321.0,37.0,-94.0,146.0,53.0,-87.0
FCTs_20131223_091227_SOUTH_OF_MARIANA_ISLANDS,2013-12-23,09:12:27.0,12.771,143.036,101.0,7.698e+17,5.858,313.0,39.0,-45.0,80.0,64.0,-120.0
FCTs_20140101_160329_VANUATU_ISLANDS,2014-01-01,16:03:29.0,-13.863,167.249,206.0,8.366e+18,6.548,180.0,45.0,109.0,334.0,48.0,72.0
FCTs_20140113_040103_PUERTO_RICO_REGION,2014-01-13,04:01:03.0,19.043,-66.81,20.0,4.443e+18,6.365,90.0,24.0,26.0,335.0,80.0,111.0
FCTs_20140120_025244_NORTH_ISLAND__NEW_ZEALAND,2014-01-20,02:52:44.0,-40.66,175.814,36.0,2.653e+18,6.216,68.0,20.0,-55.0,211.0,74.0,-102.0
FCTs_20140121_012907_TONGA_ISLANDS,2014-01-21,01:29:07.0,-15.144,-174.681,19.0,2.158e+18,6.156,196.0,74.0,168.0,289.0,78.0,16.0
FCTs_20140125_051418_JAVA__INDONESIA,2014-01-25,05:14:18.0,-7.985,109.265,71.0,2.302e+18,6.175,279.0,21.0,-98.0,107.0,70.0,-87.0
FCTs_20140201_035843_SOUTH_SANDWICH_ISLANDS_REGION,2014-02-01,03:58:43.0,-56.827,-27.339,134.0,1.852e+18,6.112,310.0,27.0,-25.0,62.0,79.0,-115.0
FCTs_20140202_092637_SOUTH_OF_KERMADEC_ISLANDS,2014-02-02,09:26:37.0,-32.908,-177.881,46.0,5.767e+18,6.441,39.0,37.0,88.0,221.0,53.0,91.0
FCTs_20140207_084013_VANUATU_ISLANDS,2014-02-07,08:40:13.0,-15.069,167.372,130.0,7.373e+18,6.512,359.0,44.0,75.0,199.0,48.0,104.0
FCTs_20140212_091949_XIZANG,2014-02-12,09:19:49.0,35.905,82.586,9.0,3.164e+19,6.933,242.0,78.0,-9.0,334.0,82.0,-167.0
FCTs_20140218_092713_NORTH_ATLANTIC_OCEAN,2014-02-18,09:27:13.0,14.668,-58.927,9.0,6.576e+18,6.479,210.0,44.0,-57.0,348.0,54.0,-118.0
FCTs_20140226_211340_FOX_ISLANDS__ALEUTIAN_ISLANDS,2014-02-26,21:13:40.0,53.605,-171.821,277.0,1.76e+18,6.097,227.0,24.0,11.0,127.0,86.0,113.0
FCTs_20140302_093754_NEAR_COAST_OF_NICARAGUA,2014-03-02,09:37:54.0,12.556,-87.688,63.0,2.889e+18,6.24,9.0,10.0,145.0,134.0,84.0,82.0
FCTs_20140302_201123_RYUKYU_ISLANDS__JAPAN,2014-03-02,20:11:23.0,27.431,127.367,124.0,6.3e+18,6.466,116.0,51.0,-152.0,8.0,69.0,-42.0
FCTs_20140305_095657_VANUATU_ISLANDS,2014-03-05,09:56:57.0,-14.738,169.823,670.0,4.262e+18,6.353,237.0,24.0,-172.0,139.0,87.0,-66.0
FCTs_20140310_003815_NEAR_COAST_OF_GUERRERO__MEXICO,2014-03-10,00:38:15.0,16.041,-98.336,9.0,9.173e+17,5.908,297.0,24.0,93.0,114.0,66.0,89.0
FCTs_20140310_051813_OFF_COAST_OF_NORTHERN_CALIFORNIA,2014-03-10,05:18:13.0,40.829,-125.134,10.0,4.231e+19,7.018,321.0,78.0,-169.0,228.0,79.0,-12.0
FCTs_20140311_024405_EAST_OF_SOUTH_SANDWICH_ISLANDS,2014-03-11,02:44:05.0,-60.862,-19.978,11.0,8.594e+18,6.556,264.0,80.0,3.0,174.0,87.0,170.0
FCTs_20140311_220309_BISMARCK_SEA,2014-03-11,22:03:09.0,-3.086,148.553,4.0,2.237e+18,6.167,113.0,87.0,-13.0,204.0,77.0,-176.0
FCTs_20140313_170650_KYUSHU__JAPAN,2014-03-13,17:06:50.0,33.684,131.825,81.0,4.27e+18,6.354,238.0,30.0,152.0,353.0,77.0,63.0
FCTs_20140315_085921_NEAR_COAST_OF_PERU,2014-03-15,08:59:21.0,-14.085,-76.311,22.0,2.086e+18,6.146,346.0,21.0,85.0,171.0,69.0,92.0
FCTs_20140315_235132_NEAR_COAST_OF_NORTHERN_PERU,2014-03-15,23:51:32.0,-5.575,-80.971,37.0,2.861e+18,6.238,195.0,33.0,110.0,352.0,59.0,78.0
FCTs_20140316_211629_NEAR_COAST_OF_NORTHERN_CHILE,2014-03-16,21:16:29.0,-19.981,-70.702,11.0,1.915e+19,6.788,282.0,21.0,58.0,136.0,72.0,102.0
FCTs_20140317_051134_NEAR_COAST_OF_NORTHERN_CHILE,2014-03-17,05:11:34.0,-20.017,-70.884,23.0,4.896e+18,6.393,358.0,14.0,105.0,162.0,76.0,86.0
FCTs_20140318_212645_NEAR_COAST_OF_NORTHERN_CHILE,2014-03-18,21:26:45.0,-19.926,-70.796,7.0,2.12e+18,6.151,352.0,15.0,89.0,173.0,75.0,90.0
FCTs_20140321_134109_NICOBAR_ISLANDS__INDIA_REGION,2014-03-21,13:41:09.0,7.745,94.334,11.0,9.644e+18,6.59,62.0,87.0,9.0,331.0,81.0,177.0
FCTs_20140322_125959_NEAR_COAST_OF_NORTHERN_CHILE,2014-03-22,12:59:59.0,-19.763,-70.874,13.0,4.435e+18,6.365,347.0,22.0,93.0,164.0,68.0,89.0
FCTs_20140323_182001_NEAR_COAST_OF_NORTHERN_CHILE,2014-03-23,18:20:01.0,-19.69,-70.854,24.0,3.053e+18,6.256,344.0,23.0,94.0,159.0,67.0,88.0
FCTs_20140326_032935_SOUTH_OF_FIJI_ISLANDS,2014-03-26,03:29:35.0,-26.169,179.288,518.0,3.75e+18,6.316,83.0,56.0,146.0,193.0,62.0,39.0
FCTs_20140327_034942_SANTA_CRUZ_ISLANDS,2014-03-27,03:49:42.0,-12.099,166.589,109.0,1.395e+18,6.03,328.0,40.0,78.0,163.0,51.0,100.0
FCTs_20140401_234647_NEAR_COAST_OF_NORTHERN_CHILE,2014-04-01,23:46:47.0,-19.61,-70.769,27.0,1.04e+21,7.945,352.0,23.0,97.0,164.0,67.0,87.0
FCTs_20140403_015830_NEAR_COAST_OF_NORTHERN_CHILE,2014-04-03,01:58:30.0,-20.311,-70.576,31.0,1.006e+19,6.602,343.0,26.0,86.0,168.0,64.0,92.0
FCTs_20140403_024313_NEAR_COAST_OF_NORTHERN_CHILE,2014-04-03,02:43:13.0,-20.571,-70.493,29.0,3.828e+20,7.655,346.0,26.0,91.0,165.0,64.0,90.0
FCTs_20140404_013750_NEAR_COAST_OF_NORTHERN_CHILE,2014-04-04,01:37:50.0,-20.643,-70.654,20.0,3.154e+18,6.266,351.0,28.0,101.0,158.0,62.0,84.0
FCTs_20140404_114032_SOLOMON_ISLANDS,2014-04-04,11:40:32.0,-10.536,161.703,68.0,8.149e+17,5.874,72.0,46.0,-19.0,175.0,77.0,-135.0
FCTs_20140411_070723_SOLOMON_ISLANDS,2014-04-11,07:07:23.0,-6.586,155.048,55.0,5.364e+19,7.086,304.0,43.0,83.0,134.0,48.0,97.0
FCTs_20140411_202912_NICARAGUA,2014-04-11,20:29:12.0,11.642,-85.878,138.0,1.103e+19,6.629,326.0,20.0,89.0,147.0,70.0,90.0
FCTs_20140412_052423_SOLOMON_ISLANDS,2014-04-12,05:24:23.0,-7.103,155.238,30.0,1.472e+18,6.045,289.0,27.0,71.0,130.0,65.0,99.0
FCTs_20140412_201439_SOLOMON_ISLANDS,2014-04-12,20:14:39.0,-11.27,162.148,27.0,2.712e+20,7.556,119.0,68.0,23.0,20.0,69.0,157.0
FCTs_20140413_123619_SOLOMON_ISLANDS,2014-04-13,12:36:19.0,-11.463,162.051,27.0,1.823e+20,7.441,88.0,40.0,69.0,294.0,53.0,107.0
FCTs_20140414_062947_SOLOMON_ISLANDS,2014-04-14,06:29:47.0,-11.24,161.876,12.0,1.091e+18,5.958,184.0,74.0,139.0,287.0,51.0,21.0
FCTs_20140415_035701_BOUVET_ISLAND_REGION,2014-04-15,03:57:01.0,-53.497,8.722,15.0,2.186e+19,6.826,309.0,79.0,-7.0,40.0,83.0,-169.0
FCTs_20140417_043817_CELEBES_SEA,2014-04-17,04:38:17.0,4.516,122.935,591.0,5.392e+17,5.755,248.0,20.0,-50.0,26.0,75.0,-103.0
FCTs_20140418_041312_SANTA_CRUZ_ISLANDS_REGION,2014-04-18,04:13:12.0,-11.139,164.814,11.0,1.9e+18,6.119,185.0,41.0,-82.0,355.0,50.0,-97.0
FCTs_20140418_142724_GUERRERO__MEXICO,2014-04-18,14:27:24.0,17.397,-100.972,24.0,9.405e+19,7.249,299.0,21.0,90.0,119.0,69.0,90.0
FCTs_20140419_010403_SOLOMON_ISLANDS,2014-04-19,01:04:03.0,-6.656,155.087,30.0,1.235e+19,6.661,303.0,39.0,79.0,137.0,52.0,99.0
FCTs_20140419_132800_SOLOMON_ISLANDS,2014-04-19,13:28:00.0,-6.755,155.024,39.0,1.769e+20,7.432,293.0,33.0,82.0,122.0,57.0,95.0
FCTs_20140420_001558_SOLOMON_ISLANDS,2014-04-20,00:15:58.0,-7.165,155.335,28.0,2.133e+18,6.153,305.0,30.0,76.0,141.0,61.0,98.0
FCTs_20140424_031010_VANCOUVER_ISLAND__CANADA_REGION,2014-04-24,03:10:10.0,49.639,-127.732,21.0,8.577e+18,6.556,158.0,81.0,161.0,251.0,71.0,9.0
FCTs_20140424_195158_SOUTH_OF_FIJI_ISLANDS,2014-04-24,19:51:58.0,-24.006,-176.667,73.0,9.134e+17,5.907,99.0,33.0,-133.0,328.0,67.0,-66.0
FCTs_20140426_060221_TONGA_ISLANDS,2014-04-26,06:02:21.0,-20.752,-174.707,54.0,1.85e+18,6.111,345.0,28.0,104.0,149.0,62.0,83.0
FCTs_20140501_063635_SOUTHEAST_OF_LOYALTY_ISLANDS,2014-05-01,06:36:35.0,-21.454,170.355,114.0,1.101e+19,6.628,354.0,39.0,170.0,92.0,84.0,51.0
FCTs_20140501_143537_NORTHERN_SUMATRA__INDONESIA,2014-05-01,14:35:37.0,1.962,97.967,46.0,7.329e+17,5.843,324.0,26.0,110.0,122.0,66.0,81.0
FCTs_20140504_091552_SOUTH_OF_FIJI_ISLANDS,2014-05-04,09:15:52.0,-24.611,179.086,544.0,8.96e+18,6.568,128.0,50.0,-121.0,352.0,49.0,-58.0
FCTs_20140504_201824_NEAR_S._COAST_OF_HONSHU__JAPAN,2014-05-04,20:18:24.0,34.912,139.419,165.0,1.005e+18,5.935,323.0,16.0,-156.0,210.0,84.0,-75.0
FCTs_20140505_110843_THAILAND,2014-05-05,11:08:43.0,19.656,99.67,12.0,2.917e+18,6.243,249.0,79.0,6.0,158.0,84.0,169.0
FCTs_20140507_042033_SOLOMON_ISLANDS,2014-05-07,04:20:33.0,-6.96,154.901,10.0,1.929e+18,6.124,135.0,81.0,138.0,233.0,49.0,12.0
FCTs_20140508_170014_GUERRERO__MEXICO,2014-05-08,17:00:14.0,17.235,-100.746,21.0,6.288e+18,6.466,298.0,25.0,88.0,120.0,65.0,91.0
FCTs_20140509_103222_TONGA_ISLANDS,2014-05-09,10:32:22.0,-18.962,-175.536,236.0,1.021e+18,5.939,276.0,20.0,-17.0,22.0,84.0,-110.0
FCTs_20140510_073601_GUERRERO__MEXICO,2014-05-10,07:36:01.0,17.219,-100.812,19.0,1.766e+18,6.098,287.0,25.0,81.0,118.0,65.0,94.0
FCTs_20140512_183836_SOUTHERN_EAST_PACIFIC_RISE,2014-05-12,18:38:36.0,-49.94,-114.799,21.0,6.855e+18,6.491,285.0,88.0,1.0,195.0,89.0,178.0
FCTs_20140513_063524_SOUTH_OF_PANAMA,2014-05-13,06:35:24.0,7.21,-82.304,10.0,8.474e+18,6.552,272.0,83.0,-12.0,4.0,78.0,-173.0
FCTs_20140514_205613_E._CAROLINE_ISLANDS__MICRONESIA,2014-05-14,20:56:13.0,6.451,144.924,15.0,2.742e+18,6.225,289.0,75.0,-6.0,21.0,84.0,-165.0
FCTs_20140515_081634_E._CAROLINE_ISLANDS__MICRONESIA,2014-05-15,08:16:34.0,6.426,144.936,13.0,3.941e+18,6.33,281.0,71.0,9.0,188.0,81.0,160.0
FCTs_20140515_101642_NEGROS__PHILIPPINES,2014-05-15,10:16:42.0,9.383,122.06,20.0,2.154e+18,6.155,138.0,52.0,60.0,2.0,47.0,123.0
FCTs_20140516_110140_LEEWARD_ISLANDS,2014-05-16,11:01:40.0,17.086,-60.365,12.0,1.358e+18,6.022,316.0,25.0,-118.0,166.0,68.0,-78.0
FCTs_20140518_010232_OFF_W_COAST_OF_NORTHERN_SUMATRA,2014-05-18,01:02:32.0,4.248,92.757,32.0,1.754e+18,6.096,231.0,44.0,100.0,37.0,47.0,80.0
FCTs_20140521_162154_BAY_OF_BENGAL,2014-05-21,16:21:54.0,18.204,88.034,64.0,1.301e+18,6.009,320.0,82.0,179.0,50.0,89.0,8.0
FCTs_20140524_092503_AEGEAN_SEA,2014-05-24,09:25:03.0,40.3,25.382,31.0,4.261e+19,7.02,73.0,72.0,174.0,165.0,85.0,18.0
FCTs_20140530_012015_MYANMAR-CHINA_BORDER_REGION,2014-05-30,01:20:15.0,24.999,97.845,11.0,6.938e+17,5.827,265.0,83.0,7.0,174.0,83.0,173.0
FCTs_20140531_115346_OFF_COAST_OF_JALISCO__MEXICO,2014-05-31,11:53:46.0,18.788,-107.469,10.0,2.396e+18,6.186,17.0,89.0,-14.0,107.0,76.0,-179.0
FCTs_20140614_111059_SOUTH_INDIAN_OCEAN,2014-06-14,11:10:59.0,-10.123,91.092,7.0,1.038e+19,6.611,19.0,54.0,38.0,265.0,60.0,138.0
FCTs_20140619_101755_VANUATU_ISLANDS,2014-06-19,10:17:55.0,-13.559,166.828,46.0,3.553e+18,6.3,155.0,41.0,89.0,337.0,49.0,91.0
FCTs_20140619_195404_NEAR_COAST_OF_NORTHERN_CHILE,2014-06-19,19:54:04.0,-19.841,-70.87,13.0,1.068e+18,5.952,345.0,20.0,87.0,168.0,70.0,91.0
FCTs_20140623_191915_KERMADEC_ISLANDS__NEW_ZEALAND,2014-06-23,19:19:15.0,-29.978,-177.725,21.0,5.012e+19,7.067,190.0,22.0,90.0,10.0,68.0,90.0
FCTs_20140623_205307_RAT_ISLANDS__ALEUTIAN_ISLANDS,2014-06-23,20:53:07.0,51.813,178.764,119.0,1.039e+21,7.944,222.0,40.0,0.0,132.0,90.0,130.0
FCTs_20140629_055631_VOLCANO_ISLANDS__JAPAN_REGION,2014-06-29,05:56:31.0,24.381,142.607,63.0,2.87e+18,6.239,30.0,28.0,58.0,245.0,67.0,106.0
FCTs_20140629_075254_SOUTH_SANDWICH_ISLANDS_REGION,2014-06-29,07:52:54.0,-55.521,-28.379,20.0,2.43e+19,6.857,84.0,25.0,29.0,327.0,78.0,112.0
FCTs_20140630_195532_BONIN_ISLANDS__JAPAN_REGION,2014-06-30,19:55:32.0,28.354,138.864,539.0,2.679e+18,6.219,30.0,26.0,159.0,139.0,81.0,66.0
FCTs_20140703_025641_KOMANDORSKIYE_OSTROVA_REGION,2014-07-03,02:56:41.0,55.298,166.868,8.0,7.399e+17,5.846,30.0,78.0,-45.0,132.0,46.0,-164.0
FCTs_20140703_120522_KOMANDORSKIYE_OSTROVA_REGION,2014-07-03,12:05:22.0,55.206,166.92,6.0,8.825e+17,5.897,42.0,33.0,15.0,300.0,82.0,122.0
FCTs_20140703_195005_KERMADEC_ISLANDS_REGION,2014-07-03,19:50:05.0,-30.533,-176.526,39.0,3.801e+18,6.32,87.0,38.0,130.0,221.0,62.0,64.0
FCTs_20140704_150026_NEW_BRITAIN_REGION__P.N.G,2014-07-04,15:00:26.0,-6.205,152.821,19.0,3.834e+18,6.322,266.0,36.0,-91.0,88.0,54.0,-89.0
FCTs_20140705_093930_NORTHERN_SUMATRA__INDONESIA,2014-07-05,09:39:30.0,1.995,97.015,26.0,1.591e+18,6.068,315.0,15.0,92.0,133.0,75.0,89.0
FCTs_20140707_112355_NEAR_COAST_OF_CHIAPAS__MEXICO,2014-07-07,11:23:55.0,14.742,-92.409,58.0,2.494e+19,6.865,127.0,25.0,-98.0,316.0,66.0,-86.0
FCTs_20140711_192159_OFF_EAST_COAST_OF_HONSHU__JAPAN,2014-07-11,19:21:59.0,37.013,142.46,11.0,1.508e+19,6.719,182.0,19.0,-110.0,24.0,73.0,-83.0
FCTs_20140714_080000_MINDANAO__PHILIPPINES,2014-07-14,08:00:00.0,5.681,126.57,30.0,2.612e+18,6.211,165.0,35.0,59.0,22.0,61.0,110.0
FCTs_20140717_114933_SOUTHEASTERN_ALASKA,2014-07-17,11:49:33.0,60.349,-140.333,13.0,8.488e+17,5.886,279.0,63.0,172.0,12.0,83.0,27.0
FCTs_20140719_122709_TONGA_ISLANDS,2014-07-19,12:27:09.0,-15.799,-174.404,242.0,2.837e+18,6.235,240.0,20.0,158.0,350.0,83.0,71.0
FCTs_20140719_141401_OWEN_FRACTURE_ZONE_REGION,2014-07-19,14:14:01.0,11.752,57.563,9.0,1.628e+18,6.074,208.0,68.0,-5.0,300.0,86.0,-158.0
FCTs_20140720_183248_KURIL_ISLANDS,2014-07-20,18:32:48.0,44.598,148.748,69.0,3.218e+18,6.272,172.0,29.0,44.0,41.0,70.0,111.0
FCTs_20140721_145441_FIJI_ISLANDS_REGION,2014-07-21,14:54:41.0,-19.829,-178.464,638.0,3.101e+19,6.928,284.0,6.0,-37.0,50.0,86.0,-95.0
FCTs_20140725_105449_SOUTHEASTERN_ALASKA,2014-07-25,10:54:49.0,58.358,-137.13,11.0,1.227e+18,5.993,311.0,63.0,156.0,52.0,69.0,29.0
FCTs_20140727_012838_NORTHERN_MID-ATLANTIC_RIDGE,2014-07-27,01:28:38.0,23.761,-45.646,5.0,2.057e+18,6.142,279.0,79.0,171.0,11.0,81.0,11.0
FCTs_20140729_104615_OAXACA__MEXICO,2014-07-29,10:46:15.0,17.842,-95.524,110.0,4.19e+18,6.348,142.0,33.0,-92.0,325.0,57.0,-89.0
FCTs_20140803_002203_E._CAROLINE_ISLANDS__MICRONESIA,2014-08-03,00:22:03.0,0.83,146.169,18.0,2.547e+19,6.871,340.0,87.0,175.0,70.0,85.0,3.0
FCTs_20140803_083013_YUNNAN__CHINA,2014-08-03,08:30:13.0,27.189,103.409,6.0,2.363e+18,6.182,76.0,75.0,-177.0,345.0,87.0,-15.0
FCTs_20140806_114522_BANDA_SEA,2014-08-06,11:45:22.0,-7.274,128.036,7.0,3.791e+18,6.319,139.0,66.0,159.0,238.0,71.0,25.0
FCTs_20140810_034317_HOKKAIDO__JAPAN_REGION,2014-08-10,03:43:17.0,41.159,142.131,44.0,1.572e+18,6.064,182.0,24.0,68.0,25.0,68.0,99.0
FCTs_20140818_023205_IRAN-IRAQ_BORDER_REGION,2014-08-18,02:32:05.0,32.703,47.695,7.0,2.645e+18,6.215,317.0,24.0,118.0,107.0,69.0,78.0
FCTs_20140818_180822_IRAN-IRAQ_BORDER_REGION,2014-08-18,18:08:22.0,32.583,47.704,7.0,8.118e+17,5.873,323.0,29.0,137.0,92.0,71.0,68.0
FCTs_20140821_021131_NEW_BRITAIN_REGION__P.N.G,2014-08-21,02:11:31.0,-5.285,150.689,8.0,1.234e+18,5.994,124.0,75.0,5.0,32.0,85.0,165.0
FCTs_20140823_223223_NEAR_COAST_OF_CENTRAL_CHILE,2014-08-23,22:32:23.0,-32.695,-71.442,39.0,5.926e+18,6.449,2.0,29.0,90.0,182.0,61.0,90.0
FCTs_20140824_102044_NORTHERN_CALIFORNIA,2014-08-24,10:20:44.0,38.215,-122.312,8.0,1.948e+18,6.126,159.0,81.0,176.0,250.0,86.0,9.0
FCTs_20140824_232145_CENTRAL_PERU,2014-08-24,23:21:45.0,-14.598,-73.571,93.0,2.524e+19,6.868,195.0,44.0,-73.0,351.0,48.0,-106.0
FCTs_20140827_231134_VANUATU_ISLANDS,2014-08-27,23:11:34.0,-15.045,167.391,129.0,1.04e+18,5.945,13.0,39.0,85.0,199.0,52.0,94.0
FCTs_20140828_191435_SHIKOKU__JAPAN,2014-08-28,19:14:35.0,32.086,132.068,26.0,8.351e+17,5.881,227.0,21.0,107.0,29.0,70.0,83.0
FCTs_20140903_203359_EASTER_ISLAND_REGION,2014-09-03,20:33:59.0,-26.642,-114.739,7.0,1.047e+18,5.947,333.0,54.0,-51.0,99.0,51.0,-130.0
FCTs_20140904_053350_TONGA_ISLANDS,2014-09-04,05:33:50.0,-21.387,-173.323,39.0,1.229e+18,5.993,20.0,37.0,103.0,185.0,54.0,80.0
FCTs_20140906_065311_EASTER_ISLAND_REGION,2014-09-06,06:53:11.0,-26.648,-114.5,7.0,1.849e+18,6.111,343.0,41.0,-50.0,115.0,60.0,-119.0
FCTs_20140917_061445_MARIANA_ISLANDS,2014-09-17,06:14:45.0,13.764,144.429,142.0,2.369e+19,6.85,302.0,39.0,-70.0,97.0,54.0,-105.0
FCTs_20140924_111615_JUJUY_PROVINCE__ARGENTINA,2014-09-24,11:16:15.0,-23.801,-66.632,224.0,2.454e+18,6.193,167.0,33.0,-101.0,1.0,58.0,-83.0
FCTs_20140925_091350_SOLOMON_ISLANDS,2014-09-25,09:13:50.0,-9.462,156.412,5.0,2.188e+18,6.16,268.0,84.0,-18.0,0.0,73.0,-173.0
FCTs_20140925_175117_SOUTHERN_ALASKA,2014-09-25,17:51:17.0,61.945,-151.816,105.0,2.874e+18,6.239,48.0,70.0,11.0,315.0,80.0,159.0
FCTs_20141001_033851_NEW_BRITAIN_REGION__P.N.G,2014-10-01,03:38:51.0,-6.071,149.533,41.0,1.745e+18,6.095,257.0,44.0,82.0,88.0,47.0,98.0
FCTs_20141007_134939_YUNNAN__CHINA,2014-10-07,13:49:39.0,23.383,100.47,10.0,2.079e+18,6.145,59.0,79.0,8.0,328.0,82.0,169.0
FCTs_20141008_024053_GULF_OF_CALIFORNIA,2014-10-08,02:40:53.0,23.844,-108.331,6.0,1.461e+18,6.043,130.0,81.0,-161.0,37.0,71.0,-9.0
FCTs_20141009_021431_SOUTHERN_EAST_PACIFIC_RISE,2014-10-09,02:14:31.0,-32.108,-110.811,12.0,3.352e+19,6.95,328.0,37.0,147.0,85.0,71.0,57.0
FCTs_20141011_023547_HOKKAIDO__JAPAN_REGION,2014-10-11,02:35:47.0,41.027,143.165,21.0,2.103e+18,6.149,201.0,19.0,86.0,26.0,71.0,91.0
FCTs_20141014_035134_OFF_COAST_OF_CENTRAL_AMERICA,2014-10-14,03:51:34.0,12.526,-88.122,59.0,7.892e+19,7.198,128.0,17.0,-86.0,304.0,73.0,-91.0
FCTs_20141028_031537_TONGA_ISLANDS,2014-10-28,03:15:37.0,-15.295,-174.675,6.0,2.265e+18,6.17,332.0,67.0,-166.0,237.0,78.0,-24.0
FCTs_20141101_105954_EASTER_ISLAND_REGION,2014-11-01,10:59:54.0,-31.852,-111.244,6.0,1.562e+18,6.062,150.0,49.0,142.0,267.0,62.0,48.0
FCTs_20141101_185722_FIJI_ISLANDS_REGION,2014-11-01,18:57:22.0,-19.69,-177.759,452.0,5.898e+19,7.114,140.0,24.0,154.0,254.0,80.0,68.0
FCTs_20141103_084829_MID-INDIAN_RIDGE,2014-11-03,08:48:29.0,-41.732,79.96,12.0,3.033e+18,6.255,138.0,90.0,-18.0,228.0,72.0,-180.0
FCTs_20141107_033355_NEW_BRITAIN_REGION__P.N.G,2014-11-07,03:33:55.0,-5.987,148.232,51.0,1.259e+19,6.667,248.0,35.0,76.0,84.0,56.0,99.0
FCTs_20141110_100421_SOUTHEAST_OF_LOYALTY_ISLANDS,2014-11-10,10:04:21.0,-22.773,171.453,14.0,1.2e+18,5.986,345.0,18.0,152.0,101.0,82.0,74.0
FCTs_20141113_102418_FIJI_ISLANDS_REGION,2014-11-13,10:24:18.0,-15.215,173.085,9.0,1.302e+18,6.01,276.0,51.0,-120.0,138.0,48.0,-58.0
FCTs_20141115_023141_NORTHERN_MOLUCCA_SEA,2014-11-15,02:31:41.0,1.893,126.522,37.0,5.349e+19,7.086,42.0,40.0,113.0,192.0,54.0,72.0
FCTs_20141116_223320_OFF_E._COAST_OF_N._ISLAND__N.Z,2014-11-16,22:33:20.0,-37.648,179.662,25.0,1.336e+19,6.684,45.0,28.0,-76.0,209.0,63.0,-97.0
FCTs_20141117_165246_PRINCE_EDWARD_ISLANDS_REGION,2014-11-17,16:52:46.0,-46.348,33.804,11.0,2.086e+18,6.146,285.0,75.0,-10.0,17.0,80.0,-164.0
FCTs_20141121_032911_PHILIPPINE_ISLANDS_REGION,2014-11-21,03:29:11.0,20.654,120.072,16.0,6.959e+17,5.828,324.0,44.0,-109.0,170.0,48.0,-72.0
FCTs_20141121_101019_NORTHERN_MOLUCCA_SEA,2014-11-21,10:10:19.0,2.3,127.056,47.0,5.586e+18,6.431,12.0,37.0,95.0,186.0,53.0,86.0
FCTs_20141122_085526_SICHUAN__CHINA,2014-11-22,08:55:26.0,30.34,101.737,10.0,1.104e+18,5.962,147.0,71.0,0.0,57.0,90.0,161.0
FCTs_20141122_130818_EASTERN_HONSHU__JAPAN,2014-11-22,13:08:18.0,36.641,137.887,9.0,2.48e+18,6.196,250.0,38.0,141.0,12.0,67.0,58.0
FCTs_20141126_143343_NORTHERN_MOLUCCA_SEA,2014-11-26,14:33:43.0,1.96,126.575,33.0,2.751e+19,6.893,35.0,35.0,102.0,200.0,56.0,82.0
FCTs_20141202_051131_MINDANAO__PHILIPPINES,2014-12-02,05:11:31.0,6.157,123.126,641.0,8.777e+18,6.562,277.0,18.0,-4.0,11.0,89.0,-108.0
FCTs_20141206_172149_SOUTH_OF_PANAMA,2014-12-06,17:21:49.0,7.982,-82.734,14.0,1.218e+18,5.99,316.0,29.0,98.0,127.0,62.0,86.0
FCTs_20141206_220510_BANDA_SEA,2014-12-06,22:05:10.0,-6.11,130.483,130.0,1.587e+18,6.067,163.0,8.0,66.0,7.0,83.0,93.0
FCTs_20141207_012202_SOLOMON_ISLANDS,2014-12-07,01:22:02.0,-6.511,154.46,17.0,8.474e+18,6.552,320.0,18.0,81.0,149.0,72.0,93.0
FCTs_20141208_085452_SOUTH_OF_PANAMA,2014-12-08,08:54:52.0,7.94,-82.687,21.0,7.228e+18,6.506,306.0,26.0,90.0,126.0,64.0,90.0
FCTs_20141210_210339_TAIWAN_REGION,2014-12-10,21:03:39.0,25.54,122.45,269.0,2.182e+18,6.159,270.0,19.0,-85.0,85.0,71.0,-92.0
FCTs_20141217_061005_SOUTHERN_SUMATRA__INDONESIA,2014-12-17,06:10:05.0,-3.829,100.143,11.0,1.329e+18,6.016,303.0,18.0,74.0,140.0,73.0,95.0
FCTs_20141221_113413_NORTHERN_MOLUCCA_SEA,2014-12-21,11:34:13.0,2.089,126.648,42.0,3.746e+18,6.316,25.0,36.0,91.0,204.0,54.0,90.0
FCTs_20141229_092937_MINDANAO__PHILIPPINES,2014-12-29,09:29:37.0,8.634,121.521,7.0,2.507e+18,6.199,90.0,68.0,-161.0,352.0,72.0,-24.0
FCTs_20141230_211723_FIJI_ISLANDS_REGION,2014-12-30,21:17:23.0,-20.326,-178.564,629.0,1.136e+18,5.97,190.0,21.0,-114.0,36.0,71.0,-81.0
FCTs_20150123_034727_VANUATU_ISLANDS,2015-01-23,03:47:27.0,-17.031,168.52,234.0,1.633e+19,6.742,104.0,53.0,137.0,224.0,57.0,46.0
FCTs_20150128_024319_FIJI_ISLANDS_REGION,2015-01-28,02:43:19.0,-20.966,-178.303,506.0,1.711e+18,6.089,141.0,47.0,-139.0,21.0,61.0,-51.0
FCTs_20150202_082548_ADMIRALTY_ISLANDS_REGION__P.N.G,2015-02-02,08:25:48.0,-1.539,145.214,9.0,8.525e+17,5.887,58.0,72.0,-11.0,151.0,80.0,-161.0
FCTs_20150202_104948_MENDOZA_PROVINCE__ARGENTINA,2015-02-02,10:49:48.0,-32.718,-67.123,171.0,3.182e+18,6.268,311.0,3.0,-8.0,48.0,90.0,-93.0
FCTs_20150211_185722_JUJUY_PROVINCE__ARGENTINA,2015-02-11,18:57:22.0,-23.112,-66.688,224.0,1.565e+19,6.73,170.0,20.0,-102.0,3.0,70.0,-86.0
FCTs_20150213_185912_NORTHERN_MID-ATLANTIC_RIDGE,2015-02-13,18:59:12.0,52.649,-31.902,14.0,3.849e+19,6.99,96.0,82.0,176.0,186.0,86.0,8.0
FCTs_20150216_220053_SOUTH_SANDWICH_ISLANDS_REGION,2015-02-16,22:00:53.0,-55.52,-28.259,15.0,4.903e+18,6.394,90.0,20.0,20.0,341.0,83.0,109.0
FCTs_20150216_230628_NEAR_EAST_COAST_OF_HONSHU__JAPAN,2015-02-16,23:06:28.0,39.856,142.882,22.0,2.307e+19,6.842,201.0,19.0,81.0,30.0,71.0,93.0
FCTs_20150219_131832_VANUATU_ISLANDS,2015-02-19,13:18:32.0,-16.431,168.148,12.0,4.393e+18,6.362,203.0,40.0,100.0,11.0,51.0,82.0
FCTs_20150220_042523_OFF_EAST_COAST_OF_HONSHU__JAPAN,2015-02-20,04:25:23.0,39.824,143.587,12.0,4.506e+18,6.369,196.0,14.0,83.0,23.0,77.0,92.0
FCTs_20150221_101353_OFF_EAST_COAST_OF_HONSHU__JAPAN,2015-02-21,10:13:53.0,39.819,143.486,12.0,2.372e+18,6.183,197.0,11.0,82.0,25.0,79.0,92.0
FCTs_20150224_022854_OFF_EAST_COAST_OF_HONSHU__JAPAN,2015-02-24,02:28:54.0,39.655,143.198,17.0,9.712e+17,5.925,187.0,20.0,84.0,13.0,70.0,92.0
FCTs_20150225_070100_SOUTHEAST_OF_HONSHU__JAPAN,2015-02-25,07:01:00.0,31.066,141.82,16.0,1.409e+18,6.033,197.0,21.0,108.0,358.0,70.0,83.0
FCTs_20150227_134505_FLORES_SEA,2015-02-27,13:45:05.0,-7.297,122.535,571.0,3.689e+19,6.978,37.0,56.0,-13.0,135.0,79.0,-145.0
FCTs_20150303_103730_SOUTHERN_SUMATRA__INDONESIA,2015-03-03,10:37:30.0,-0.779,98.716,30.0,2.607e+18,6.211,285.0,17.0,69.0,127.0,74.0,96.0
FCTs_20150310_205544_NORTHERN_COLOMBIA,2015-03-10,20:55:44.0,6.776,-72.988,161.0,2.873e+18,6.239,138.0,30.0,-156.0,27.0,78.0,-62.0
FCTs_20150315_231716_MINAHASSA_PENINSULA__SULAWESI,2015-03-15,23:17:16.0,-0.541,122.307,19.0,9.343e+17,5.914,252.0,35.0,-161.0,146.0,79.0,-56.0
FCTs_20150316_030005_NEW_BRITAIN_REGION__P.N.G,2015-03-16,03:00:05.0,-4.074,152.029,204.0,8.381e+17,5.882,61.0,55.0,-144.0,309.0,62.0,-41.0
FCTs_20150317_221228_NORTHERN_MOLUCCA_SEA,2015-03-17,22:12:28.0,1.669,126.522,37.0,2.824e+18,6.234,6.0,43.0,76.0,204.0,48.0,102.0
FCTs_20150318_182729_NEAR_COAST_OF_CENTRAL_CHILE,2015-03-18,18:27:29.0,-36.116,-73.517,17.0,2.37e+18,6.183,23.0,15.0,109.0,184.0,76.0,85.0
FCTs_20150323_045138_NORTHERN_CHILE,2015-03-23,04:51:38.0,-18.353,-69.166,131.0,5.72e+18,6.438,246.0,17.0,-14.0,349.0,86.0,-107.0
FCTs_20150328_222850_MINAHASSA_PENINSULA__SULAWESI,2015-03-28,22:28:50.0,0.4,121.99,120.0,9.104e+17,5.906,65.0,30.0,76.0,261.0,61.0,98.0
FCTs_20150329_234831_NEW_BRITAIN_REGION__P.N.G,2015-03-29,23:48:31.0,-4.736,152.558,38.0,2.088e+20,7.48,259.0,27.0,90.0,79.0,63.0,90.0
FCTs_20150331_121824_NEW_BRITAIN_REGION__P.N.G,2015-03-31,12:18:24.0,-4.847,152.507,36.0,1.409e+18,6.033,234.0,43.0,77.0,72.0,49.0,102.0
FCTs_20150402_041010_FIJI_ISLANDS_REGION,2015-04-02,04:10:10.0,-17.861,-178.583,580.0,9.652e+17,5.923,20.0,38.0,136.0,148.0,64.0,60.0
FCTs_20150403_211754_EASTERN_NEW_GUINEA_REG.__P.N.G,2015-04-03,21:17:54.0,-6.293,147.752,35.0,1.104e+18,5.962,283.0,35.0,90.0,103.0,55.0,90.0
FCTs_20150407_004621_TONGA_ISLANDS,2015-04-07,00:46:21.0,-15.168,-173.225,36.0,3.09e+18,6.26,244.0,9.0,-141.0,115.0,84.0,-83.0
FCTs_20150416_180743_CRETE__GREECE,2015-04-16,18:07:43.0,35.189,26.823,21.0,3.126e+18,6.263,40.0,58.0,43.0,284.0,55.0,140.0
FCTs_20150417_155251_FIJI_ISLANDS_REGION,2015-04-17,15:52:51.0,-15.882,-178.6,7.0,8.14e+18,6.54,266.0,81.0,-2.0,357.0,88.0,-171.0
FCTs_20150420_014258_TAIWAN_REGION,2015-04-20,01:42:58.0,24.203,122.316,28.0,4.894e+18,6.393,285.0,28.0,106.0,87.0,63.0,82.0
FCTs_20150420_114513_TAIWAN_REGION,2015-04-20,11:45:13.0,24.085,122.453,34.0,9.89e+17,5.93,280.0,25.0,110.0,79.0,66.0,81.0
FCTs_20150422_225715_SANTA_CRUZ_ISLANDS,2015-04-22,22:57:15.0,-12.039,166.432,83.0,4.155e+18,6.346,353.0,32.0,90.0,172.0,58.0,90.0
FCTs_20150424_135615_QUEEN_CHARLOTTE_ISLANDS_REGION,2015-04-24,13:56:15.0,51.615,-130.771,12.0,2.365e+18,6.183,68.0,80.0,34.0,331.0,56.0,168.0
FCTs_20150425_061125_NEPAL,2015-04-25,06:11:25.0,28.23,84.731,12.0,9.779e+20,7.927,301.0,6.0,111.0,100.0,85.0,88.0
FCTs_20150426_070910_NEPAL,2015-04-26,07:09:10.0,27.771,86.017,21.0,1.297e+19,6.675,303.0,8.0,108.0,105.0,83.0,88.0
FCTs_20150428_163939_FIJI_ISLANDS_REGION,2015-04-28,16:39:39.0,-20.886,-178.633,603.0,1.464e+18,6.044,263.0,23.0,-59.0,50.0,71.0,-102.0
FCTs_20150430_104502_NEW_BRITAIN_REGION__P.N.G,2015-04-30,10:45:02.0,-5.375,151.771,24.0,1.803e+19,6.771,247.0,41.0,90.0,67.0,49.0,90.0
FCTs_20150501_080603_NEW_BRITAIN_REGION__P.N.G,2015-05-01,08:06:03.0,-5.201,151.777,48.0,2.367e+19,6.849,247.0,44.0,74.0,89.0,48.0,105.0
FCTs_20150503_223239_NEW_BRITAIN_REGION__P.N.G,2015-05-03,22:32:39.0,-5.631,151.676,31.0,9.285e+17,5.912,259.0,29.0,84.0,86.0,61.0,93.0
FCTs_20150505_014406_NEW_BRITAIN_REGION__P.N.G,2015-05-05,01:44:06.0,-5.462,151.875,46.0,2.053e+20,7.475,238.0,32.0,66.0,85.0,61.0,104.0
FCTs_20150507_071019_SOLOMON_ISLANDS,2015-05-07,07:10:19.0,-7.218,154.557,14.0,3.623e+19,6.973,284.0,45.0,-124.0,148.0,54.0,-61.0
FCTs_20150510_212546_SOUTHEAST_OF_HONSHU__JAPAN,2015-05-10,21:25:46.0,31.237,142.016,11.0,2.251e+18,6.168,194.0,17.0,99.0,4.0,73.0,87.0
FCTs_20150512_070519_NEPAL,2015-05-12,07:05:19.0,27.809,86.065,12.0,1.062e+20,7.284,302.0,12.0,111.0,101.0,79.0,86.0
FCTs_20150512_211258_NEAR_EAST_COAST_OF_HONSHU__JAPAN,2015-05-12,21:12:58.0,38.906,142.032,43.0,2.506e+19,6.866,189.0,20.0,77.0,23.0,71.0,95.0
FCTs_20150515_202656_SOUTHERN_SUMATRA__INDONESIA,2015-05-15,20:26:56.0,-2.542,102.219,157.0,1.112e+18,5.964,208.0,78.0,40.0,108.0,51.0,164.0
FCTs_20150519_135456_VANUATU_ISLANDS,2015-05-19,13:54:56.0,-18.615,168.585,59.0,6.087e+17,5.79,349.0,20.0,107.0,151.0,71.0,84.0
FCTs_20150519_152521_PACIFIC-ANTARCTIC_RIDGE,2015-05-19,15:25:21.0,-54.331,-132.162,10.0,1.27e+19,6.669,112.0,88.0,0.0,202.0,90.0,-178.0
FCTs_20150520_003054_TONGA_ISLANDS,2015-05-20,00:30:54.0,-19.302,-175.525,212.0,1.27e+18,6.003,258.0,21.0,-39.0,25.0,77.0,-107.0
FCTs_20150520_224853_SANTA_CRUZ_ISLANDS_REGION,2015-05-20,22:48:53.0,-10.876,164.169,15.0,2.31e+19,6.842,159.0,86.0,142.0,252.0,52.0,5.0
FCTs_20150522_214519_SOLOMON_ISLANDS,2015-05-22,21:45:19.0,-11.056,163.696,21.0,2.767e+19,6.895,346.0,88.0,-152.0,255.0,62.0,-3.0
FCTs_20150523_192817_NEW_BRITAIN_REGION__P.N.G,2015-05-23,19:28:17.0,-4.785,152.591,49.0,7e+17,5.83,248.0,35.0,84.0,75.0,55.0,94.0
FCTs_20150524_045323_SOUTHERN_MID-ATLANTIC_RIDGE,2015-05-24,04:53:23.0,-16.855,-14.171,7.0,2.789e+18,6.23,187.0,42.0,113.0,337.0,52.0,71.0
FCTs_20150524_143859_TONGA_ISLANDS,2015-05-24,14:38:59.0,-19.393,-175.963,4.0,5.682e+18,6.436,315.0,73.0,-165.0,220.0,75.0,-18.0
FCTs_20150526_164233_IRIAN_JAYA_REGION__INDONESIA,2015-05-26,16:42:33.0,-0.328,135.734,12.0,7.905e+17,5.865,126.0,24.0,110.0,284.0,67.0,81.0
FCTs_20150529_070009_ALASKA_PENINSULA,2015-05-29,07:00:09.0,56.594,-156.43,74.0,2.682e+19,6.886,102.0,60.0,20.0,2.0,73.0,149.0
FCTs_20150530_112302_BONIN_ISLANDS__JAPAN_REGION,2015-05-30,11:23:02.0,27.839,140.493,690.0,6.459e+20,7.807,40.0,28.0,-36.0,163.0,74.0,-113.0
FCTs_20150601_065241_OFF_COAST_OF_OREGON,2015-06-01,06:52:41.0,44.458,-129.811,6.0,6.246e+17,5.797,21.0,83.0,2.0,291.0,88.0,172.0
FCTs_20150601_201130_OFF_COAST_OF_OREGON,2015-06-01,20:11:30.0,44.497,-129.958,8.0,1.266e+18,6.002,296.0,69.0,-166.0,200.0,77.0,-21.0
FCTs_20150604_231543_BORNEO,2015-06-04,23:15:43.0,5.987,116.541,15.0,8.279e+17,5.879,20.0,30.0,-99.0,210.0,60.0,-85.0
FCTs_20150608_060108_HOKKAIDO__JAPAN_REGION,2015-06-08,06:01:08.0,41.562,142.031,51.0,1.504e+18,6.051,195.0,24.0,83.0,22.0,66.0,93.0
FCTs_20150610_135209_NORTHERN_CHILE,2015-06-10,13:52:09.0,-22.4,-68.432,122.0,1.649e+18,6.078,133.0,34.0,-82.0,304.0,57.0,-95.0
FCTs_20150612_110708_TONGA_ISLANDS,2015-06-12,11:07:08.0,-15.676,-173.01,59.0,1.031e+18,5.942,268.0,28.0,-158.0,158.0,80.0,-64.0
FCTs_20150616_061701_FIJI_ISLANDS_REGION,2015-06-16,06:17:01.0,-20.394,-179.002,681.0,1.016e+18,5.938,108.0,14.0,-165.0,3.0,86.0,-76.0
FCTs_20150617_125132_SOUTHERN_MID-ATLANTIC_RIDGE,2015-06-17,12:51:32.0,-35.364,-17.16,12.0,3.548e+19,6.967,73.0,75.0,-9.0,165.0,82.0,-165.0
FCTs_20150620_021007_NEAR_COAST_OF_CENTRAL_CHILE,2015-06-20,02:10:07.0,-36.36,-73.812,10.0,9.278e+18,6.578,16.0,14.0,100.0,185.0,76.0,87.0
FCTs_20150620_233909_SOUTH_OF_FIJI_ISLANDS,2015-06-20,23:39:09.0,-23.529,-177.085,161.0,8.655e+17,5.892,112.0,21.0,-169.0,12.0,86.0,-70.0
FCTs_20150621_212816_FIJI_ISLANDS_REGION,2015-06-21,21:28:16.0,-20.431,-178.328,584.0,1.028e+18,5.941,149.0,37.0,-128.0,13.0,62.0,-66.0
FCTs_20150623_121830_BONIN_ISLANDS__JAPAN_REGION,2015-06-23,12:18:30.0,27.737,139.725,482.0,8.365e+18,6.548,113.0,37.0,-137.0,347.0,65.0,-61.0
FCTs_20150630_033929_NEW_BRITAIN_REGION__P.N.G,2015-06-30,03:39:29.0,-5.451,151.546,48.0,1.369e+18,6.024,233.0,43.0,71.0,79.0,50.0,107.0
FCTs_20150703_010747_SOUTHERN_XINJIANG__CHINA,2015-07-03,01:07:47.0,37.459,78.154,19.0,4.018e+18,6.336,142.0,25.0,107.0,304.0,66.0,82.0
FCTs_20150703_064321_LEYTE__PHILIPPINES,2015-07-03,06:43:21.0,10.169,125.891,36.0,2.107e+18,6.149,177.0,38.0,78.0,12.0,53.0,99.0
FCTs_20150707_051028_KURIL_ISLANDS,2015-07-07,05:10:28.0,43.91,147.975,57.0,3.933e+18,6.33,185.0,26.0,42.0,56.0,73.0,110.0
FCTs_20150716_151633_NORTH_ATLANTIC_OCEAN,2015-07-16,15:16:33.0,13.867,-58.548,14.0,9.688e+18,6.591,53.0,80.0,18.0,320.0,73.0,169.0
FCTs_20150718_022733_SANTA_CRUZ_ISLANDS,2015-07-18,02:27:33.0,-10.401,165.141,13.0,2.405e+19,6.854,304.0,53.0,-48.0,68.0,54.0,-131.0
FCTs_20150726_070510_SOUTH_OF_JAVA__INDONESIA,2015-07-26,07:05:10.0,-9.259,112.67,46.0,7.127e+17,5.835,6.0,48.0,117.0,149.0,49.0,64.0
FCTs_20150727_044946_FOX_ISLANDS__ALEUTIAN_ISLANDS,2015-07-27,04:49:46.0,52.376,-169.446,22.0,3.123e+19,6.93,249.0,24.0,94.0,65.0,66.0,88.0
FCTs_20150727_214121_IRIAN_JAYA__INDONESIA,2015-07-27,21:41:21.0,-2.629,138.528,59.0,3.653e+19,6.975,331.0,39.0,116.0,119.0,55.0,71.0
FCTs_20150729_001024_PANAMA-COLOMBIA_BORDER_REGION,2015-07-29,00:10:24.0,8.231,-77.315,17.0,7.777e+17,5.861,34.0,62.0,36.0,285.0,58.0,146.0
FCTs_20150729_023559_SOUTHERN_ALASKA,2015-07-29,02:35:59.0,59.894,-153.196,122.0,3.454e+18,6.292,73.0,55.0,30.0,325.0,66.0,141.0
FCTs_20150806_235946_SOUTH_OF_FIJI_ISLANDS,2015-08-06,23:59:46.0,-26.458,-178.251,282.0,1.287e+18,6.006,32.0,57.0,-43.0,148.0,55.0,-139.0
FCTs_20150807_012502_LAKE_TANGANYIKA_REGION,2015-08-07,01:25:02.0,-2.141,28.897,14.0,6.271e+17,5.798,50.0,42.0,-62.0,195.0,54.0,-113.0
FCTs_20150810_041215_SOLOMON_ISLANDS,2015-08-10,04:12:15.0,-9.344,158.053,6.0,1.105e+19,6.629,96.0,77.0,11.0,3.0,79.0,167.0
FCTs_20150810_100525_AFGHANISTAN-TAJIKISTAN_BORD_REG,2015-08-10,10:05:25.0,36.533,71.215,224.0,8.662e+17,5.892,255.0,36.0,99.0,65.0,55.0,84.0
FCTs_20150812_184924_SOLOMON_ISLANDS,2015-08-12,18:49:24.0,-9.329,157.877,6.0,6.753e+18,6.486,3.0,70.0,169.0,97.0,80.0,21.0
FCTs_20150815_074706_SOLOMON_ISLANDS,2015-08-15,07:47:06.0,-10.897,163.823,12.0,7.812e+18,6.529,255.0,41.0,-2.0,346.0,89.0,-131.0
FCTs_20150820_110009_NORTHERN_MOLUCCA_SEA,2015-08-20,11:00:09.0,0.485,126.589,56.0,6.003e+17,5.786,14.0,18.0,69.0,215.0,73.0,97.0
FCTs_20150905_131608_KURIL_ISLANDS,2015-09-05,13:16:08.0,49.361,155.682,42.0,5.967e+17,5.784,224.0,36.0,97.0,35.0,54.0,85.0
FCTs_20150907_140627_SOUTH_OF_KERMADEC_ISLANDS,2015-09-07,14:06:27.0,-32.826,-178.198,13.0,2.159e+18,6.156,197.0,11.0,91.0,16.0,79.0,90.0
FCTs_20150910_102644_FOX_ISLANDS__ALEUTIAN_ISLANDS,2015-09-10,10:26:44.0,52.098,-169.535,16.0,1.233e+18,5.994,229.0,23.0,74.0,66.0,68.0,96.0
FCTs_20150913_081408_GULF_OF_CALIFORNIA,2015-09-13,08:14:08.0,24.913,-109.623,12.0,1.293e+19,6.674,221.0,78.0,5.0,130.0,85.0,168.0
FCTs_20150916_074058_NORTHERN_MOLUCCA_SEA,2015-09-16,07:40:58.0,1.884,126.429,35.0,3.093e+18,6.26,28.0,41.0,99.0,195.0,49.0,82.0
FCTs_20150916_140322_NEW_BRITAIN_REGION__P.N.G,2015-09-16,14:03:22.0,-6.011,151.477,14.0,1.963e+18,6.129,223.0,18.0,-110.0,64.0,73.0,-84.0
FCTs_20150916_225432_NEAR_COAST_OF_CENTRAL_CHILE,2015-09-16,22:54:32.0,-31.573,-71.674,17.0,3.118e+21,8.263,12.0,20.0,110.0,171.0,71.0,83.0
FCTs_20150918_091044_OFF_COAST_OF_CENTRAL_CHILE,2015-09-18,09:10:44.0,-32.368,-72.229,24.0,2.295e+18,6.174,344.0,20.0,81.0,174.0,71.0,93.0
FCTs_20150918_155942_NORTHERN_MID-ATLANTIC_RIDGE,2015-09-18,15:59:42.0,15.277,-45.989,7.0,1.406e+18,6.032,96.0,78.0,172.0,188.0,83.0,12.0
FCTs_20150919_050647_OFF_COAST_OF_CENTRAL_CHILE,2015-09-19,05:06:47.0,-29.641,-72.077,13.0,1.561e+18,6.062,359.0,25.0,96.0,172.0,65.0,87.0
FCTs_20150919_125220_OFF_COAST_OF_CENTRAL_CHILE,2015-09-19,12:52:20.0,-32.333,-72.063,22.0,3.36e+18,6.284,2.0,25.0,101.0,170.0,65.0,85.0
FCTs_20150921_053934_NEAR_COAST_OF_CENTRAL_CHILE,2015-09-21,05:39:34.0,-31.576,-71.743,36.0,1.843e+18,6.11,0.0,34.0,98.0,171.0,56.0,85.0
FCTs_20150921_174000_NEAR_COAST_OF_CENTRAL_CHILE,2015-09-21,17:40:00.0,-31.728,-71.379,34.0,9.757e+18,6.593,359.0,32.0,93.0,175.0,58.0,88.0
FCTs_20150922_071300_NEAR_COAST_OF_CENTRAL_CHILE,2015-09-22,07:13:00.0,-31.444,-71.265,64.0,1.606e+18,6.071,7.0,33.0,104.0,170.0,58.0,81.0
FCTs_20150924_155327_IRIAN_JAYA_REGION__INDONESIA,2015-09-24,15:53:27.0,-0.621,131.262,21.0,8.151e+18,6.541,322.0,40.0,107.0,121.0,53.0,76.0
FCTs_20150926_025118_NEAR_COAST_OF_CENTRAL_CHILE,2015-09-26,02:51:18.0,-30.815,-71.322,47.0,3.825e+18,6.322,349.0,36.0,90.0,169.0,54.0,90.0
FCTs_20150928_152805_JUJUY_PROVINCE__ARGENTINA,2015-09-28,15:28:05.0,-23.803,-66.613,223.0,9.856e+17,5.929,103.0,8.0,-161.0,354.0,87.0,-82.0
FCTs_20151005_163326_NEAR_COAST_OF_CENTRAL_CHILE,2015-10-05,16:33:26.0,-30.303,-71.532,38.0,9.441e+17,5.917,10.0,39.0,98.0,179.0,51.0,83.0
FCTs_20151014_054308_EAST_OF_KURIL_ISLANDS,2015-10-14,05:43:08.0,48.86,156.226,14.0,2.206e+18,6.162,220.0,19.0,96.0,35.0,71.0,88.0
FCTs_20151018_161835_TONGA_ISLANDS,2015-10-18,16:18:35.0,-16.202,-173.261,12.0,1.9e+18,6.119,161.0,24.0,-71.0,320.0,68.0,-98.0
FCTs_20151019_135041_MINDORO__PHILIPPINES,2015-10-19,13:50:41.0,13.865,120.617,112.0,7.1e+17,5.834,312.0,25.0,81.0,142.0,65.0,94.0
FCTs_20151020_215202_VANUATU_ISLANDS,2015-10-20,21:52:02.0,-14.859,167.303,142.0,6.209e+19,7.129,304.0,59.0,41.0,190.0,56.0,142.0
FCTs_20151026_090942_HINDU_KUSH_REGION__AFGHANISTAN,2015-10-26,09:09:42.0,36.524,70.368,214.0,2.47e+20,7.528,272.0,24.0,80.0,104.0,67.0,95.0
FCTs_20151028_204640_SANTA_CRUZ_ISLANDS,2015-10-28,20:46:40.0,-10.979,166.38,154.0,6.384e+17,5.803,330.0,40.0,75.0,170.0,51.0,102.0
FCTs_20151104_034415_TIMOR_REGION,2015-11-04,03:44:15.0,-8.338,124.875,16.0,8.338e+18,6.547,18.0,82.0,-21.0,111.0,69.0,-171.0
FCTs_20151107_073143_NEAR_COAST_OF_CENTRAL_CHILE,2015-11-07,07:31:43.0,-30.88,-71.452,46.0,1.364e+19,6.69,357.0,36.0,97.0,169.0,54.0,85.0
FCTs_20151108_164702_NICOBAR_ISLANDS__INDIA_REGION,2015-11-08,16:47:02.0,6.843,94.648,17.0,1.025e+19,6.607,54.0,88.0,0.0,324.0,90.0,178.0
FCTs_20151109_160346_ANDREANOF_ISLANDS__ALEUTIAN_IS,2015-11-09,16:03:46.0,51.639,-173.075,17.0,5.879e+18,6.446,261.0,20.0,111.0,59.0,72.0,83.0
FCTs_20151111_015438_OFF_COAST_OF_CENTRAL_CHILE,2015-11-11,01:54:38.0,-29.507,-72.007,27.0,1.53e+19,6.723,26.0,21.0,120.0,174.0,72.0,79.0
FCTs_20151111_233619_BANDA_SEA,2015-11-11,23:36:19.0,-7.249,128.93,134.0,7.029e+17,5.831,87.0,56.0,58.0,315.0,46.0,128.0
FCTs_20151113_205131_NORTHWEST_OF_RYUKYU_ISLANDS,2015-11-13,20:51:31.0,31.001,128.873,13.0,1.833e+19,6.776,101.0,79.0,-14.0,193.0,76.0,-168.0
FCTs_20151116_164913_KURIL_ISLANDS,2015-11-16,16:49:13.0,48.333,154.244,40.0,1.023e+18,5.94,219.0,37.0,95.0,33.0,54.0,87.0
FCTs_20151117_071007_GREECE,2015-11-17,07:10:07.0,38.67,20.6,13.0,1.104e+19,6.629,292.0,84.0,-17.0,24.0,73.0,-173.0
FCTs_20151118_183104_SOLOMON_ISLANDS,2015-11-18,18:31:04.0,-8.899,158.422,18.0,2.468e+19,6.862,292.0,30.0,40.0,166.0,71.0,114.0
FCTs_20151120_053152_BONIN_ISLANDS__JAPAN_REGION,2015-11-20,05:31:52.0,26.357,142.643,13.0,1.576e+18,6.065,213.0,20.0,96.0,26.0,70.0,88.0
FCTs_20151121_090613_BANDA_SEA,2015-11-21,09:06:13.0,-7.148,129.938,91.0,1.453e+18,6.041,333.0,57.0,132.0,94.0,51.0,44.0
FCTs_20151121_230530_NEAR_COAST_OF_CENTRAL_CHILE,2015-11-21,23:05:30.0,-30.575,-71.768,29.0,6.159e+17,5.793,17.0,35.0,105.0,179.0,56.0,80.0
FCTs_20151124_132135_MARIANA_ISLANDS,2015-11-24,13:21:35.0,18.779,145.266,602.0,1.03e+18,5.942,153.0,50.0,-133.0,29.0,56.0,-51.0
FCTs_20151124_224538_PERU-BRAZIL_BORDER_REGION,2015-11-24,22:45:38.0,-10.537,-70.944,619.0,2.258e+20,7.503,357.0,40.0,-75.0,157.0,51.0,-103.0
FCTs_20151126_054518_PERU-BRAZIL_BORDER_REGION,2015-11-26,05:45:18.0,-9.182,-71.257,611.0,1.418e+19,6.701,342.0,28.0,-99.0,171.0,62.0,-85.0
FCTs_20151127_210022_NEAR_COAST_OF_NORTHERN_CHILE,2015-11-27,21:00:22.0,-24.828,-70.601,39.0,2.211e+18,6.163,1.0,29.0,103.0,167.0,62.0,83.0
FCTs_20151129_185249_JUJUY_PROVINCE__ARGENTINA,2015-11-29,18:52:49.0,-23.56,-64.652,16.0,6.113e+17,5.791,203.0,27.0,113.0,357.0,65.0,78.0
FCTs_20151204_222500_SOUTHEAST_INDIAN_RIDGE,2015-12-04,22:25:00.0,-47.617,85.091,22.0,5.121e+19,7.073,39.0,43.0,-58.0,179.0,54.0,-116.0
FCTs_20151207_075005_TAJIKISTAN,2015-12-07,07:50:05.0,38.211,72.78,13.0,1.484e+20,7.381,213.0,75.0,-22.0,309.0,69.0,-164.0
FCTs_20151209_102148_BANDA_SEA,2015-12-09,10:21:48.0,-4.106,129.508,36.0,2.668e+19,6.884,114.0,36.0,95.0,288.0,55.0,86.0
FCTs_20151217_194953_NEAR_COAST_OF_CHIAPAS__MEXICO,2015-12-17,19:49:53.0,15.802,-93.633,90.0,9.104e+18,6.573,195.0,13.0,-29.0,313.0,84.0,-101.0
FCTs_20151220_184736_BORNEO,2015-12-20,18:47:36.0,3.645,117.636,15.0,1.723e+18,6.091,275.0,82.0,21.0,182.0,70.0,171.0
FCTs_20151224_231058_BANDA_SEA,2015-12-24,23:10:58.0,-7.218,128.977,133.0,5.607e+17,5.766,105.0,49.0,58.0,328.0,50.0,121.0
FCTs_20151225_191447_AFGHANISTAN-TAJIKISTAN_BORD_REG,2015-12-25,19:14:47.0,36.493,71.126,209.0,4.162e+18,6.346,203.0,45.0,75.0,43.0,47.0,104.0
FCTs_20160102_042219_NORTHEASTERN_CHINA,2016-01-02,04:22:19.0,44.807,129.941,600.0,6.172e+17,5.794,9.0,24.0,59.0,222.0,69.0,103.0
FCTs_20160103_230522_MYANMAR-INDIA_BORDER_REGION,2016-01-03,23:05:22.0,24.804,93.65,63.0,1.194e+19,6.651,81.0,81.0,41.0,344.0,49.0,168.0
FCTs_20160105_022111_SOUTHEAST_OF_SHIKOKU__JAPAN,2016-01-05,02:21:11.0,30.613,132.734,6.0,1.075e+18,5.954,47.0,52.0,-31.0,157.0,66.0,-138.0
FCTs_20160111_163805_TALAUD_ISLANDS__INDONESIA,2016-01-11,16:38:05.0,3.897,126.862,9.0,1.495e+19,6.716,159.0,17.0,50.0,21.0,77.0,101.0
FCTs_20160112_094511_SOUTHWEST_INDIAN_RIDGE,2016-01-12,09:45:11.0,-31.338,58.192,11.0,7.85e+17,5.863,236.0,42.0,-100.0,70.0,49.0,-81.0
FCTs_20160113_055602_TONGA_ISLANDS,2016-01-13,05:56:02.0,-15.17,-174.875,271.0,9.05e+17,5.904,160.0,20.0,-104.0,355.0,71.0,-85.0
FCTs_20160114_032533_HOKKAIDO__JAPAN_REGION,2016-01-14,03:25:33.0,41.972,142.781,54.0,1.123e+19,6.634,224.0,21.0,105.0,28.0,69.0,84.0
FCTs_20160120_171313_QINGHAI__CHINA,2016-01-20,17:13:13.0,37.671,101.641,11.0,9.52e+17,5.919,143.0,42.0,81.0,335.0,49.0,98.0
FCTs_20160121_180657_OFF_COAST_OF_JALISCO__MEXICO,2016-01-21,18:06:57.0,18.824,-106.934,8.0,8.668e+18,6.559,111.0,83.0,-174.0,20.0,84.0,-7.0
FCTs_20160124_103030_SOUTHERN_ALASKA,2016-01-24,10:30:30.0,59.636,-153.405,126.0,6.809e+19,7.155,57.0,66.0,35.0,311.0,59.0,151.0
FCTs_20160125_042202_STRAIT_OF_GIBRALTAR,2016-01-25,04:22:02.0,35.649,-3.682,9.0,5.668e+18,6.436,303.0,89.0,161.0,33.0,71.0,1.0
FCTs_20160130_032512_NEAR_EAST_COAST_OF_KAMCHATKA,2016-01-30,03:25:12.0,53.978,158.546,170.0,9.772e+19,7.26,310.0,35.0,-38.0,72.0,69.0,-119.0
FCTs_20160201_190046_KERMADEC_ISLANDS_REGION,2016-02-01,19:00:46.0,-30.754,-179.95,406.0,2.988e+18,6.25,141.0,33.0,-144.0,20.0,72.0,-63.0
FCTs_20160205_195727_TAIWAN,2016-02-05,19:57:27.0,22.938,120.601,29.0,4.025e+18,6.337,280.0,35.0,23.0,171.0,77.0,123.0
FCTs_20160208_161912_SOLOMON_ISLANDS,2016-02-08,16:19:12.0,-6.621,154.742,39.0,5.612e+18,6.433,307.0,39.0,71.0,152.0,53.0,105.0
FCTs_20160210_003305_NEAR_COAST_OF_CENTRAL_CHILE,2016-02-10,00:33:05.0,-30.572,-71.584,33.0,4.421e+18,6.364,5.0,35.0,100.0,172.0,56.0,83.0
FCTs_20160212_100224_SUMBA_REGION__INDONESIA,2016-02-12,10:02:24.0,-9.634,119.401,30.0,2.832e+18,6.235,282.0,26.0,91.0,101.0,64.0,89.0
FCTs_20160217_172602_HALMAHERA__INDONESIA,2016-02-17,17:26:02.0,0.86,129.061,10.0,2.453e+18,6.193,123.0,83.0,12.0,31.0,78.0,173.0
FCTs_20160222_063659_OFF_COAST_OF_CENTRAL_CHILE,2016-02-22,06:36:59.0,-30.424,-72.297,13.0,2.172e+18,6.158,11.0,22.0,105.0,175.0,69.0,84.0
FCTs_20160302_124948_SOUTHWEST_OF_SUMATRA__INDONESIA,2016-03-02,12:49:48.0,-4.952,94.33,17.0,5.606e+20,7.766,274.0,78.0,169.0,6.0,79.0,12.0
FCTs_20160308_053628_TONGA_ISLANDS,2016-03-08,05:36:28.0,-15.108,-173.428,47.0,1.131e+18,5.969,152.0,15.0,132.0,289.0,79.0,80.0
FCTs_20160312_180644_ANDREANOF_ISLANDS__ALEUTIAN_IS,2016-03-12,18:06:44.0,51.565,-173.942,20.0,5.531e+18,6.429,260.0,22.0,101.0,68.0,69.0,86.0
FCTs_20160319_013512_ANDREANOF_ISLANDS__ALEUTIAN_IS,2016-03-19,01:35:12.0,51.514,-174.142,12.0,1.719e+18,6.09,244.0,23.0,92.0,62.0,67.0,89.0
FCTs_20160327_180130_FOX_ISLANDS__ALEUTIAN_ISLANDS,2016-03-27,18:01:30.0,52.175,-168.655,16.0,9.883e+17,5.93,246.0,21.0,97.0,58.0,69.0,87.0
FCTs_20160401_023908_NEAR_S._COAST_OF_WESTERN_HONSHU,2016-04-01,02:39:08.0,33.381,136.39,9.0,2.242e+18,6.167,241.0,20.0,107.0,43.0,71.0,84.0
FCTs_20160401_192455_NEAR_N_COAST_OF_NEW_GUINEA__PNG,2016-04-01,19:24:55.0,-3.359,144.887,9.0,3.197e+18,6.27,265.0,71.0,-4.0,356.0,86.0,-161.0
FCTs_20160402_055000_ALASKA_PENINSULA,2016-04-02,05:50:00.0,57.008,-157.932,8.0,2.276e+18,6.171,66.0,30.0,76.0,262.0,61.0,98.0
FCTs_20160403_082352_VANUATU_ISLANDS,2016-04-03,08:23:52.0,-14.323,166.855,36.0,2.658e+19,6.883,342.0,39.0,101.0,148.0,52.0,81.0
FCTs_20160406_065848_VANUATU_ISLANDS,2016-04-06,06:58:48.0,-14.068,166.624,34.0,1.388e+19,6.695,346.0,41.0,97.0,157.0,49.0,84.0
FCTs_20160406_144529_JAVA__INDONESIA,2016-04-06,14:45:29.0,-8.204,107.386,34.0,1.735e+18,6.093,295.0,27.0,100.0,104.0,64.0,85.0
FCTs_20160407_033253_VANUATU_ISLANDS,2016-04-07,03:32:53.0,-13.981,166.594,31.0,1.371e+19,6.691,336.0,39.0,95.0,150.0,51.0,86.0
FCTs_20160410_102858_AFGHANISTAN-TAJIKISTAN_BORD_REG,2016-04-10,10:28:58.0,36.472,71.131,214.0,1.277e+19,6.671,276.0,39.0,100.0,83.0,51.0,82.0
FCTs_20160413_135517_MYANMAR-INDIA_BORDER_REGION,2016-04-13,13:55:17.0,23.094,94.865,147.0,3.304e+19,6.946,125.0,37.0,123.0,266.0,59.0,68.0
FCTs_20160414_030609_NEAR_EAST_COAST_OF_KAMCHATKA,2016-04-14,03:06:09.0,53.77,160.804,42.0,7.049e+17,5.832,203.0,33.0,86.0,27.0,57.0,92.0
FCTs_20160414_215027_VANUATU_ISLANDS,2016-04-14,21:50:27.0,-14.528,166.433,27.0,2.682e+18,6.219,316.0,29.0,69.0,160.0,63.0,101.0
FCTs_20160415_141126_OFF_COAST_OF_CHIAPAS__MEXICO,2016-04-15,14:11:26.0,13.401,-92.367,7.0,2.341e+18,6.18,122.0,37.0,-100.0,315.0,53.0,-83.0
FCTs_20160415_162506_KYUSHU__JAPAN,2016-04-15,16:25:06.0,32.791,130.754,11.0,3.522e+19,6.965,224.0,67.0,-156.0,124.0,68.0,-25.0
FCTs_20160416_235836_NEAR_COAST_OF_ECUADOR,2016-04-16,23:58:36.0,0.382,-79.922,18.0,6.503e+20,7.809,24.0,22.0,118.0,174.0,71.0,79.0
FCTs_20160418_130610_VANUATU_ISLANDS,2016-04-18,13:06:10.0,-19.492,169.093,86.0,9.38e+17,5.915,38.0,34.0,-33.0,157.0,72.0,-119.0
FCTs_20160419_052539_SOUTH_SANDWICH_ISLANDS_REGION,2016-04-19,05:25:39.0,-55.728,-27.231,21.0,4.069e+18,6.34,120.0,25.0,80.0,311.0,65.0,95.0
FCTs_20160420_083347_NEAR_COAST_OF_ECUADOR,2016-04-20,08:33:47.0,0.639,-80.21,8.0,2.612e+18,6.211,21.0,14.0,108.0,182.0,76.0,86.0
FCTs_20160420_121943_NEAR_EAST_COAST_OF_HONSHU__JAPAN,2016-04-20,12:19:43.0,37.801,141.622,44.0,1.031e+18,5.942,220.0,22.0,102.0,27.0,68.0,85.0
FCTs_20160422_030341_NEAR_COAST_OF_ECUADOR,2016-04-22,03:03:41.0,-0.292,-80.504,11.0,1.705e+18,6.088,22.0,18.0,114.0,176.0,74.0,82.0
FCTs_20160425_070708_NEAR_COAST_OF_CHIAPAS__MEXICO,2016-04-25,07:07:08.0,14.479,-93.151,23.0,7.392e+17,5.846,287.0,32.0,77.0,123.0,59.0,98.0
FCTs_20160427_125119_NEAR_COAST_OF_CHIAPAS__MEXICO,2016-04-27,12:51:19.0,14.518,-93.088,28.0,1.022e+18,5.94,296.0,36.0,88.0,119.0,54.0,91.0
FCTs_20160428_193324_VANUATU_ISLANDS,2016-04-28,19:33:24.0,-16.043,167.379,37.0,3.932e+19,6.996,322.0,36.0,79.0,155.0,55.0,98.0
FCTs_20160429_013338_NORTHERN_EAST_PACIFIC_RISE,2016-04-29,01:33:38.0,10.275,-103.736,7.0,8.802e+18,6.563,169.0,70.0,-172.0,76.0,83.0,-20.0
FCTs_20160430_083542_VANUATU_ISLANDS,2016-04-30,08:35:42.0,-16.349,167.2,19.0,8.723e+17,5.894,305.0,22.0,58.0,159.0,72.0,102.0
FCTs_20160508_073400_OAXACA__MEXICO,2016-05-08,07:34:00.0,16.411,-97.842,26.0,7.219e+17,5.839,297.0,20.0,83.0,124.0,70.0,93.0
FCTs_20160512_031715_TAIWAN,2016-05-12,03:17:15.0,24.695,121.984,9.0,5.234e+17,5.746,259.0,51.0,-52.0,28.0,52.0,-127.0
FCTs_20160518_075702_NEAR_COAST_OF_ECUADOR,2016-05-18,07:57:02.0,0.426,-79.79,20.0,1.162e+19,6.643,20.0,22.0,113.0,176.0,69.0,81.0
FCTs_20160518_164643_NEAR_COAST_OF_ECUADOR,2016-05-18,16:46:43.0,0.495,-79.616,27.0,2.401e+19,6.854,42.0,30.0,128.0,180.0,67.0,70.0
FCTs_20160520_181404_NORTHERN_TERRITORY__AUSTRALIA,2016-05-20,18:14:04.0,-25.566,129.884,6.0,1.176e+18,5.98,292.0,44.0,49.0,162.0,58.0,122.0
FCTs_20160527_034429_SOUTHEAST_OF_RYUKYU_ISLANDS,2016-05-27,03:44:29.0,26.992,130.137,14.0,5.589e+17,5.765,19.0,33.0,-89.0,198.0,57.0,-91.0
FCTs_20160527_040843_FIJI_ISLANDS_REGION,2016-05-27,04:08:43.0,-20.81,-178.648,602.0,7.659e+18,6.523,91.0,55.0,-155.0,346.0,69.0,-38.0
FCTs_20160528_053850_FIJI_ISLANDS_REGION,2016-05-28,05:38:50.0,-21.972,-178.204,419.0,2.856e+19,6.904,200.0,24.0,-105.0,37.0,67.0,-83.0
FCTs_20160528_094659_SOUTH_SANDWICH_ISLANDS_REGION,2016-05-28,09:46:59.0,-56.241,-26.935,78.0,7.288e+19,7.175,216.0,43.0,-149.0,102.0,69.0,-51.0
FCTs_20160531_052347_TAIWAN_REGION,2016-05-31,05:23:47.0,25.562,122.546,259.0,4.189e+18,6.348,337.0,32.0,-99.0,168.0,59.0,-84.0
FCTs_20160531_100400_KURIL_ISLANDS,2016-05-31,10:04:00.0,47.548,154.364,21.0,6.427e+17,5.805,213.0,29.0,93.0,29.0,61.0,88.0
FCTs_20160601_225600_SOUTHERN_SUMATRA__INDONESIA,2016-06-01,22:56:00.0,-2.097,100.665,60.0,6.701e+18,6.484,297.0,8.0,53.0,154.0,84.0,95.0
FCTs_20160605_162533_BANDA_SEA,2016-06-05,16:25:33.0,-4.587,125.626,451.0,3.808e+18,6.32,207.0,24.0,-106.0,44.0,67.0,-83.0
FCTs_20160606_023532_KERMADEC_ISLANDS__NEW_ZEALAND,2016-06-06,02:35:32.0,-30.024,-177.836,46.0,1.681e+18,6.084,178.0,39.0,84.0,7.0,51.0,95.0
FCTs_20160607_105137_OFF_COAST_OF_JALISCO__MEXICO,2016-06-07,10:51:37.0,18.364,-105.173,8.0,4.161e+18,6.346,2.0,84.0,-13.0,94.0,77.0,-173.0
FCTs_20160607_191515_NORTHERN_MOLUCCA_SEA,2016-06-07,19:15:15.0,1.279,126.371,34.0,4.103e+18,6.342,207.0,43.0,102.0,11.0,48.0,79.0
FCTs_20160609_041308_SOUTH_OF_SUMBAWA__INDONESIA,2016-06-09,04:13:08.0,-11.249,116.267,21.0,1.466e+18,6.044,273.0,44.0,-56.0,50.0,55.0,-118.0
FCTs_20160610_032522_NICARAGUA,2016-06-10,03:25:22.0,12.832,-86.963,11.0,1.295e+18,6.008,31.0,81.0,-24.0,125.0,66.0,-170.0
FCTs_20160614_134922_VANUATU_ISLANDS,2016-06-14,13:49:22.0,-18.761,168.828,122.0,1.968e+18,6.129,304.0,36.0,12.0,204.0,83.0,125.0
FCTs_20160619_094723_VANUATU_ISLANDS,2016-06-19,09:47:23.0,-20.279,169.074,20.0,4.101e+18,6.342,348.0,21.0,107.0,150.0,70.0,84.0
FCTs_20160620_035055_LOYALTY_ISLANDS,2016-06-20,03:50:55.0,-20.207,168.76,23.0,1.478e+18,6.046,325.0,33.0,76.0,162.0,58.0,99.0
FCTs_20160621_162634_NORTHERN_MID-ATLANTIC_RIDGE,2016-06-21,16:26:34.0,22.658,-45.14,8.0,2.523e+18,6.201,215.0,43.0,-61.0,358.0,53.0,-114.0
FCTs_20160623_210530_SOUTHWESTERN_RYUKYU_ISL.__JAPAN,2016-06-23,21:05:30.0,23.694,123.37,31.0,6.421e+17,5.805,41.0,76.0,141.0,142.0,53.0,18.0
FCTs_20160626_111711_TAJIKISTAN-XINJIANG_BORDER_REG,2016-06-26,11:17:11.0,39.479,73.339,12.0,5.252e+18,6.414,31.0,40.0,39.0,270.0,66.0,123.0
FCTs_20160628_224646_VANUATU_ISLANDS,2016-06-28,22:46:46.0,-14.644,166.458,16.0,4.642e+17,5.711,346.0,36.0,125.0,125.0,61.0,67.0
FCTs_20160630_113033_VANUATU_ISLANDS,2016-06-30,11:30:33.0,-16.056,167.47,42.0,1.034e+18,5.943,166.0,45.0,109.0,320.0,48.0,72.0
FCTs_20160711_020109_NEAR_COAST_OF_ECUADOR,2016-07-11,02:01:09.0,0.587,-79.636,23.0,7.77e+17,5.86,30.0,28.0,120.0,177.0,66.0,75.0
FCTs_20160711_021104_NEAR_COAST_OF_ECUADOR,2016-07-11,02:11:04.0,0.581,-79.638,26.0,3.129e+18,6.264,38.0,31.0,127.0,176.0,66.0,70.0
FCTs_20160713_115658_KERMADEC_ISLANDS_REGION,2016-07-13,11:56:58.0,-28.01,-176.414,17.0,1.112e+18,5.964,180.0,23.0,80.0,10.0,68.0,94.0
FCTs_20160713_121112_KERMADEC_ISLANDS_REGION,2016-07-13,12:11:12.0,-28.005,-176.443,16.0,4.885e+18,6.393,237.0,23.0,127.0,17.0,72.0,76.0
FCTs_20160719_051840_NEAR_COAST_OF_CENTRAL_CHILE,2016-07-19,05:18:40.0,-30.252,-71.972,13.0,4.773e+17,5.719,359.0,23.0,95.0,173.0,67.0,88.0
FCTs_20160720_151316_VANUATU_ISLANDS,2016-07-20,15:13:16.0,-18.928,169.055,178.0,1.561e+18,6.062,289.0,12.0,29.0,170.0,84.0,100.0
FCTs_20160723_010020_NORTHWEST_OF_KURIL_ISLANDS,2016-07-23,01:00:20.0,47.698,146.921,423.0,6.762e+17,5.82,5.0,22.0,98.0,176.0,68.0,87.0
FCTs_20160723_200923_TONGA_ISLANDS,2016-07-23,20:09:23.0,-15.131,-173.673,48.0,4.222e+17,5.684,197.0,7.0,-170.0,97.0,89.0,-83.0
FCTs_20160725_085830_WESTERN_INDIAN-ANTARCTIC_RIDGE,2016-07-25,08:58:30.0,-49.485,126.266,9.0,7.328e+17,5.843,274.0,31.0,-98.0,104.0,59.0,-85.0
FCTs_20160725_172650_NEAR_COAST_OF_NORTHERN_CHILE,2016-07-25,17:26:50.0,-26.107,-70.511,76.0,1.756e+18,6.096,133.0,26.0,-105.0,330.0,65.0,-83.0
FCTs_20160725_193845_ADMIRALTY_ISLANDS_REGION__P.N.G,2016-07-25,19:38:45.0,-2.969,148.035,8.0,5.631e+18,6.434,105.0,78.0,-4.0,196.0,86.0,-168.0
FCTs_20160726_054919_CENTRAL_MID-ATLANTIC_RIDGE,2016-07-26,05:49:19.0,-0.271,-18.643,24.0,8.284e+17,5.879,169.0,85.0,21.0,77.0,69.0,174.0
FCTs_20160729_211824_MARIANA_ISLANDS,2016-07-29,21:18:24.0,18.543,145.507,213.0,5.884e+20,7.78,182.0,35.0,123.0,323.0,61.0,69.0
FCTs_20160731_113320_SOUTH_SANDWICH_ISLANDS_REGION,2016-07-31,11:33:20.0,-56.256,-27.537,107.0,7.551e+17,5.852,280.0,86.0,36.0,187.0,54.0,175.0
FCTs_20160804_141512_JUJUY_PROVINCE__ARGENTINA,2016-08-04,14:15:12.0,-22.334,-66.008,275.0,1.757e+18,6.096,10.0,7.0,108.0,172.0,83.0,88.0
FCTs_20160804_162433_VOLCANO_ISLANDS__JAPAN_REGION,2016-08-04,16:24:33.0,24.945,142.014,532.0,3.446e+18,6.292,114.0,28.0,-149.0,356.0,76.0,-66.0
FCTs_20160812_012636_SOUTHEAST_OF_LOYALTY_ISLANDS,2016-08-12,01:26:36.0,-22.476,173.117,20.0,8.125e+19,7.207,278.0,65.0,173.0,11.0,84.0,25.0
FCTs_20160819_073222_SOUTH_GEORGIA_ISLAND_REGION,2016-08-19,07:32:22.0,-55.285,-31.877,18.0,1.795e+20,7.436,100.0,21.0,46.0,326.0,75.0,105.0
FCTs_20160820_090126_OFF_EAST_COAST_OF_HONSHU__JAPAN,2016-08-20,09:01:26.0,40.394,143.68,13.0,2.623e+18,6.213,192.0,13.0,80.0,22.0,77.0,92.0
FCTs_20160820_155804_OFF_EAST_COAST_OF_HONSHU__JAPAN,2016-08-20,15:58:04.0,40.313,143.728,13.0,1.682e+18,6.084,201.0,14.0,87.0,24.0,76.0,91.0
FCTs_20160821_034523_SOUTH_GEORGIA_ISLAND_REGION,2016-08-21,03:45:23.0,-55.313,-31.751,18.0,1.597e+18,6.069,97.0,31.0,46.0,325.0,68.0,113.0
FCTs_20160824_013632_CENTRAL_ITALY,2016-08-24,01:36:32.0,42.723,13.188,7.0,2.129e+18,6.152,321.0,40.0,-109.0,165.0,52.0,-75.0
FCTs_20160824_103454_MYANMAR,2016-08-24,10:34:54.0,20.923,94.569,85.0,2.198e+19,6.828,350.0,9.0,99.0,161.0,81.0,89.0
FCTs_20160825_170443_SOUTHEAST_OF_HONSHU__JAPAN,2016-08-25,17:04:43.0,30.614,137.854,491.0,9.486e+17,5.918,290.0,74.0,-42.0,34.0,50.0,-159.0
FCTs_20160829_042957_NORTH_OF_ASCENSION_ISLAND,2016-08-29,04:29:57.0,-0.046,-17.826,16.0,4.776e+19,7.053,79.0,65.0,-177.0,348.0,87.0,-25.0
FCTs_20160831_031134_NEW_IRELAND_REGION__P.N.G,2016-08-31,03:11:34.0,-3.685,152.792,500.0,2.011e+19,6.802,91.0,15.0,-31.0,211.0,82.0,-103.0
FCTs_20160901_163757_OFF_E._COAST_OF_N._ISLAND__N.Z,2016-09-01,16:37:57.0,-37.359,179.146,26.0,5.823e+19,7.11,349.0,19.0,-139.0,219.0,77.0,-75.0
FCTs_20160904_023812_MINDANAO__PHILIPPINES,2016-09-04,02:38:12.0,8.399,125.887,18.0,4.502e+17,5.702,272.0,32.0,-126.0,132.0,65.0,-70.0
FCTs_20160905_225403_KOMANDORSKIYE_OSTROVA_REGION,2016-09-05,22:54:03.0,54.415,168.542,13.0,3.696e+18,6.312,38.0,87.0,-41.0,131.0,49.0,-176.0
FCTs_20160908_214620_MACQUARIE_ISLAND_REGION,2016-09-08,21:46:20.0,-54.614,158.713,15.0,1.597e+18,6.069,139.0,47.0,60.0,359.0,50.0,118.0
FCTs_20160910_100820_NORTHERN_PERU,2016-09-10,10:08:20.0,-5.573,-76.954,122.0,1.747e+18,6.095,350.0,32.0,-76.0,154.0,59.0,-99.0
FCTs_20160914_072500_SOLOMON_ISLANDS,2016-09-14,07:25:00.0,-9.329,159.167,16.0,9.196e+17,5.909,296.0,35.0,49.0,163.0,64.0,115.0
FCTs_20160917_012017_NEAR_NORTH_COAST_OF_IRIAN_JAYA,2016-09-17,01:20:17.0,-2.083,140.572,9.0,9.51e+17,5.919,78.0,39.0,-90.0,258.0,51.0,-90.0
FCTs_20160920_162116_SOUTHEAST_OF_HONSHU__JAPAN,2016-09-20,16:21:16.0,30.502,142.048,9.0,2.014e+18,6.136,183.0,26.0,113.0,338.0,66.0,79.0
FCTs_20160923_001434_OFF_EAST_COAST_OF_HONSHU__JAPAN,2016-09-23,00:14:34.0,34.462,141.637,16.0,4.984e+18,6.398,171.0,24.0,80.0,2.0,66.0,95.0
FCTs_20160923_225310_MINDANAO__PHILIPPINES,2016-09-23,22:53:10.0,6.572,126.492,58.0,3.787e+18,6.319,219.0,62.0,140.0,331.0,55.0,34.0
FCTs_20160924_110429_IRIAN_JAYA_REGION__INDONESIA,2016-09-24,11:04:29.0,-1.953,140.597,8.0,8.503e+17,5.886,78.0,34.0,-103.0,273.0,57.0,-81.0
FCTs_20160924_210715_TONGA_ISLANDS,2016-09-24,21:07:15.0,-18.171,-174.984,217.0,5.176e+18,6.409,241.0,30.0,-28.0,356.0,76.0,-116.0
FCTs_20161006_155159_TAIWAN_REGION,2016-10-06,15:51:59.0,22.626,121.436,16.0,6.46e+17,5.807,1.0,39.0,55.0,223.0,59.0,115.0
FCTs_20161015_080338_NEW_BRITAIN_REGION__P.N.G,2016-10-15,08:03:38.0,-4.273,150.361,457.0,3.952e+18,6.331,191.0,38.0,-124.0,52.0,59.0,-66.0
FCTs_20161017_061458_NEW_BRITAIN_REGION__P.N.G,2016-10-17,06:14:58.0,-6.003,148.887,42.0,2.544e+19,6.87,259.0,40.0,89.0,80.0,50.0,90.0
FCTs_20161018_163641_SOUTH_OF_FIJI_ISLANDS,2016-10-18,16:36:41.0,-23.326,-179.843,560.0,1.035e+18,5.943,14.0,15.0,115.0,168.0,76.0,83.0
FCTs_20161019_002601_JAVA_SEA,2016-10-19,00:26:01.0,-4.863,108.163,637.0,1.2e+19,6.653,108.0,52.0,-131.0,343.0,54.0,-50.0
FCTs_20161021_050722_WESTERN_HONSHU__JAPAN,2016-10-21,05:07:22.0,35.374,133.809,9.0,2.964e+18,6.248,72.0,83.0,-174.0,341.0,84.0,-7.0
FCTs_20161023_202526_KURIL_ISLANDS,2016-10-23,20:25:26.0,44.05,148.104,36.0,8.879e+17,5.899,237.0,27.0,113.0,32.0,65.0,79.0
FCTs_20161026_051949_TONGA_ISLANDS,2016-10-26,05:19:49.0,-15.437,-174.862,5.0,1.443e+18,6.039,299.0,81.0,10.0,207.0,80.0,171.0
FCTs_20161026_191808_CENTRAL_ITALY,2016-10-26,19:18:08.0,42.956,13.067,7.0,1.407e+18,6.032,174.0,39.0,-67.0,326.0,55.0,-107.0
FCTs_20161027_081750_NORTHERN_MOLUCCA_SEA,2016-10-27,08:17:50.0,1.37,125.758,66.0,5.52e+17,5.761,206.0,30.0,90.0,26.0,60.0,90.0
FCTs_20161027_203255_OFF_COAST_OF_CENTRAL_CHILE,2016-10-27,20:32:55.0,-33.777,-72.532,27.0,1.527e+18,6.056,10.0,14.0,100.0,179.0,76.0,87.0
FCTs_20161028_200249_TYRRHENIAN_SEA,2016-10-28,20:02:49.0,39.388,13.521,468.0,5.87e+17,5.779,105.0,35.0,166.0,207.0,82.0,56.0
FCTs_20161030_064018_CENTRAL_ITALY,2016-10-30,06:40:18.0,42.862,13.096,8.0,7.048e+18,6.499,168.0,32.0,-78.0,334.0,59.0,-97.0
FCTs_20161101_190330_NEW_BRITAIN_REGION__P.N.G,2016-11-01,19:03:30.0,-6.104,148.659,54.0,1.406e+18,6.032,248.0,41.0,80.0,81.0,50.0,99.0
FCTs_20161104_162044_CENTRAL_CHILE,2016-11-04,16:20:44.0,-35.095,-71.046,90.0,4.276e+18,6.354,161.0,26.0,-136.0,30.0,72.0,-71.0
FCTs_20161107_213128_SOUTHWEST_OF_SUMATRA__INDONESIA,2016-11-07,21:31:28.0,-8.11,104.84,35.0,5.376e+17,5.754,71.0,69.0,178.0,162.0,88.0,21.0
FCTs_20161111_214259_NEAR_EAST_COAST_OF_HONSHU__JAPAN,2016-11-11,21:42:59.0,38.497,141.566,59.0,2.384e+18,6.185,191.0,22.0,84.0,18.0,68.0,93.0
FCTs_20161112_161549_SOUTH_OF_FIJI_ISLANDS,2016-11-12,16:15:49.0,-24.966,178.785,581.0,8.381e+17,5.882,336.0,53.0,-36.0,90.0,62.0,-137.0
FCTs_20161113_110256_SOUTH_ISLAND__NEW_ZEALAND,2016-11-13,11:02:56.0,-42.737,173.054,22.0,9.291e+20,7.912,225.0,28.0,150.0,342.0,77.0,66.0
FCTs_20161116_003029_TONGA_ISLANDS,2016-11-16,00:30:29.0,-20.239,-173.016,40.0,5.8e+17,5.776,37.0,45.0,107.0,193.0,48.0,74.0
FCTs_20161120_205744_SAN_JUAN_PROVINCE__ARGENTINA,2016-11-20,20:57:44.0,-31.623,-68.626,102.0,6.122e+18,6.458,14.0,41.0,-98.0,204.0,49.0,-83.0
FCTs_20161121_205949_NEAR_EAST_COAST_OF_HONSHU__JAPAN,2016-11-21,20:59:49.0,37.393,141.387,13.0,3.13e+19,6.93,43.0,34.0,-107.0,243.0,58.0,-79.0
FCTs_20161123_212336_NEAR_EAST_COAST_OF_HONSHU__JAPAN,2016-11-23,21:23:36.0,37.214,141.321,12.0,5.706e+17,5.771,12.0,37.0,-101.0,205.0,54.0,-82.0
FCTs_20161124_184347_OFF_COAST_OF_CENTRAL_AMERICA,2016-11-24,18:43:47.0,11.91,-88.897,12.0,2.87e+19,6.905,121.0,34.0,-109.0,324.0,58.0,-78.0
FCTs_20161125_142430_TAJIKISTAN-XINJIANG_BORDER_REG,2016-11-25,14:24:30.0,39.273,73.978,23.0,1.159e+19,6.643,108.0,85.0,-175.0,17.0,85.0,-5.0
FCTs_20161201_224026_SOUTHERN_PERU,2016-12-01,22:40:26.0,-15.312,-70.827,7.0,2.01e+18,6.136,328.0,42.0,-78.0,131.0,49.0,-101.0
FCTs_20161203_092334_NEAR_ISLANDS__ALEUTIAN_ISLANDS,2016-12-03,09:23:34.0,52.253,174.17,38.0,1.032e+18,5.943,273.0,30.0,126.0,53.0,66.0,72.0
FCTs_20161205_011304_BANDA_SEA,2016-12-05,01:13:04.0,-7.316,123.38,540.0,3.246e+18,6.274,146.0,83.0,-138.0,49.0,49.0,-9.0
FCTs_20161206_220333_NORTHERN_SUMATRA__INDONESIA,2016-12-06,22:03:33.0,5.283,96.168,13.0,8.99e+18,6.569,52.0,67.0,-11.0,146.0,80.0,-157.0
FCTs_20161208_051504_NORTHERN_XINJIANG__CHINA,2016-12-08,05:15:04.0,43.823,86.345,20.0,1.21e+18,5.989,74.0,23.0,69.0,276.0,69.0,99.0
FCTs_20161208_144945_OFF_COAST_OF_NORTHERN_CALIFORNIA,2016-12-08,14:49:45.0,40.453,-126.194,14.0,1.105e+19,6.629,272.0,80.0,-177.0,182.0,87.0,-10.0
FCTs_20161208_173846_SOLOMON_ISLANDS,2016-12-08,17:38:46.0,-10.681,161.327,43.0,7.499e+20,7.85,155.0,46.0,122.0,294.0,52.0,61.0
FCTs_20161209_191006_SOLOMON_ISLANDS,2016-12-09,19:10:06.0,-10.749,161.132,29.0,3.382e+19,6.953,300.0,16.0,61.0,150.0,76.0,98.0
FCTs_20161210_162434_SOLOMON_ISLANDS,2016-12-10,16:24:34.0,-5.659,154.473,154.0,1.665e+18,6.081,120.0,44.0,71.0,326.0,49.0,108.0
FCTs_20161214_020122_MARIANA_ISLANDS_REGION,2016-12-14,02:01:22.0,21.29,144.404,11.0,1.244e+18,5.997,272.0,70.0,-171.0,179.0,82.0,-20.0
FCTs_20161217_105110_NEW_IRELAND_REGION__P.N.G,2016-12-17,10:51:10.0,-4.505,153.522,83.0,7.704e+20,7.858,136.0,36.0,88.0,318.0,54.0,91.0
FCTs_20161218_094706_W._CAROLINE_ISLANDS__MICRONESIA,2016-12-18,09:47:06.0,8.373,137.674,11.0,3.382e+18,6.286,215.0,26.0,74.0,52.0,65.0,97.0
FCTs_20161218_133010_PERU-BRAZIL_BORDER_REGION,2016-12-18,13:30:10.0,-9.974,-70.97,636.0,6.145e+18,6.459,338.0,20.0,-98.0,167.0,71.0,-87.0
FCTs_20161220_042129_SOLOMON_ISLANDS,2016-12-20,04:21:29.0,-10.175,161.227,31.0,5.44e+18,6.424,326.0,40.0,66.0,176.0,54.0,108.0
FCTs_20161220_123314_SOLOMON_ISLANDS,2016-12-20,12:33:14.0,-10.179,160.915,20.0,1.428e+18,6.036,336.0,25.0,69.0,178.0,67.0,99.0
FCTs_20161221_001714_BANDA_SEA,2016-12-21,00:17:14.0,-7.508,127.921,160.0,1.871e+19,6.781,81.0,60.0,50.0,320.0,48.0,138.0
FCTs_20161221_164356_MARIANA_ISLANDS_REGION,2016-12-21,16:43:56.0,21.514,145.408,10.0,1.539e+18,6.058,69.0,22.0,-172.0,332.0,87.0,-68.0
FCTs_20161225_142227_SOUTHERN_CHILE,2016-12-25,14:22:27.0,-43.406,-73.941,31.0,2.747e+20,7.559,360.0,22.0,96.0,173.0,68.0,87.0
FCTs_20161228_123849_NEAR_EAST_COAST_OF_HONSHU__JAPAN,2016-12-28,12:38:49.0,36.86,140.442,7.0,6.961e+17,5.828,325.0,41.0,-87.0,141.0,50.0,-92.0
FCTs_20161229_223019_SUMBAWA_REGION__INDONESIA,2016-12-29,22:30:19.0,-9.028,118.664,87.0,2.941e+18,6.246,121.0,41.0,22.0,14.0,76.0,129.0
FCTs_20170102_131348_NORTHERN_PERU,2017-01-02,13:13:48.0,-4.895,-76.368,111.0,8.09e+17,5.872,348.0,38.0,-85.0,162.0,52.0,-94.0
FCTs_20170102_131402_SOUTH_OF_FIJI_ISLANDS,2017-01-02,13:14:02.0,-23.251,179.238,584.0,4.085e+18,6.341,76.0,66.0,-153.0,335.0,66.0,-27.0
FCTs_20170103_215230_SOUTH_OF_FIJI_ISLANDS,2017-01-03,21:52:30.0,-19.373,176.052,13.0,2.223e+19,6.831,228.0,43.0,-58.0,7.0,55.0,-116.0
FCTs_20170108_085207_EASTERN_NEW_GUINEA_REG.__P.N.G,2017-01-08,08:52:07.0,-6.227,147.477,61.0,7.742e+17,5.859,250.0,27.0,49.0,114.0,70.0,109.0
FCTs_20170108_234714_QUEEN_ELIZABETH_ISLANDS__CANADA,2017-01-08,23:47:14.0,74.386,-92.416,37.0,1.086e+18,5.957,137.0,39.0,88.0,319.0,51.0,92.0
FCTs_20170110_061348_CELEBES_SEA,2017-01-10,06:13:48.0,4.478,122.617,633.0,9.958e+19,7.265,269.0,14.0,1.0,178.0,90.0,104.0
FCTs_20170110_152714_SOLOMON_ISLANDS,2017-01-10,15:27:14.0,-10.113,161.027,31.0,3.619e+18,6.306,158.0,42.0,96.0,329.0,48.0,85.0
FCTs_20170114_061140_FIJI_ISLANDS_REGION,2017-01-14,06:11:40.0,-18.621,176.236,8.0,9.127e+17,5.907,355.0,41.0,-103.0,191.0,50.0,-79.0
FCTs_20170116_204739_VANUATU_ISLANDS,2017-01-16,20:47:39.0,-13.554,166.417,19.0,1.151e+18,5.974,340.0,31.0,99.0,149.0,59.0,85.0
FCTs_20170119_230421_SOLOMON_ISLANDS,2017-01-19,23:04:21.0,-10.351,161.335,44.0,6.33e+18,6.468,356.0,43.0,106.0,154.0,49.0,75.0
FCTs_20170122_043022_SOLOMON_ISLANDS,2017-01-22,04:30:22.0,-6.246,155.172,142.0,1.263e+21,8.001,311.0,42.0,83.0,140.0,49.0,96.0
FCTs_20170129_145951_KERMADEC_ISLANDS__NEW_ZEALAND,2017-01-29,14:59:51.0,-30.094,-177.453,21.0,9.55e+17,5.92,189.0,26.0,91.0,8.0,64.0,90.0
FCTs_20170207_220356_SOUTHWESTERN_PAKISTAN,2017-02-07,22:03:56.0,25.191,63.264,29.0,4.666e+18,6.379,262.0,4.0,79.0,93.0,86.0,91.0
FCTs_20170210_140343_MINDANAO__PHILIPPINES,2017-02-10,14:03:43.0,9.907,125.452,7.0,1.014e+19,6.604,72.0,87.0,-165.0,341.0,75.0,-3.0
FCTs_20170218_121017_JUJUY_PROVINCE__ARGENTINA,2017-02-18,12:10:17.0,-23.861,-66.659,219.0,4.852e+18,6.391,193.0,9.0,-79.0,1.0,81.0,-92.0
FCTs_20170221_140904_SOUTHERN_BOLIVIA,2017-02-21,14:09:04.0,-19.281,-63.905,605.0,7.165e+18,6.503,30.0,21.0,-41.0,159.0,76.0,-106.0
FCTs_20170224_003217_LAKE_TANGANYIKA_REGION,2017-02-24,00:32:17.0,-8.44,30.031,35.0,9.14e+17,5.907,91.0,41.0,-56.0,230.0,57.0,-116.0
FCTs_20170224_172844_SOUTH_OF_FIJI_ISLANDS,2017-02-24,17:28:44.0,-23.259,-178.804,422.0,3.315e+19,6.947,146.0,15.0,-138.0,15.0,80.0,-79.0
FCTs_20170304_025820_SOLOMON_ISLANDS,2017-03-04,02:58:20.0,-7.328,155.748,28.0,1.23e+18,5.993,299.0,33.0,76.0,135.0,58.0,99.0
FCTs_20170305_224753_NEW_BRITAIN_REGION__P.N.G,2017-03-05,22:47:53.0,-5.995,149.362,47.0,4.834e+18,6.39,258.0,39.0,88.0,80.0,51.0,91.0
FCTs_20170314_025116_NICOBAR_ISLANDS__INDIA_REGION,2017-03-14,02:51:16.0,6.146,92.304,8.0,1.41e+18,6.033,295.0,73.0,-152.0,196.0,64.0,-20.0
FCTs_20170319_154325_SOLOMON_ISLANDS,2017-03-19,15:43:25.0,-8.136,160.754,11.0,1.177e+18,5.981,144.0,28.0,109.0,302.0,64.0,80.0
FCTs_20170327_105020_NEAR_ISLANDS__ALEUTIAN_ISLANDS,2017-03-27,10:50:20.0,52.759,172.262,23.0,2.897e+18,6.241,303.0,26.0,145.0,65.0,75.0,68.0
FCTs_20170329_040924_NEAR_EAST_COAST_OF_KAMCHATKA,2017-03-29,04:09:24.0,56.94,162.786,20.0,7.688e+18,6.524,18.0,40.0,77.0,214.0,51.0,100.0
FCTs_20170403_174018_BOTSWANA,2017-04-03,17:40:18.0,-22.678,25.156,28.0,6.064e+18,6.455,339.0,36.0,-70.0,134.0,56.0,-104.0
FCTs_20170405_060912_NORTHERN_AND_CENTRAL_IRAN,2017-04-05,06:09:12.0,35.776,60.436,7.0,1.591e+18,6.068,95.0,46.0,59.0,316.0,52.0,118.0
FCTs_20170410_103847_PHILIPPINE_ISLANDS_REGION,2017-04-10,10:38:47.0,5.675,127.201,16.0,1.394e+18,6.029,175.0,28.0,68.0,20.0,64.0,101.0
FCTs_20170411_212100_MINDANAO__PHILIPPINES,2017-04-11,21:21:00.0,7.677,124.812,8.0,6.22e+17,5.796,131.0,71.0,-28.0,231.0,63.0,-159.0
FCTs_20170415_081943_CHILE-ARGENTINA_BORDER_REGION,2017-04-15,08:19:43.0,-23.265,-67.723,158.0,3.035e+18,6.255,187.0,6.0,-70.0,347.0,84.0,-92.0
FCTs_20170418_174955_PERU-ECUADOR_BORDER_REGION,2017-04-18,17:49:55.0,-2.712,-75.303,17.0,9.186e+17,5.909,191.0,42.0,88.0,14.0,48.0,92.0
FCTs_20170424_213830_OFF_COAST_OF_CENTRAL_CHILE,2017-04-24,21:38:30.0,-33.037,-72.062,22.0,3.451e+19,6.959,356.0,20.0,92.0,175.0,70.0,89.0
FCTs_20170428_202317_MINDANAO__PHILIPPINES,2017-04-28,20:23:17.0,5.504,125.066,34.0,2.115e+19,6.817,146.0,37.0,95.0,320.0,53.0,86.0
FCTs_20170501_123155_SOUTHEASTERN_ALASKA,2017-05-01,12:31:55.0,59.821,-136.711,11.0,1.866e+18,6.114,288.0,37.0,52.0,153.0,62.0,115.0
FCTs_20170501_141815_SOUTHEASTERN_ALASKA,2017-05-01,14:18:15.0,59.829,-136.704,12.0,1.972e+18,6.13,185.0,76.0,164.0,279.0,74.0,15.0
FCTs_20170503_044713_TAJIKISTAN,2017-05-03,04:47:13.0,39.494,71.444,16.0,7.82e+17,5.862,348.0,60.0,27.0,244.0,67.0,147.0
FCTs_20170505_050935_TAJIKISTAN,2017-05-05,05:09:35.0,39.479,71.422,13.0,6.829e+17,5.823,228.0,45.0,104.0,29.0,47.0,77.0
FCTs_20170508_170047_ANDREANOF_ISLANDS__ALEUTIAN_IS,2017-05-08,17:00:47.0,51.734,-178.587,6.0,4.77e+18,6.386,114.0,65.0,-137.0,3.0,51.0,-33.0
FCTs_20170509_015414_RYUKYU_ISLANDS__JAPAN,2017-05-09,01:54:14.0,24.45,126.317,25.0,1.4e+18,6.031,103.0,77.0,10.0,11.0,80.0,167.0
FCTs_20170509_135210_VANUATU_ISLANDS,2017-05-09,13:52:10.0,-14.588,167.377,182.0,2.129e+19,6.819,318.0,49.0,62.0,177.0,48.0,118.0
FCTs_20170510_075957_ANDREANOF_ISLANDS__ALEUTIAN_IS,2017-05-10,07:59:57.0,51.761,-178.48,8.0,6.897e+17,5.826,166.0,48.0,-53.0,298.0,54.0,-124.0
FCTs_20170510_232336_SOUTH_SANDWICH_ISLANDS_REGION,2017-05-10,23:23:36.0,-56.414,-25.743,17.0,6.328e+18,6.468,157.0,27.0,88.0,339.0,63.0,91.0
FCTs_20170512_104126_OFF_COAST_OF_CENTRAL_AMERICA,2017-05-12,10:41:26.0,12.919,-90.061,18.0,2.244e+18,6.167,201.0,45.0,-48.0,329.0,59.0,-124.0
FCTs_20170515_132238_NEW_BRITAIN_REGION__P.N.G,2017-05-15,13:22:38.0,-4.022,152.478,9.0,2.783e+18,6.23,320.0,71.0,30.0,220.0,62.0,159.0
FCTs_20170520_010614_NEGROS__PHILIPPINES,2017-05-20,01:06:14.0,9.382,123.954,559.0,9.694e+17,5.924,20.0,40.0,-11.0,118.0,83.0,-130.0
FCTs_20170529_143521_SULAWESI__INDONESIA,2017-05-29,14:35:21.0,-1.292,120.431,10.0,8.153e+18,6.541,278.0,38.0,-103.0,115.0,53.0,-80.0
FCTs_20170602_222447_NEAR_ISLANDS__ALEUTIAN_ISLANDS,2017-06-02,22:24:47.0,54.031,170.92,10.0,1.892e+19,6.785,219.0,88.0,23.0,129.0,67.0,178.0
FCTs_20170612_122839_AEGEAN_SEA,2017-06-12,12:28:39.0,38.93,26.365,11.0,4.02e+18,6.336,118.0,41.0,-74.0,277.0,51.0,-104.0
FCTs_20170614_072904_NEAR_COAST_OF_CHIAPAS__MEXICO,2017-06-14,07:29:04.0,14.909,-92.009,108.0,3.025e+19,6.921,170.0,7.0,-49.0,309.0,85.0,-94.0
FCTs_20170617_222602_SOUTH_OF_FIJI_ISLANDS,2017-06-17,22:26:02.0,-24.093,179.604,544.0,1.629e+18,6.075,102.0,24.0,154.0,216.0,80.0,68.0
FCTs_20170619_091545_FIJI_ISLANDS_REGION,2017-06-19,09:15:45.0,-20.749,-176.542,298.0,5.814e+17,5.776,35.0,65.0,4.0,303.0,86.0,155.0
FCTs_20170622_123103_NEAR_COAST_OF_GUATEMALA,2017-06-22,12:31:03.0,13.717,-90.972,33.0,2.167e+19,6.824,300.0,39.0,86.0,125.0,51.0,93.0
FCTs_20170628_182055_KERMADEC_ISLANDS__NEW_ZEALAND,2017-06-28,18:20:55.0,-30.31,-177.662,26.0,2.086e+18,6.146,204.0,26.0,100.0,13.0,64.0,85.0
FCTs_20170629_070311_KERMADEC_ISLANDS_REGION,2017-06-29,07:03:11.0,-31.125,179.926,423.0,1.076e+18,5.955,150.0,35.0,-151.0,35.0,73.0,-58.0
FCTs_20170630_013458_NORTHERN_MID-ATLANTIC_RIDGE,2017-06-30,01:34:58.0,33.741,-38.544,9.0,7.699e+17,5.858,278.0,83.0,-7.0,9.0,83.0,-173.0
FCTs_20170630_222945_NEAR_COAST_OF_ECUADOR,2017-06-30,22:29:45.0,-0.285,-80.493,14.0,1.652e+18,6.079,19.0,20.0,110.0,178.0,71.0,83.0
FCTs_20170704_160558_OFF_COAST_OF_CENTRAL_CHILE,2017-07-04,16:05:58.0,-35.505,-73.336,8.0,1.593e+18,6.068,19.0,22.0,108.0,180.0,69.0,83.0
FCTs_20170706_063017_MONTANA,2017-07-06,06:30:17.0,46.881,-112.575,5.0,4.989e+17,5.732,7.0,53.0,-28.0,115.0,68.0,-139.0
FCTs_20170706_080357_LEYTE__PHILIPPINES,2017-07-06,08:03:57.0,11.127,124.629,6.0,6.135e+18,6.459,146.0,85.0,10.0,55.0,81.0,175.0
FCTs_20170710_014148_LEYTE__PHILIPPINES,2017-07-10,01:41:48.0,10.989,124.784,4.0,8.415e+17,5.883,236.0,61.0,-171.0,141.0,82.0,-29.0
FCTs_20170711_070001_AUCKLAND_ISLANDS__N.Z._REGION,2017-07-11,07:00:01.0,-49.484,164.016,27.0,7.422e+18,6.514,19.0,49.0,141.0,137.0,62.0,48.0
FCTs_20170712_194807_SEA_OF_JAPAN,2017-07-12,19:48:07.0,40.855,131.664,582.0,9.39e+17,5.915,334.0,73.0,-22.0,71.0,69.0,-162.0
FCTs_20170713_033608_NEW_IRELAND_REGION__P.N.G,2017-07-13,03:36:08.0,-4.779,153.211,39.0,7.038e+18,6.498,80.0,51.0,134.0,204.0,56.0,49.0
FCTs_20170715_121221_MINAHASSA_PENINSULA__SULAWESI,2017-07-15,12:12:21.0,0.41,121.984,120.0,9.992e+17,5.933,48.0,31.0,72.0,249.0,61.0,100.0
FCTs_20170717_110509_KOMANDORSKIYE_OSTROVA_REGION,2017-07-17,11:05:09.0,54.58,168.648,9.0,5.714e+18,6.438,38.0,82.0,-43.0,135.0,48.0,-169.0
FCTs_20170717_233413_KOMANDORSKIYE_OSTROVA_REGION,2017-07-17,23:34:13.0,54.443,168.857,19.0,1.065e+21,7.952,217.0,87.0,26.0,126.0,65.0,177.0
FCTs_20170719_121623_MAURITIUS_-_REUNION_REGION,2017-07-19,12:16:23.0,-17.415,66.484,7.0,1.249e+18,5.998,240.0,72.0,4.0,149.0,86.0,162.0
FCTs_20170720_001124_NEAR_EAST_COAST_OF_HONSHU__JAPAN,2017-07-20,00:11:24.0,37.417,141.586,37.0,7.7e+17,5.858,209.0,23.0,94.0,24.0,67.0,88.0
FCTs_20170720_223111_DODECANESE_ISLANDS__GREECE,2017-07-20,22:31:11.0,36.929,27.414,10.0,9.198e+18,6.576,290.0,38.0,-59.0,72.0,58.0,-112.0
FCTs_20170726_103257_SOUTHEAST_OF_RYUKYU_ISLANDS,2017-07-26,10:32:57.0,26.897,130.184,14.0,8.836e+17,5.898,34.0,40.0,-85.0,207.0,50.0,-94.0
FCTs_20170727_175324_NORTH_ATLANTIC_OCEAN,2017-07-27,17:53:24.0,13.396,-49.326,19.0,1.071e+18,5.953,224.0,56.0,-131.0,102.0,51.0,-45.0
FCTs_20170805_003041_MINDANAO__PHILIPPINES,2017-08-05,00:30:41.0,6.115,125.415,82.0,5.75e+17,5.773,134.0,57.0,-9.0,228.0,83.0,-146.0
FCTs_20170807_062643_NEW_BRITAIN_REGION__P.N.G,2017-08-07,06:26:43.0,-5.435,151.581,38.0,6.987e+17,5.83,235.0,21.0,83.0,62.0,69.0,93.0
FCTs_20170808_131949_GANSU__CHINA,2017-08-08,13:19:49.0,33.193,103.855,10.0,7.485e+18,6.516,244.0,72.0,-171.0,152.0,81.0,-18.0
FCTs_20170808_232753_NORTHERN_XINJIANG__CHINA,2017-08-08,23:27:53.0,44.302,82.832,20.0,3.593e+18,6.304,97.0,44.0,102.0,260.0,47.0,78.0
FCTs_20170811_052825_LUZON__PHILIPPINES,2017-08-11,05:28:25.0,14.007,120.739,179.0,3.983e+18,6.333,272.0,38.0,78.0,107.0,53.0,99.0
FCTs_20170813_030810_SOUTHERN_SUMATRA__INDONESIA,2017-08-13,03:08:10.0,-3.768,101.623,38.0,6.024e+18,6.453,315.0,24.0,94.0,131.0,66.0,88.0
FCTs_20170813_165124_CENTRAL_PERU,2017-08-13,16:51:24.0,-10.721,-74.566,32.0,5.062e+17,5.736,313.0,47.0,13.0,214.0,80.0,137.0
FCTs_20170818_025925_NORTH_OF_ASCENSION_ISLAND,2017-08-18,02:59:25.0,-1.112,-13.66,17.0,9.698e+18,6.591,348.0,83.0,8.0,257.0,82.0,173.0
FCTs_20170819_020052_FIJI_ISLANDS_REGION,2017-08-19,02:00:52.0,-17.961,-178.841,577.0,4.631e+18,6.377,310.0,83.0,-31.0,44.0,59.0,-172.0
FCTs_20170827_041751_ADMIRALTY_ISLANDS_REGION__P.N.G,2017-08-27,04:17:51.0,-1.452,148.08,10.0,5.137e+18,6.407,222.0,74.0,-26.0,320.0,65.0,-162.0
FCTs_20170831_170655_SOUTHERN_SUMATRA__INDONESIA,2017-08-31,17:06:55.0,-1.159,99.688,43.0,4.865e+18,6.391,307.0,26.0,78.0,140.0,64.0,96.0
FCTs_20170904_080734_SOUTH_SANDWICH_ISLANDS_REGION,2017-09-04,08:07:34.0,-57.739,-25.613,31.0,1.631e+18,6.075,168.0,36.0,90.0,348.0,54.0,90.0
FCTs_20170907_172649_BONIN_ISLANDS__JAPAN_REGION,2017-09-07,17:26:49.0,27.783,139.804,476.0,1.272e+18,6.003,112.0,35.0,-134.0,341.0,66.0,-65.0
FCTs_20170908_044919_NEAR_COAST_OF_CHIAPAS__MEXICO,2017-09-08,04:49:19.0,15.022,-93.899,45.0,2.011e+21,8.136,164.0,16.0,-61.0,313.0,76.0,-98.0
FCTs_20170914_174127_MARIANA_ISLANDS,2017-09-14,17:41:27.0,18.688,145.747,181.0,5.928e+17,5.782,234.0,37.0,166.0,335.0,81.0,54.0
FCTs_20170919_181438_CENTRAL_MEXICO,2017-09-19,18:14:38.0,18.55,-98.489,60.0,5.893e+19,7.114,107.0,41.0,-94.0,292.0,49.0,-87.0
FCTs_20170920_163716_OFF_EAST_COAST_OF_HONSHU__JAPAN,2017-09-20,16:37:16.0,37.981,144.66,10.0,2.319e+18,6.177,45.0,35.0,-57.0,186.0,61.0,-111.0
FCTs_20170920_200949_VANUATU_ISLANDS,2017-09-20,20:09:49.0,-18.785,169.095,210.0,5.56e+18,6.43,37.0,61.0,146.0,146.0,61.0,34.0
FCTs_20170923_103805_NEAR_COAST_OF_OAXACA__MEXICO,2017-09-23,10:38:05.0,15.49,-94.429,67.0,7.372e+17,5.845,151.0,23.0,-60.0,299.0,70.0,-102.0
FCTs_20170923_125301_OAXACA__MEXICO,2017-09-23,12:53:01.0,16.626,-95.078,11.0,1.305e+18,6.01,258.0,40.0,-72.0,56.0,52.0,-104.0
FCTs_20170925_202924_NEW_BRITAIN_REGION__P.N.G,2017-09-25,20:29:24.0,-6.232,152.721,10.0,1.128e+18,5.968,301.0,39.0,-95.0,127.0,51.0,-86.0
FCTs_20170926_042000_SOUTH_OF_FIJI_ISLANDS,2017-09-26,04:20:00.0,-23.581,-176.837,115.0,5.393e+18,6.421,147.0,12.0,-146.0,23.0,83.0,-80.0
FCTs_20170926_202211_NEAR_EAST_COAST_OF_HONSHU__JAPAN,2017-09-26,20:22:11.0,40.335,142.342,38.0,9.647e+17,5.923,193.0,22.0,79.0,24.0,69.0,94.0
FCTs_20171006_075932_OFF_EAST_COAST_OF_HONSHU__JAPAN,2017-10-06,07:59:32.0,37.503,144.02,8.0,2.147e+18,6.155,186.0,52.0,-119.0,47.0,47.0,-59.0
FCTs_20171008_140438_TONGA_ISLANDS,2017-10-08,14:04:38.0,-18.99,-175.566,11.0,1.419e+18,6.035,292.0,75.0,-175.0,201.0,85.0,-15.0
FCTs_20171008_223433_RAT_ISLANDS__ALEUTIAN_ISLANDS,2017-10-08,22:34:33.0,52.391,176.769,128.0,8.327e+18,6.547,223.0,38.0,4.0,129.0,87.0,128.0
FCTs_20171010_063221_NORTHERN_CHILE,2017-10-10,06:32:21.0,-18.572,-69.753,92.0,3.76e+18,6.317,203.0,15.0,-59.0,351.0,77.0,-98.0
FCTs_20171010_185327_BOUVET_ISLAND_REGION,2017-10-10,18:53:27.0,-54.263,8.609,15.0,1.608e+19,6.737,39.0,83.0,-178.0,308.0,88.0,-7.0
FCTs_20171018_120059_TONGA_ISLANDS,2017-10-18,12:00:59.0,-20.591,-173.802,9.0,3.678e+18,6.31,227.0,19.0,111.0,25.0,73.0,83.0
FCTs_20171019_090202_SOUTHEAST_OF_RYUKYU_ISLANDS,2017-10-19,09:02:02.0,28.318,131.211,18.0,9.596e+17,5.921,16.0,41.0,-86.0,191.0,49.0,-94.0
FCTs_20171023_083232_SOUTHWEST_OF_AFRICA,2017-10-23,08:32:32.0,-52.344,16.781,8.0,8.532e+17,5.887,306.0,30.0,-80.0,114.0,60.0,-96.0
FCTs_20171024_104747_BANDA_SEA,2017-10-24,10:47:47.0,-7.217,123.074,566.0,1.453e+19,6.708,103.0,48.0,-46.0,227.0,58.0,-128.0
FCTs_20171028_161354_NORTH_OF_FRANZ_JOSEF_LAND,2017-10-28,16:13:54.0,86.875,54.152,6.0,6.28e+17,5.799,89.0,33.0,-62.0,237.0,61.0,-107.0
FCTs_20171028_191102_NORTH_OF_FRANZ_JOSEF_LAND,2017-10-28,19:11:02.0,86.923,55.2,7.0,9.382e+17,5.915,77.0,40.0,-105.0,276.0,52.0,-78.0
FCTs_20171031_004208_SOUTHEAST_OF_LOYALTY_ISLANDS,2017-10-31,00:42:08.0,-21.697,169.148,39.0,6.229e+18,6.463,316.0,25.0,70.0,158.0,66.0,99.0
FCTs_20171101_022357_LOYALTY_ISLANDS,2017-11-01,02:23:57.0,-21.648,168.859,10.0,8.656e+18,6.558,135.0,44.0,-90.0,315.0,46.0,-90.0
FCTs_20171104_090019_TONGA_ISLANDS,2017-11-04,09:00:19.0,-15.32,-173.168,34.0,9.571e+18,6.587,182.0,42.0,163.0,285.0,79.0,49.0
FCTs_20171107_212638_NEW_GUINEA__PAPUA_NEW_GUINEA,2017-11-07,21:26:38.0,-4.243,143.485,118.0,7.933e+18,6.533,265.0,23.0,81.0,95.0,68.0,94.0
FCTs_20171109_074211_SOUTHEAST_OF_HONSHU__JAPAN,2017-11-09,07:42:11.0,32.521,141.438,15.0,1.653e+18,6.079,174.0,25.0,87.0,357.0,65.0,91.0
FCTs_20171110_120133_WEST_CHILE_RISE,2017-11-10,12:01:33.0,-41.467,-84.19,6.0,5.444e+17,5.757,151.0,36.0,-108.0,353.0,56.0,-78.0
FCTs_20171111_003614_ASCENSION_ISLAND_REGION,2017-11-11,00:36:14.0,-11.742,-14.114,10.0,1.472e+18,6.045,75.0,81.0,16.0,343.0,75.0,171.0
FCTs_20171112_181817_IRAN-IRAQ_BORDER_REGION,2017-11-12,18:18:17.0,34.911,45.959,21.0,1.197e+20,7.319,1.0,17.0,146.0,124.0,81.0,76.0
FCTs_20171113_022823_COSTA_RICA,2017-11-13,02:28:23.0,9.515,-84.487,23.0,7.338e+18,6.51,299.0,26.0,91.0,118.0,64.0,89.0
FCTs_20171116_070238_LOYALTY_ISLANDS,2017-11-16,07:02:38.0,-21.542,168.51,20.0,5.829e+17,5.777,306.0,43.0,-104.0,144.0,48.0,-77.0
FCTs_20171116_094333_SOUTHEAST_OF_HONSHU__JAPAN,2017-11-16,09:43:33.0,32.22,140.55,71.0,5.899e+17,5.781,78.0,26.0,161.0,186.0,82.0,65.0
FCTs_20171117_223419_EASTERN_XIZANG-INDIA_BORDER_REG,2017-11-17,22:34:19.0,29.833,94.984,7.0,7.902e+18,6.532,121.0,12.0,76.0,315.0,78.0,93.0
FCTs_20171118_160700_HALMAHERA__INDONESIA,2017-11-18,16:07:00.0,2.465,128.148,8.0,6.117e+17,5.791,24.0,64.0,-36.0,132.0,58.0,-149.0
FCTs_20171119_092548_LOYALTY_ISLANDS,2017-11-19,09:25:48.0,-21.638,168.673,17.0,2.371e+18,6.183,318.0,44.0,-98.0,149.0,47.0,-82.0
FCTs_20171119_150902_LOYALTY_ISLANDS,2017-11-19,15:09:02.0,-21.503,168.598,18.0,6e+18,6.452,317.0,41.0,-97.0,145.0,50.0,-84.0
FCTs_20171119_224329_LOYALTY_ISLANDS,2017-11-19,22:43:29.0,-21.325,168.671,17.0,3.208e+19,6.937,350.0,34.0,-77.0,155.0,57.0,-98.0
FCTs_20171127_071111_NEW_IRELAND_REGION__P.N.G,2017-11-27,07:11:11.0,-4.575,153.227,56.0,1.593e+18,6.068,280.0,35.0,109.0,78.0,57.0,78.0
FCTs_20171130_063250_CENTRAL_MID-ATLANTIC_RIDGE,2017-11-30,06:32:50.0,-1.08,-23.432,6.0,6.477e+18,6.474,265.0,82.0,-179.0,174.0,89.0,-8.0
FCTs_20171201_023246_NORTHERN_AND_CENTRAL_IRAN,2017-12-01,02:32:46.0,30.746,57.307,8.0,1.378e+18,6.026,120.0,39.0,84.0,309.0,51.0,95.0
FCTs_20171203_111905_NEAR_COAST_OF_ECUADOR,2017-12-03,11:19:05.0,-0.47,-80.31,22.0,2.1e+18,6.148,28.0,24.0,118.0,179.0,69.0,78.0
FCTs_20171208_002254_W._CAROLINE_ISLANDS__MICRONESIA,2017-12-08,00:22:54.0,10.116,140.22,20.0,5.641e+18,6.434,333.0,72.0,21.0,236.0,70.0,160.0
FCTs_20171208_095108_W._CAROLINE_ISLANDS__MICRONESIA,2017-12-08,09:51:08.0,10.012,140.187,12.0,2.566e+18,6.206,40.0,88.0,-167.0,309.0,77.0,-2.0
FCTs_20171212_084318_NORTHERN_AND_CENTRAL_IRAN,2017-12-12,08:43:18.0,30.737,57.279,8.0,1.108e+18,5.963,122.0,36.0,86.0,307.0,54.0,93.0
FCTs_20171212_214131_NORTHERN_AND_CENTRAL_IRAN,2017-12-12,21:41:31.0,30.827,57.298,7.0,9.769e+17,5.927,97.0,34.0,65.0,307.0,60.0,106.0
FCTs_20171213_180343_BOUVET_ISLAND_REGION,2017-12-13,18:03:43.0,-54.219,2.163,12.0,6.566e+18,6.478,45.0,86.0,-180.0,315.0,90.0,-4.0
FCTs_20171215_164758_JAVA__INDONESIA,2017-12-15,16:47:58.0,-7.492,108.174,97.0,6.888e+18,6.492,44.0,48.0,156.0,150.0,73.0,44.0
FCTs_20180110_025133_NORTH_OF_HONDURAS,2018-01-10,02:51:33.0,17.483,-83.52,13.0,1.405e+20,7.365,78.0,85.0,-15.0,169.0,75.0,-174.0
FCTs_20180111_182624_MYANMAR,2018-01-11,18:26:24.0,18.372,96.072,7.0,8.481e+17,5.886,334.0,34.0,90.0,154.0,56.0,90.0
FCTs_20180114_091845_NEAR_COAST_OF_PERU,2018-01-14,09:18:45.0,-15.767,-74.709,45.0,5.621e+19,7.1,297.0,45.0,74.0,140.0,47.0,106.0
FCTs_20180119_161744_GULF_OF_CALIFORNIA,2018-01-19,16:17:44.0,26.686,-111.078,12.0,3.612e+18,6.305,42.0,88.0,-13.0,132.0,78.0,-178.0
FCTs_20180121_010642_NORTHERN_CHILE,2018-01-21,01:06:42.0,-18.881,-69.445,117.0,3.728e+18,6.314,196.0,22.0,-71.0,356.0,70.0,-97.0
FCTs_20180123_063454_JAVA__INDONESIA,2018-01-23,06:34:54.0,-7.092,105.963,50.0,1.124e+18,5.967,306.0,30.0,164.0,51.0,82.0,61.0
FCTs_20180123_093140_GULF_OF_ALASKA,2018-01-23,09:31:40.0,56.004,-149.166,21.0,9.716e+20,7.925,262.0,70.0,22.0,165.0,69.0,159.0
FCTs_20180124_105119_HOKKAIDO__JAPAN_REGION,2018-01-24,10:51:19.0,41.103,142.432,39.0,4.654e+18,6.379,172.0,23.0,62.0,22.0,70.0,101.0
FCTs_20180125_011558_NICOBAR_ISLANDS__INDIA_REGION,2018-01-25,01:15:58.0,8.253,91.767,13.0,6.185e+17,5.794,154.0,54.0,-132.0,30.0,53.0,-47.0
FCTs_20180125_021034_KOMANDORSKIYE_OSTROVA_REGION,2018-01-25,02:10:34.0,55.542,166.45,7.0,3.614e+18,6.305,23.0,56.0,5.0,290.0,86.0,146.0
FCTs_20180126_224757_NEAR_N_COAST_OF_NEW_GUINEA__PNG,2018-01-26,22:47:57.0,-3.514,145.848,16.0,3.424e+18,6.29,94.0,75.0,7.0,3.0,83.0,165.0
FCTs_20180128_160303_SOUTHWEST_OF_AFRICA,2018-01-28,16:03:03.0,-53.062,9.684,8.0,7.809e+18,6.528,229.0,76.0,-151.0,132.0,62.0,-16.0
FCTs_20180131_070700_HINDU_KUSH_REGION__AFGHANISTAN,2018-01-31,07:07:00.0,36.526,70.851,209.0,3.024e+18,6.254,256.0,32.0,114.0,48.0,61.0,76.0
FCTs_20180204_135641_TAIWAN,2018-02-04,13:56:41.0,24.157,121.708,17.0,2.179e+18,6.159,348.0,16.0,-168.0,246.0,87.0,-74.0
FCTs_20180206_155043_TAIWAN,2018-02-06,15:50:43.0,24.134,121.659,21.0,3.886e+18,6.326,196.0,52.0,0.0,286.0,90.0,-142.0
FCTs_20180210_225048_NEW_IRELAND_REGION__P.N.G,2018-02-10,22:50:48.0,-3.818,151.925,275.0,7.132e+17,5.835,248.0,26.0,-24.0,1.0,80.0,-114.0
FCTs_20180211_231415_SOUTH_OF_MARIANA_ISLANDS,2018-02-11,23:14:15.0,13.821,146.438,17.0,1.308e+18,6.011,341.0,38.0,-159.0,234.0,77.0,-54.0
FCTs_20180216_233939_OAXACA__MEXICO,2018-02-16,23:39:39.0,16.385,-97.979,19.0,7.726e+19,7.192,307.0,18.0,96.0,121.0,72.0,88.0
FCTs_20180225_174444_NEW_GUINEA__PAPUA_NEW_GUINEA,2018-02-25,17:44:44.0,-6.07,142.754,15.0,2.267e+20,7.504,313.0,40.0,90.0,133.0,50.0,90.0
FCTs_20180226_133453_CERAM_SEA,2018-02-26,13:34:53.0,-2.777,126.686,10.0,1.122e+18,5.967,324.0,24.0,83.0,152.0,66.0,93.0
FCTs_20180226_151800_NEW_GUINEA__PAPUA_NEW_GUINEA,2018-02-26,15:18:00.0,-6.505,143.255,7.0,3.681e+18,6.311,297.0,24.0,65.0,144.0,69.0,100.0
FCTs_20180228_024545_NEW_GUINEA__PAPUA_NEW_GUINEA,2018-02-28,02:45:45.0,-6.17,142.468,19.0,2.125e+18,6.152,246.0,21.0,17.0,140.0,84.0,110.0
FCTs_20180302_022012_BANDA_SEA,2018-03-02,02:20:12.0,-6.135,130.278,146.0,8.69e+17,5.893,97.0,39.0,23.0,349.0,76.0,127.0
FCTs_20180306_141307_NEW_GUINEA__PAPUA_NEW_GUINEA,2018-03-06,14:13:07.0,-6.304,142.612,9.0,1.896e+19,6.785,273.0,17.0,60.0,124.0,76.0,98.0
FCTs_20180308_173951_NEW_IRELAND_REGION__P.N.G,2018-03-08,17:39:51.0,-4.376,153.2,26.0,1.525e+19,6.722,312.0,62.0,26.0,209.0,68.0,149.0
FCTs_20180310_214536_NORTH_OF_ASCENSION_ISLAND,2018-03-10,21:45:36.0,-1.423,-15.21,4.0,1.169e+18,5.978,257.0,65.0,176.0,349.0,86.0,25.0
FCTs_20180324_112332_NEW_BRITAIN_REGION__P.N.G,2018-03-24,11:23:32.0,-5.496,151.497,33.0,5.777e+18,6.441,238.0,44.0,83.0,68.0,47.0,97.0
FCTs_20180324_195833_SOUTHEAST_INDIAN_RIDGE,2018-03-24,19:58:33.0,-45.778,96.069,5.0,1.921e+18,6.122,122.0,69.0,165.0,218.0,76.0,22.0
FCTs_20180325_201447_BANDA_SEA,2018-03-25,20:14:47.0,-6.634,129.817,177.0,6.302e+18,6.466,296.0,41.0,176.0,28.0,88.0,49.0
FCTs_20180326_095100_NEW_BRITAIN_REGION__P.N.G,2018-03-26,09:51:00.0,-5.502,151.402,42.0,1.858e+19,6.779,243.0,40.0,71.0,87.0,53.0,105.0
FCTs_20180329_185112_SOLOMON_ISLANDS,2018-03-29,18:51:12.0,-9.421,159.579,36.0,3.31e+17,5.613,206.0,14.0,-97.0,34.0,77.0,-88.0
FCTs_20180329_212536_NEW_BRITAIN_REGION__P.N.G,2018-03-29,21:25:36.0,-5.532,151.5,39.0,3.365e+19,6.951,248.0,37.0,85.0,74.0,54.0,93.0
FCTs_20180402_055735_SOUTH_OF_FIJI_ISLANDS,2018-04-02,05:57:35.0,-24.719,-176.887,106.0,2.07e+18,6.144,120.0,38.0,-136.0,352.0,65.0,-61.0
FCTs_20180402_134034_SOUTHERN_BOLIVIA,2018-04-02,13:40:34.0,-20.659,-63.006,565.0,1.953e+19,6.794,329.0,37.0,-112.0,175.0,56.0,-75.0
FCTs_20180405_035338_MINDANAO__PHILIPPINES,2018-04-05,03:53:38.0,6.832,126.779,44.0,1.675e+18,6.083,30.0,45.0,106.0,188.0,47.0,74.0
FCTs_20180405_090758_FIJI_ISLANDS_REGION,2018-04-05,09:07:58.0,-18.295,-177.914,535.0,7.656e+17,5.856,272.0,25.0,-29.0,28.0,78.0,-112.0
FCTs_20180407_054840_NEW_GUINEA__PAPUA_NEW_GUINEA,2018-04-07,05:48:40.0,-5.838,142.531,23.0,3.014e+18,6.253,135.0,40.0,91.0,314.0,50.0,89.0
FCTs_20180410_101934_NEAR_COAST_OF_CENTRAL_CHILE,2018-04-10,10:19:34.0,-31.026,-71.529,76.0,3.291e+18,6.278,109.0,29.0,-128.0,331.0,67.0,-71.0
FCTs_20180419_210917_PRINCE_EDWARD_ISLANDS_REGION,2018-04-19,21:09:17.0,-42.78,42.188,7.0,5.328e+17,5.751,290.0,47.0,-70.0,82.0,47.0,-110.0
FCTs_20180504_223254_HAWAII,2018-05-04,22:32:54.0,19.318,-155.0,13.0,3.391e+19,6.954,244.0,8.0,110.0,43.0,83.0,87.0
FCTs_20180505_061905_LUZON__PHILIPPINES,2018-05-05,06:19:05.0,14.571,123.919,20.0,3.085e+18,6.259,174.0,20.0,96.0,348.0,70.0,88.0
FCTs_20180509_075754_NEW_BRITAIN_REGION__P.N.G,2018-05-09,07:57:54.0,-5.882,151.784,17.0,1.467e+18,6.044,302.0,25.0,124.0,84.0,69.0,75.0
FCTs_20180509_104145_AFGHANISTAN-TAJIKISTAN_BORD_REG,2018-05-09,10:41:45.0,36.994,71.382,115.0,3.563e+18,6.301,91.0,33.0,118.0,239.0,62.0,73.0
FCTs_20180510_180228_MINDANAO__PHILIPPINES,2018-05-10,18:02:28.0,6.87,123.762,555.0,7.07e+17,5.833,237.0,35.0,-28.0,351.0,74.0,-121.0
FCTs_20180515_154809_NORTHWEST_OF_MADAGASCAR,2018-05-15,15:48:09.0,-12.776,45.581,16.0,1.013e+18,5.937,84.0,84.0,-151.0,351.0,61.0,-7.0
FCTs_20180518_014531_SOUTH_OF_KERMADEC_ISLANDS,2018-05-18,01:45:31.0,-34.589,-178.414,15.0,1.689e+18,6.085,167.0,49.0,-112.0,20.0,46.0,-66.0
FCTs_20180602_115306_SAMOA_ISLANDS,2018-06-02,11:53:06.0,-14.954,-172.895,7.0,7.482e+17,5.849,128.0,28.0,28.0,13.0,77.0,115.0
FCTs_20180612_230828_SOUTHWEST_OF_SUMATRA__INDONESIA,2018-06-12,23:08:28.0,-2.02,98.588,11.0,1.509e+18,6.052,328.0,9.0,104.0,134.0,81.0,88.0
FCTs_20180621_211332_VANUATU_ISLANDS,2018-06-21,21:13:32.0,-17.791,168.057,42.0,2.426e+18,6.19,347.0,45.0,99.0,155.0,46.0,81.0
FCTs_20180706_014004_NEAR_EAST_COAST_OF_KAMCHATKA,2018-07-06,01:40:04.0,51.499,157.84,62.0,1.821e+18,6.107,85.0,22.0,117.0,236.0,70.0,80.0
FCTs_20180707_213349_KERMADEC_ISLANDS__NEW_ZEALAND,2018-07-07,21:33:49.0,-30.566,-178.07,44.0,1.714e+18,6.089,182.0,34.0,82.0,12.0,57.0,96.0
FCTs_20180713_094649_VANUATU_ISLANDS,2018-07-13,09:46:49.0,-18.928,169.047,184.0,5.055e+18,6.403,323.0,13.0,59.0,174.0,79.0,97.0
FCTs_20180715_015719_EASTERN_GULF_OF_ADEN,2018-07-15,01:57:19.0,14.062,51.736,20.0,1.329e+18,6.016,300.0,89.0,-9.0,31.0,81.0,-179.0
FCTs_20180715_130916_EASTERN_GULF_OF_ADEN,2018-07-15,13:09:16.0,13.848,51.717,14.0,9.185e+17,5.909,121.0,80.0,1.0,30.0,89.0,170.0
FCTs_20180717_070253_SANTA_CRUZ_ISLANDS,2018-07-17,07:02:53.0,-11.594,166.432,52.0,1.379e+18,6.026,153.0,43.0,87.0,337.0,48.0,93.0
FCTs_20180719_133153_OAXACA__MEXICO,2018-07-19,13:31:53.0,17.932,-97.716,63.0,5.99e+17,5.785,326.0,43.0,-40.0,88.0,64.0,-125.0
FCTs_20180719_183032_NEW_BRITAIN_REGION__P.N.G,2018-07-19,18:30:32.0,-6.114,148.73,43.0,1.425e+18,6.036,246.0,34.0,102.0,52.0,57.0,82.0
FCTs_20180722_100727_WESTERN_IRAN,2018-07-22,10:07:27.0,34.591,46.166,11.0,4.067e+17,5.673,335.0,87.0,173.0,66.0,83.0,3.0
FCTs_20180728_170723_FLORES_SEA,2018-07-28,17:07:23.0,-7.104,122.726,584.0,1.236e+18,5.995,93.0,34.0,-84.0,267.0,57.0,-94.0
FCTs_20180728_224738_SUMBAWA_REGION__INDONESIA,2018-07-28,22:47:38.0,-8.24,116.508,14.0,5.923e+18,6.448,80.0,21.0,86.0,264.0,69.0,91.0
FCTs_20180805_114638_SUMBAWA_REGION__INDONESIA,2018-08-05,11:46:38.0,-8.258,116.438,13.0,3.821e+19,6.988,94.0,23.0,102.0,261.0,67.0,85.0
FCTs_20180809_052532_SUMBAWA_REGION__INDONESIA,2018-08-09,05:25:32.0,-8.307,116.23,16.0,7.957e+17,5.867,71.0,30.0,85.0,258.0,60.0,93.0
FCTs_20180810_181207_KURIL_ISLANDS,2018-08-10,18:12:07.0,48.459,154.939,27.0,2.042e+18,6.14,224.0,16.0,-81.0,35.0,74.0,-93.0
FCTs_20180812_145853_NORTHERN_ALASKA,2018-08-12,14:58:53.0,69.576,-145.291,11.0,6.412e+18,6.471,99.0,75.0,-176.0,8.0,86.0,-16.0
FCTs_20180812_211500_NORTHERN_ALASKA,2018-08-12,21:15:00.0,69.523,-144.339,9.0,8.839e+17,5.898,17.0,89.0,-17.0,108.0,73.0,-178.0
FCTs_20180814_032952_SOUTH_SANDWICH_ISLANDS_REGION,2018-08-14,03:29:52.0,-58.134,-25.272,35.0,1.238e+18,5.995,242.0,38.0,52.0,107.0,61.0,116.0
FCTs_20180815_215656_ANDREANOF_ISLANDS__ALEUTIAN_IS,2018-08-15,21:56:56.0,51.423,-178.026,33.0,1.035e+19,6.61,267.0,28.0,119.0,55.0,66.0,76.0
FCTs_20180816_182130_VOLCANO_ISLANDS__JAPAN_REGION,2018-08-16,18:21:30.0,23.352,143.395,27.0,1.054e+18,5.949,172.0,15.0,90.0,352.0,75.0,90.0
FCTs_20180817_153501_FLORES_SEA,2018-08-17,15:35:01.0,-7.372,119.802,549.0,7.348e+18,6.511,271.0,15.0,141.0,40.0,81.0,78.0
FCTs_20180817_232224_COSTA_RICA,2018-08-17,23:22:24.0,8.779,-83.153,19.0,1.46e+18,6.043,302.0,39.0,91.0,121.0,51.0,89.0
FCTs_20180819_001940_FIJI_ISLANDS_REGION,2018-08-19,00:19:40.0,-18.112,-178.153,576.0,2.519e+21,8.201,209.0,20.0,-77.0,15.0,71.0,-95.0
FCTs_20180821_213147_NEAR_COAST_OF_VENEZUELA,2018-08-21,21:31:47.0,10.773,-62.902,136.0,7.879e+19,7.198,293.0,16.0,114.0,88.0,76.0,83.0
FCTs_20180822_093145_OFF_COAST_OF_OREGON,2018-08-22,09:31:45.0,43.564,-127.717,12.0,2.186e+18,6.16,114.0,85.0,175.0,204.0,85.0,5.0
FCTs_20180822_132748_NEAR_COAST_OF_VENEZUELA,2018-08-22,13:27:48.0,10.659,-62.929,118.0,6.101e+17,5.79,203.0,35.0,25.0,92.0,76.0,123.0
FCTs_20180823_033512_ANDREANOF_ISLANDS__ALEUTIAN_IS,2018-08-23,03:35:12.0,51.35,-177.76,19.0,5.798e+18,6.442,266.0,28.0,113.0,60.0,64.0,78.0
FCTs_20180824_090408_PERU-BRAZIL_BORDER_REGION,2018-08-24,09:04:08.0,-11.035,-70.828,625.0,3.458e+19,6.959,344.0,35.0,-90.0,164.0,55.0,-90.0
FCTs_20180825_165001_FOX_ISLANDS__ALEUTIAN_ISLANDS,2018-08-25,16:50:01.0,52.095,-171.125,30.0,1.031e+18,5.942,258.0,31.0,106.0,59.0,60.0,80.0
FCTs_20180825_221325_WESTERN_IRAN,2018-08-25,22:13:25.0,34.611,46.242,9.0,1.055e+18,5.949,264.0,73.0,5.0,172.0,85.0,163.0
FCTs_20180828_070811_TIMOR_REGION,2018-08-28,07:08:11.0,-10.773,124.187,13.0,3.069e+18,6.258,104.0,37.0,115.0,254.0,56.0,72.0
FCTs_20180828_223513_MARIANA_ISLANDS,2018-08-28,22:35:13.0,16.804,146.839,72.0,5.714e+18,6.438,232.0,29.0,-180.0,142.0,90.0,-61.0
FCTs_20180829_035156_SOUTHEAST_OF_LOYALTY_ISLANDS,2018-08-29,03:51:56.0,-22.029,170.126,25.0,4.836e+19,7.056,322.0,23.0,94.0,137.0,67.0,88.0
FCTs_20180905_180759_HOKKAIDO__JAPAN_REGION,2018-09-05,18:07:59.0,42.686,141.929,28.0,1.002e+19,6.601,132.0,23.0,59.0,345.0,70.0,102.0
FCTs_20180908_071649_MINDANAO__PHILIPPINES,2018-09-08,07:16:49.0,7.238,126.478,5.0,3.254e+18,6.275,143.0,53.0,-49.0,268.0,53.0,-131.0
FCTs_20180909_193135_SOLOMON_ISLANDS,2018-09-09,19:31:35.0,-10.021,161.503,73.0,8.338e+18,6.547,118.0,41.0,62.0,334.0,54.0,112.0
FCTs_20180910_041902_KERMADEC_ISLANDS_REGION,2018-09-10,04:19:02.0,-31.745,-179.373,123.0,2.808e+19,6.899,153.0,37.0,-153.0,41.0,74.0,-56.0
FCTs_20180910_193137_SOUTHEAST_OF_LOYALTY_ISLANDS,2018-09-10,19:31:37.0,-21.988,170.158,20.0,3.431e+18,6.29,303.0,31.0,64.0,152.0,62.0,105.0
FCTs_20180916_211148_SOUTH_OF_FIJI_ISLANDS,2018-09-16,21:11:48.0,-25.415,178.199,601.0,5.516e+18,6.428,243.0,30.0,-165.0,140.0,83.0,-61.0
FCTs_20180918_072741_SOUTHWEST_INDIAN_RIDGE,2018-09-18,07:27:41.0,-37.813,49.777,7.0,7.395e+17,5.846,105.0,45.0,-66.0,254.0,50.0,-112.0
FCTs_20180918_115753_SOLOMON_ISLANDS,2018-09-18,11:57:53.0,-8.311,157.193,20.0,7.474e+17,5.849,198.0,45.0,-145.0,81.0,66.0,-51.0
FCTs_20180928_100245_MINAHASSA_PENINSULA__SULAWESI,2018-09-28,10:02:45.0,-0.256,119.846,29.0,2.412e+20,7.522,259.0,81.0,163.0,352.0,74.0,9.0
FCTs_20180930_105223_FIJI_ISLANDS_REGION,2018-09-30,10:52:23.0,-18.36,-178.063,571.0,1.224e+19,6.659,250.0,24.0,-44.0,22.0,73.0,-108.0
FCTs_20181001_235942_SUMBA_REGION__INDONESIA,2018-10-01,23:59:42.0,-10.559,120.242,31.0,1.376e+18,6.026,287.0,36.0,81.0,118.0,54.0,97.0
FCTs_20181009_074511_KURIL_ISLANDS,2018-10-09,07:45:11.0,49.396,156.242,20.0,2.161e+18,6.156,221.0,23.0,95.0,36.0,67.0,88.0
FCTs_20181010_184455_BALI_SEA,2018-10-10,18:44:55.0,-7.452,114.455,10.0,1.554e+18,6.061,306.0,43.0,101.0,111.0,47.0,80.0
FCTs_20181010_204820_NEW_BRITAIN_REGION__P.N.G,2018-10-10,20:48:20.0,-5.701,151.205,47.0,4.258e+19,7.019,242.0,34.0,67.0,89.0,59.0,105.0
FCTs_20181013_111022_NORTHWEST_OF_KURIL_ISLANDS,2018-10-13,11:10:22.0,52.855,153.243,481.0,1.283e+19,6.672,105.0,39.0,-151.0,352.0,72.0,-55.0
FCTs_20181016_002813_SOUTHEAST_OF_LOYALTY_ISLANDS,2018-10-16,00:28:13.0,-21.923,169.487,9.0,7.741e+18,6.526,58.0,24.0,169.0,159.0,85.0,67.0
FCTs_20181021_014037_SOUTHWEST_INDIAN_RIDGE,2018-10-21,01:40:37.0,-29.536,60.752,7.0,1.11e+18,5.963,272.0,60.0,-27.0,17.0,67.0,-147.0
FCTs_20181022_053939_VANCOUVER_ISLAND__CANADA_REGION,2018-10-22,05:39:39.0,49.259,-129.412,10.0,7.638e+18,6.522,37.0,90.0,5.0,307.0,85.0,180.0
FCTs_20181023_043458_TAIWAN_REGION,2018-10-23,04:34:58.0,24.115,122.603,37.0,7.673e+17,5.857,295.0,24.0,137.0,65.0,74.0,72.0
FCTs_20181025_225452_IONIAN_SEA,2018-10-25,22:54:52.0,37.52,20.556,16.0,2.85e+19,6.903,9.0,26.0,155.0,122.0,79.0,66.0
FCTs_20181026_090539_MARIANA_ISLANDS_REGION,2018-10-26,09:05:39.0,17.406,147.881,10.0,1.108e+18,5.963,2.0,37.0,-63.0,149.0,58.0,-109.0
FCTs_20181028_222353_NEAR_COAST_OF_GUATEMALA,2018-10-28,22:23:53.0,13.035,-90.369,14.0,2.489e+18,6.197,310.0,22.0,108.0,111.0,69.0,83.0
FCTs_20181029_065421_DRAKE_PASSAGE,2018-10-29,06:54:21.0,-57.434,-66.383,19.0,4.269e+18,6.354,149.0,42.0,75.0,348.0,50.0,103.0
FCTs_20181029_201722_DRAKE_PASSAGE,2018-10-29,20:17:22.0,-57.55,-66.304,16.0,7.03e+17,5.831,129.0,43.0,55.0,353.0,56.0,118.0
FCTs_20181030_021339_NORTH_ISLAND__NEW_ZEALAND,2018-10-30,02:13:39.0,-39.057,174.958,234.0,2.7e+18,6.221,184.0,44.0,43.0,60.0,62.0,125.0
FCTs_20181101_221951_NORTHERN_CHILE,2018-11-01,22:19:51.0,-19.583,-69.266,106.0,2.946e+18,6.246,213.0,19.0,-52.0,353.0,75.0,-102.0
FCTs_20181102_110115_NORTHWEST_OF_KURIL_ISLANDS,2018-11-02,11:01:15.0,47.833,146.697,450.0,1.283e+18,6.006,340.0,20.0,68.0,183.0,72.0,98.0
FCTs_20181104_075529_MINDANAO__PHILIPPINES,2018-11-04,07:55:29.0,7.76,123.867,607.0,1.263e+18,6.001,177.0,29.0,-70.0,335.0,63.0,-101.0
FCTs_20181104_192603_HOKKAIDO__JAPAN_REGION,2018-11-04,19:26:03.0,44.548,145.655,8.0,6.869e+17,5.825,4.0,45.0,66.0,217.0,50.0,112.0
FCTs_20181109_014940_JAN_MAYEN_ISLAND_REGION,2018-11-09,01:49:40.0,71.631,-11.243,10.0,1.722e+19,6.757,111.0,76.0,4.0,20.0,86.0,166.0
FCTs_20181110_083321_TONGA_ISLANDS,2018-11-10,08:33:21.0,-20.454,-174.008,34.0,1.213e+18,5.989,194.0,26.0,84.0,20.0,64.0,93.0
FCTs_20181111_140359_NORTH_ATLANTIC_OCEAN,2018-11-11,14:03:59.0,15.565,-49.872,8.0,1.977e+18,6.131,30.0,63.0,-146.0,282.0,60.0,-32.0
FCTs_20181114_212150_NEAR_EAST_COAST_OF_KAMCHATKA,2018-11-14,21:21:50.0,55.641,161.994,56.0,1.608e+18,6.071,268.0,41.0,102.0,73.0,50.0,80.0
FCTs_20181115_200222_SOUTH_SANDWICH_ISLANDS_REGION,2018-11-15,20:02:22.0,-56.707,-25.546,15.0,8.793e+18,6.563,153.0,23.0,79.0,345.0,67.0,95.0
FCTs_20181116_032655_SOLOMON_ISLANDS,2018-11-16,03:26:55.0,-10.538,163.168,7.0,2.615e+18,6.212,37.0,50.0,-125.0,265.0,51.0,-56.0
FCTs_20181118_202546_FIJI_ISLANDS_REGION,2018-11-18,20:25:46.0,-17.874,-178.927,577.0,1.115e+19,6.632,131.0,87.0,32.0,39.0,58.0,176.0
FCTs_20181125_163732_IRAN-IRAQ_BORDER_REGION,2018-11-25,16:37:32.0,34.361,45.744,8.0,3.254e+18,6.275,119.0,77.0,15.0,25.0,76.0,166.0
FCTs_20181129_202144_OFF_W_COAST_OF_NORTHERN_SUMATRA,2018-11-29,20:21:44.0,0.227,96.998,8.0,7.563e+17,5.852,147.0,34.0,-80.0,315.0,57.0,-97.0
FCTs_20181130_172929_SOUTHERN_ALASKA,2018-11-30,17:29:29.0,61.346,-149.955,59.0,4.766e+19,7.052,20.0,27.0,-83.0,192.0,63.0,-94.0
FCTs_20181201_132721_BANDA_SEA,2018-12-01,13:27:21.0,-7.384,128.706,148.0,7.128e+18,6.502,329.0,46.0,108.0,124.0,47.0,72.0
FCTs_20181205_041808_SOUTHEAST_OF_LOYALTY_ISLANDS,2018-12-05,04:18:08.0,-21.95,169.427,14.0,2.336e+20,7.512,149.0,34.0,-65.0,299.0,59.0,-106.0
FCTs_20181206_232659_SOUTHEAST_OF_LOYALTY_ISLANDS,2018-12-06,23:26:59.0,-22.352,169.637,18.0,1.399e+18,6.031,128.0,22.0,-76.0,293.0,68.0,-96.0
FCTs_20181211_022629_SOUTH_SANDWICH_ISLANDS_REGION,2018-12-11,02:26:29.0,-58.545,-26.386,149.0,6.127e+19,7.125,116.0,16.0,22.0,4.0,84.0,105.0
FCTs_20181216_094237_IRIAN_JAYA__INDONESIA,2018-12-16,09:42:37.0,-3.923,140.232,72.0,2.281e+18,6.172,319.0,17.0,-90.0,140.0,73.0,-90.0
FCTs_20181216_142619_WESTERN_AUSTRALIA,2018-12-16,14:26:19.0,-23.323,112.498,23.0,9.383e+17,5.915,201.0,43.0,97.0,12.0,48.0,84.0
FCTs_20181221_063352_NEW_BRITAIN_REGION__P.N.G,2018-12-21,06:33:52.0,-5.476,151.956,25.0,1.13e+18,5.969,269.0,27.0,91.0,88.0,63.0,90.0
FCTs_20181222_142501_VANUATU_ISLANDS,2018-12-22,14:25:01.0,-13.4,166.815,50.0,1.606e+18,6.07,149.0,39.0,85.0,336.0,52.0,94.0
FCTs_20181223_193222_XIZANG,2018-12-23,19:32:22.0,30.408,87.62,9.0,3.311e+17,5.613,347.0,45.0,-111.0,195.0,48.0,-70.0
FCTs_20181223_230843_TONGA_ISLANDS,2018-12-23,23:08:43.0,-20.285,-175.071,123.0,5.18e+18,6.41,241.0,13.0,-26.0,357.0,84.0,-102.0
FCTs_20181224_124119_KOMANDORSKIYE_OSTROVA_REGION,2018-12-24,12:41:19.0,55.344,164.51,5.0,2.188e+18,6.16,236.0,81.0,-19.0,329.0,71.0,-171.0
FCTs_20181228_030333_IRIAN_JAYA_REGION__INDONESIA,2018-12-28,03:03:33.0,-1.45,134.086,44.0,6.276e+17,5.798,349.0,46.0,-168.0,251.0,82.0,-45.0
FCTs_20181229_033909_MINDANAO__PHILIPPINES,2018-12-29,03:39:09.0,5.898,126.921,62.0,3.39e+19,6.953,32.0,45.0,129.0,164.0,57.0,58.0
FCTs_20181231_023537_ALASKA_PENINSULA,2018-12-31,02:35:37.0,54.427,-161.513,31.0,1.749e+18,6.095,221.0,27.0,83.0,49.0,63.0,94.0
FCTs_20190105_184711_ANDREANOF_ISLANDS__ALEUTIAN_IS,2019-01-05,18:47:11.0,51.335,-178.118,36.0,1.22e+18,5.991,289.0,24.0,115.0,82.0,69.0,79.0
FCTs_20190105_192538_WESTERN_BRAZIL,2019-01-05,19:25:38.0,-8.144,-71.587,584.0,1.955e+19,6.794,348.0,38.0,-80.0,155.0,53.0,-98.0
FCTs_20190106_172718_NORTHERN_MOLUCCA_SEA,2019-01-06,17:27:18.0,2.258,126.758,44.0,9.349e+18,6.581,25.0,32.0,94.0,201.0,58.0,88.0
FCTs_20190108_123930_KYUSHU__JAPAN,2019-01-08,12:39:30.0,30.587,131.044,31.0,5.622e+18,6.433,238.0,22.0,102.0,45.0,69.0,85.0
FCTs_20190115_180634_VANUATU_ISLANDS,2019-01-15,18:06:34.0,-13.336,166.875,51.0,8.617e+18,6.557,185.0,42.0,105.0,345.0,49.0,76.0
FCTs_20190118_131831_VANUATU_ISLANDS,2019-01-18,13:18:31.0,-19.204,168.745,50.0,1.538e+18,6.058,347.0,45.0,96.0,158.0,45.0,84.0
FCTs_20190120_013252_NEAR_COAST_OF_CENTRAL_CHILE,2019-01-20,01:32:52.0,-30.04,-71.382,64.0,1.685e+19,6.751,173.0,39.0,-111.0,19.0,54.0,-73.0
FCTs_20190121_235923_SUMBA_REGION__INDONESIA,2019-01-21,23:59:23.0,-10.328,119.152,12.0,3.662e+18,6.309,261.0,18.0,81.0,91.0,72.0,93.0
FCTs_20190122_051003_SUMBA_REGION__INDONESIA,2019-01-22,05:10:03.0,-10.415,119.017,13.0,1.134e+19,6.636,277.0,19.0,103.0,83.0,71.0,85.0
FCTs_20190122_190143_PRINCE_EDWARD_ISLANDS_REGION,2019-01-22,19:01:43.0,-43.122,42.357,12.0,1.11e+19,6.63,259.0,38.0,-87.0,75.0,52.0,-92.0
FCTs_20190126_035137_SOLOMON_ISLANDS,2019-01-26,03:51:37.0,-7.009,156.321,368.0,2.36e+18,6.182,25.0,21.0,57.0,240.0,73.0,102.0
FCTs_20190126_081248_ARU_ISLANDS_REGION__INDONESIA,2019-01-26,08:12:48.0,-5.496,133.765,22.0,1.156e+18,5.975,48.0,35.0,-60.0,193.0,60.0,-109.0
FCTs_20190126_195644_FIJI_ISLANDS_REGION,2019-01-26,19:56:44.0,-21.048,-178.959,614.0,2.35e+18,6.181,212.0,16.0,-117.0,60.0,76.0,-82.0
FCTs_20190201_161412_NEAR_COAST_OF_CHIAPAS__MEXICO,2019-02-01,16:14:12.0,14.68,-92.453,85.0,9.083e+18,6.572,187.0,4.0,-31.0,309.0,88.0,-94.0
FCTs_20190202_092736_SOUTHERN_SUMATRA__INDONESIA,2019-02-02,09:27:36.0,-2.846,100.074,23.0,2.404e+18,6.187,331.0,18.0,108.0,132.0,73.0,84.0
FCTs_20190212_123416_MARIANA_ISLANDS,2019-02-12,12:34:16.0,19.02,145.796,150.0,1.284e+18,6.006,197.0,51.0,174.0,290.0,85.0,39.0
FCTs_20190217_143555_NEW_IRELAND_REGION__P.N.G,2019-02-17,14:35:55.0,-3.341,152.132,381.0,5.361e+18,6.419,74.0,37.0,-93.0,258.0,53.0,-87.0
FCTs_20190222_101723_PERU-ECUADOR_BORDER_REGION,2019-02-22,10:17:23.0,-2.186,-77.05,145.0,1.863e+20,7.447,187.0,27.0,-31.0,305.0,76.0,-113.0
FCTs_20190301_085042_CENTRAL_PERU,2019-03-01,08:50:42.0,-14.713,-70.155,270.0,3.846e+19,6.99,44.0,29.0,-154.0,291.0,78.0,-64.0
FCTs_20190302_032254_OFF_COAST_OF_HOKKAIDO__JAPAN,2019-03-02,03:22:54.0,41.947,146.894,24.0,1.004e+18,5.934,232.0,52.0,-138.0,113.0,58.0,-46.0
FCTs_20190304_100600_EASTERN_NEW_GUINEA_REG.__P.N.G,2019-03-04,10:06:00.0,-5.221,146.205,24.0,6.926e+17,5.827,115.0,40.0,106.0,274.0,52.0,77.0
FCTs_20190306_001300_MINDANAO__PHILIPPINES,2019-03-06,00:13:00.0,8.542,126.917,17.0,6.135e+17,5.792,184.0,22.0,86.0,9.0,68.0,92.0
FCTs_20190306_154614_SOUTH_OF_KERMADEC_ISLANDS,2019-03-06,15:46:14.0,-32.024,-177.885,19.0,5.716e+18,6.438,206.0,19.0,101.0,15.0,71.0,86.0
FCTs_20190308_150612_PHILIPPINE_ISLANDS_REGION,2019-03-08,15:06:12.0,10.384,126.006,35.0,1.523e+18,6.055,184.0,35.0,77.0,19.0,56.0,99.0
FCTs_20190310_081226_FIJI_ISLANDS_REGION,2019-03-10,08:12:26.0,-17.892,-178.603,593.0,2.547e+18,6.204,26.0,38.0,-163.0,282.0,79.0,-53.0
FCTs_20190311_162551_NEW_BRITAIN_REGION__P.N.G,2019-03-11,16:25:51.0,-6.047,149.014,49.0,1.244e+18,5.996,94.0,41.0,89.0,276.0,49.0,91.0
FCTs_20190315_050350_CENTRAL_BOLIVIA,2019-03-15,05:03:50.0,-17.874,-65.907,362.0,3.746e+18,6.316,263.0,68.0,43.0,154.0,51.0,151.0
FCTs_20190320_152358_VANUATU_ISLANDS,2019-03-20,15:23:58.0,-15.597,167.655,132.0,3.334e+18,6.282,350.0,31.0,81.0,181.0,59.0,95.0
FCTs_20190323_192117_COLOMBIA,2019-03-23,19:21:17.0,4.56,-76.223,131.0,1.467e+18,6.044,227.0,9.0,-48.0,5.0,83.0,-96.0
FCTs_20190324_043735_NORTHERN_MOLUCCA_SEA,2019-03-24,04:37:35.0,1.66,126.396,52.0,1.261e+18,6.001,182.0,45.0,78.0,19.0,47.0,102.0
FCTs_20190328_220649_EAST_OF_KURIL_ISLANDS,2019-03-28,22:06:49.0,50.495,159.943,7.0,2.166e+18,6.157,51.0,43.0,-82.0,220.0,47.0,-98.0
FCTs_20190330_062723_MID-INDIAN_RIDGE,2019-03-30,06:27:23.0,-9.692,66.534,6.0,5.334e+17,5.751,51.0,63.0,132.0,168.0,48.0,38.0
FCTs_20190330_112042_NEW_BRITAIN_REGION__P.N.G,2019-03-30,11:20:42.0,-5.7,151.105,47.0,3.256e+18,6.275,255.0,37.0,78.0,90.0,54.0,99.0
FCTs_20190331_070404_NEAR_COAST_OF_ECUADOR,2019-03-31,07:04:04.0,-1.945,-80.81,13.0,2.91e+18,6.243,343.0,19.0,79.0,174.0,71.0,94.0
FCTs_20190401_183905_MAURITIUS_-_REUNION_REGION,2019-04-01,18:39:05.0,-18.206,65.366,6.0,1.523e+18,6.055,61.0,78.0,8.0,329.0,82.0,167.0
FCTs_20190402_213530_RAT_ISLANDS__ALEUTIAN_ISLANDS,2019-04-02,21:35:30.0,52.17,178.071,7.0,2.674e+18,6.218,99.0,85.0,-176.0,8.0,86.0,-5.0
FCTs_20190405_095652_SOUTHEAST_OF_HONSHU__JAPAN,2019-04-05,09:56:52.0,30.41,138.684,403.0,9.093e+17,5.906,115.0,23.0,-118.0,325.0,70.0,-79.0
FCTs_20190405_161416_SOUTH_SANDWICH_ISLANDS_REGION,2019-04-05,16:14:16.0,-55.931,-27.852,66.0,5.694e+18,6.437,266.0,6.0,-43.0,39.0,86.0,-95.0
FCTs_20190406_215501_BANDA_SEA,2019-04-06,21:55:01.0,-6.828,125.042,562.0,3.562e+18,6.301,166.0,30.0,-168.0,65.0,84.0,-60.0
FCTs_20190409_175358_SOUTH_SANDWICH_ISLANDS_REGION,2019-04-09,17:53:58.0,-58.626,-25.304,46.0,7.803e+18,6.528,299.0,44.0,133.0,67.0,59.0,57.0
FCTs_20190411_081821_OFF_EAST_COAST_OF_HONSHU__JAPAN,2019-04-11,08:18:21.0,40.41,143.298,15.0,2.823e+18,6.234,190.0,13.0,73.0,27.0,78.0,94.0
FCTs_20190412_114049_SULAWESI__INDONESIA,2019-04-12,11:40:49.0,-1.815,122.58,9.0,1.959e+19,6.795,317.0,79.0,18.0,224.0,73.0,168.0
FCTs_20190418_050106_TAIWAN,2019-04-18,05:01:06.0,24.037,121.65,24.0,2.476e+18,6.196,65.0,48.0,110.0,217.0,46.0,69.0
FCTs_20190418_144601_WESTERN_INDIAN-ANTARCTIC_RIDGE,2019-04-18,14:46:01.0,-51.127,139.321,5.0,4.479e+18,6.367,270.0,73.0,180.0,360.0,90.0,17.0
FCTs_20190423_053753_SAMAR__PHILIPPINES,2019-04-23,05:37:53.0,11.755,125.201,62.0,5.391e+18,6.421,87.0,25.0,162.0,193.0,83.0,66.0
FCTs_20190423_142017_SOUTH_OF_FIJI_ISLANDS,2019-04-23,14:20:17.0,-24.706,-178.764,396.0,1.166e+18,5.978,148.0,18.0,-124.0,3.0,76.0,-80.0
FCTs_20190423_201550_EASTERN_XIZANG-INDIA_BORDER_REG,2019-04-23,20:15:50.0,28.407,94.561,13.0,1.909e+18,6.121,180.0,6.0,0.0,90.0,90.0,96.0
FCTs_20190429_141952_CARLSBERG_RIDGE,2019-04-29,14:19:52.0,10.865,57.228,6.0,3.164e+18,6.267,31.0,77.0,10.0,299.0,80.0,167.0
FCTs_20190503_072531_SOLOMON_ISLANDS,2019-05-03,07:25:31.0,-6.948,160.113,28.0,1.73e+18,6.092,154.0,59.0,-36.0,265.0,60.0,-143.0
FCTs_20190506_211937_EASTERN_NEW_GUINEA_REG.__P.N.G,2019-05-06,21:19:37.0,-6.975,146.449,137.0,8.218e+19,7.21,272.0,24.0,-108.0,112.0,67.0,-82.0
FCTs_20190509_234842_KYUSHU__JAPAN,2019-05-09,23:48:42.0,31.777,131.848,30.0,3.454e+18,6.292,225.0,23.0,98.0,37.0,68.0,87.0
FCTs_20190512_192450_PANAMA-COSTA_RICA_BORDER_REGION,2019-05-12,19:24:50.0,8.625,-82.83,24.0,9.566e+17,5.92,97.0,72.0,3.0,6.0,87.0,162.0
FCTs_20190514_125825_NEW_BRITAIN_REGION__P.N.G,2019-05-14,12:58:25.0,-4.051,152.597,15.0,2.167e+20,7.491,314.0,81.0,10.0,222.0,80.0,171.0
FCTs_20190519_012329_SOUTHEAST_OF_LOYALTY_ISLANDS,2019-05-19,01:23:29.0,-21.662,169.778,22.0,3.872e+18,6.325,312.0,32.0,75.0,149.0,59.0,99.0
FCTs_20190519_142711_SOUTHEAST_OF_LOYALTY_ISLANDS,2019-05-19,14:27:11.0,-21.731,169.576,24.0,1.343e+18,6.019,325.0,33.0,65.0,175.0,61.0,105.0
FCTs_20190523_084517_ANDREANOF_ISLANDS__ALEUTIAN_IS,2019-05-23,08:45:17.0,51.308,-178.239,33.0,1.434e+18,6.038,271.0,33.0,116.0,61.0,61.0,74.0
FCTs_20190526_074115_NORTHERN_PERU,2019-05-26,07:41:15.0,-5.812,-75.27,139.0,1.197e+21,7.985,175.0,33.0,-88.0,352.0,57.0,-91.0
FCTs_20190530_090332_EL_SALVADOR,2019-05-30,09:03:32.0,13.199,-89.306,58.0,7.469e+18,6.516,74.0,23.0,-136.0,303.0,74.0,-73.0
FCTs_20190530_153801_FIJI_ISLANDS_REGION,2019-05-30,15:38:01.0,-21.754,-176.317,188.0,1.021e+18,5.939,249.0,19.0,-39.0,16.0,78.0,-105.0
FCTs_20190531_101232_MINDANAO__PHILIPPINES,2019-05-31,10:12:32.0,6.28,126.479,85.0,1.921e+18,6.122,180.0,28.0,112.0,336.0,64.0,79.0
FCTs_20190602_103629_TONGA_ISLANDS,2019-06-02,10:36:29.0,-21.207,-173.91,12.0,1.461e+18,6.043,222.0,22.0,108.0,23.0,69.0,83.0
FCTs_20190603_055709_NORTHERN_SUMATRA__INDONESIA,2019-06-03,05:57:09.0,0.378,97.722,26.0,1.451e+18,6.041,320.0,16.0,97.0,133.0,75.0,88.0
FCTs_20190604_043916_SOUTHEAST_OF_HONSHU__JAPAN,2019-06-04,04:39:16.0,29.066,139.289,444.0,4.75e+18,6.384,96.0,11.0,-164.0,351.0,87.0,-80.0
FCTs_20190614_001912_OFF_COAST_OF_CENTRAL_CHILE,2019-06-14,00:19:12.0,-30.056,-72.082,15.0,4.318e+18,6.357,8.0,24.0,100.0,176.0,66.0,85.0
FCTs_20190615_215610_TONGA_ISLANDS,2019-06-15,21:56:10.0,-21.181,-174.169,8.0,3.823e+18,6.322,207.0,25.0,96.0,20.0,65.0,87.0
FCTs_20190615_225504_KERMADEC_ISLANDS__NEW_ZEALAND,2019-06-15,22:55:04.0,-30.644,-178.1,48.0,1.091e+20,7.292,208.0,32.0,101.0,14.0,59.0,83.0
FCTs_20190616_051714_KERMADEC_ISLANDS_REGION,2019-06-16,05:17:14.0,-31.0,-178.082,29.0,5.76e+18,6.44,197.0,30.0,96.0,10.0,60.0,87.0
FCTs_20190617_060204_KERMADEC_ISLANDS__NEW_ZEALAND,2019-06-17,06:02:04.0,-30.839,-177.481,15.0,2.199e+18,6.161,198.0,19.0,94.0,13.0,71.0,89.0
FCTs_20190618_132219_NEAR_WEST_COAST_OF_HONSHU__JAPAN,2019-06-18,13:22:19.0,38.639,139.477,13.0,6.422e+18,6.472,28.0,31.0,85.0,214.0,59.0,93.0
FCTs_20190619_070145_KERMADEC_ISLANDS__NEW_ZEALAND,2019-06-19,07:01:45.0,-30.524,-177.848,41.0,7.174e+18,6.504,205.0,37.0,95.0,19.0,54.0,86.0
FCTs_20190619_172448_IRIAN_JAYA__INDONESIA,2019-06-19,17:24:48.0,-2.266,138.461,11.0,4.66e+18,6.379,308.0,72.0,7.0,216.0,83.0,162.0
FCTs_20190621_083716_KERMADEC_ISLANDS__NEW_ZEALAND,2019-06-21,08:37:16.0,-30.859,-177.468,17.0,3.308e+18,6.28,195.0,23.0,86.0,19.0,67.0,92.0
FCTs_20190624_010529_IRIAN_JAYA__INDONESIA,2019-06-24,01:05:29.0,-2.776,138.568,27.0,1.725e+18,6.091,308.0,37.0,91.0,127.0,53.0,90.0
FCTs_20190624_025339_BANDA_SEA,2019-06-24,02:53:39.0,-6.408,129.169,227.0,9.035e+19,7.237,77.0,88.0,-26.0,168.0,64.0,-178.0
FCTs_20190625_090540_KOMANDORSKIYE_OSTROVA_REGION,2019-06-25,09:05:40.0,56.202,164.233,17.0,4.899e+18,6.393,103.0,87.0,-174.0,12.0,84.0,-3.0
FCTs_20190626_021807_KOMANDORSKIYE_OSTROVA_REGION,2019-06-26,02:18:07.0,56.182,164.088,9.0,4.428e+18,6.364,280.0,58.0,142.0,33.0,59.0,39.0
FCTs_20190627_110456_KERMADEC_ISLANDS_REGION,2019-06-27,11:04:56.0,-30.396,-179.182,6.0,4.103e+18,6.342,271.0,87.0,-13.0,2.0,77.0,-177.0
FCTs_20190628_155131_MARIANA_ISLANDS,2019-06-28,15:51:31.0,19.851,144.348,433.0,6.014e+18,6.453,92.0,70.0,-138.0,344.0,51.0,-27.0
FCTs_20190701_165925_MINDANAO__PHILIPPINES,2019-07-01,16:59:25.0,9.17,124.192,550.0,8.58e+17,5.889,167.0,30.0,-112.0,12.0,62.0,-78.0
FCTs_20190701_171328_VANUATU_ISLANDS,2019-07-01,17:13:28.0,-15.44,167.531,105.0,1.756e+18,6.096,89.0,59.0,131.0,210.0,49.0,43.0
FCTs_20190704_043044_QUEEN_CHARLOTTE_ISLANDS_REGION,2019-07-04,04:30:44.0,51.237,-130.501,6.0,2.804e+18,6.232,255.0,89.0,-4.0,345.0,86.0,-179.0
FCTs_20190706_031953_CENTRAL_CALIFORNIA,2019-07-06,03:19:53.0,35.77,-117.599,12.0,4.268e+19,7.02,52.0,83.0,11.0,321.0,79.0,173.0
FCTs_20190711_170837_SOLOMON_ISLANDS,2019-07-11,17:08:37.0,-4.641,155.224,503.0,1.048e+18,5.947,69.0,39.0,-110.0,274.0,54.0,-75.0
FCTs_20190713_005744_NORTHWEST_OF_RYUKYU_ISLANDS,2019-07-13,00:57:44.0,29.353,128.153,258.0,1.99e+18,6.133,161.0,40.0,-105.0,1.0,51.0,-77.0
FCTs_20190714_053923_WESTERN_AUSTRALIA,2019-07-14,05:39:23.0,-18.224,120.358,11.0,1.162e+19,6.643,199.0,71.0,157.0,296.0,69.0,20.0
FCTs_20190714_091051_HALMAHERA__INDONESIA,2019-07-14,09:10:51.0,-0.586,128.034,14.0,1.351e+20,7.354,36.0,90.0,160.0,126.0,70.0,0.0
FCTs_20190715_082134_NEW_BRITAIN_REGION__P.N.G,2019-07-15,08:21:34.0,-5.971,149.488,55.0,4.777e+18,6.386,265.0,41.0,90.0,86.0,49.0,90.0
FCTs_20190726_233758_PHILIPPINE_ISLANDS_REGION,2019-07-26,23:37:58.0,20.837,121.974,17.0,1.301e+18,6.01,343.0,49.0,5.0,250.0,87.0,139.0
FCTs_20190727_183107_NEAR_S._COAST_OF_HONSHU__JAPAN,2019-07-27,18:31:07.0,33.149,137.303,383.0,2.547e+18,6.204,41.0,23.0,142.0,167.0,76.0,72.0
FCTs_20190729_203743_SOUTHEAST_OF_HONSHU__JAPAN,2019-07-29,20:37:43.0,32.838,140.569,62.0,6.478e+17,5.808,61.0,17.0,122.0,208.0,76.0,81.0
FCTs_20190731_055453_EL_SALVADOR,2019-07-31,05:54:53.0,13.148,-89.395,57.0,8.373e+17,5.882,128.0,17.0,-94.0,313.0,73.0,-89.0
FCTs_20190731_150233_VANUATU_ISLANDS,2019-07-31,15:02:33.0,-16.198,167.998,187.0,1.582e+19,6.733,183.0,61.0,158.0,284.0,71.0,31.0
FCTs_20190801_182807_NEAR_COAST_OF_CENTRAL_CHILE,2019-08-01,18:28:07.0,-34.236,-72.31,18.0,2.067e+19,6.81,15.0,23.0,104.0,180.0,68.0,84.0
FCTs_20190802_120327_SOUTHWEST_OF_SUMATRA__INDONESIA,2019-08-02,12:03:27.0,-7.282,104.791,47.0,3.654e+19,6.975,215.0,43.0,65.0,68.0,52.0,112.0
FCTs_20190804_102303_NEAR_EAST_COAST_OF_HONSHU__JAPAN,2019-08-04,10:23:03.0,37.759,141.603,45.0,4.375e+18,6.361,212.0,21.0,94.0,28.0,69.0,89.0
FCTs_20190806_221414_VANUATU_ISLANDS,2019-08-06,22:14:14.0,-17.959,168.584,165.0,9.579e+17,5.921,298.0,47.0,62.0,157.0,50.0,117.0
FCTs_20190808_004526_HINDU_KUSH_REGION__AFGHANISTAN,2019-08-08,00:45:26.0,36.527,70.057,229.0,6.711e+17,5.818,277.0,16.0,92.0,95.0,74.0,89.0
FCTs_20190808_112531_TURKEY,2019-08-08,11:25:31.0,37.935,29.7,13.0,7.143e+17,5.836,284.0,35.0,-85.0,98.0,56.0,-94.0
FCTs_20190818_180025_MARIANA_ISLANDS,2019-08-18,18:00:25.0,16.626,146.316,7.0,1.313e+18,6.012,76.0,72.0,-138.0,330.0,50.0,-24.0
FCTs_20190822_192711_FIJI_ISLANDS_REGION,2019-08-22,19:27:11.0,-14.667,-177.413,7.0,1.552e+18,6.061,255.0,75.0,19.0,160.0,71.0,164.0
FCTs_20190824_155127_VANUATU_ISLANDS,2019-08-24,15:51:27.0,-14.309,167.19,132.0,1.294e+18,6.008,23.0,12.0,33.0,261.0,84.0,100.0
FCTs_20190827_235519_SOUTH_SANDWICH_ISLANDS_REGION,2019-08-27,23:55:19.0,-60.215,-26.58,25.0,7.698e+18,6.524,75.0,79.0,43.0,335.0,48.0,166.0
FCTs_20190828_234640_HOKKAIDO__JAPAN_REGION,2019-08-28,23:46:40.0,41.068,142.995,24.0,9.948e+17,5.932,203.0,19.0,90.0,22.0,71.0,90.0
FCTs_20190829_150758_OFF_COAST_OF_OREGON,2019-08-29,15:07:58.0,43.542,-127.882,13.0,3.014e+18,6.253,292.0,84.0,169.0,23.0,79.0,6.0
FCTs_20190901_155420_FIJI_ISLANDS_REGION,2019-09-01,15:54:20.0,-20.364,-178.57,621.0,1.252e+19,6.665,234.0,18.0,-76.0,40.0,73.0,-94.0
FCTs_20190902_224548_NORTHERN_MID-ATLANTIC_RIDGE,2019-09-02,22:45:48.0,23.777,-45.217,14.0,9.787e+17,5.927,192.0,81.0,13.0,100.0,77.0,171.0
FCTs_20190905_150245_OFF_COAST_OF_OREGON,2019-09-05,15:02:45.0,43.718,-127.819,7.0,1.029e+18,5.941,313.0,86.0,-174.0,223.0,84.0,-4.0
FCTs_20190906_152756_VANUATU_ISLANDS,2019-09-06,15:27:56.0,-20.184,169.053,36.0,8.299e+17,5.879,331.0,39.0,87.0,156.0,51.0,93.0
FCTs_20190914_162127_HALMAHERA__INDONESIA,2019-09-14,16:21:27.0,-0.981,128.537,10.0,7.856e+17,5.863,103.0,50.0,43.0,342.0,59.0,132.0
FCTs_20190919_070633_JAVA__INDONESIA,2019-09-19,07:06:33.0,-6.071,111.842,630.0,2.174e+18,6.158,96.0,46.0,-99.0,289.0,45.0,-81.0
FCTs_20190921_195313_BANDA_SEA,2019-09-21,19:53:13.0,-6.458,130.426,73.0,8.568e+17,5.889,107.0,44.0,68.0,316.0,50.0,110.0
FCTs_20190924_032340_MONA_PASSAGE,2019-09-24,03:23:40.0,19.077,-67.27,7.0,3.194e+18,6.27,1.0,19.0,-116.0,208.0,73.0,-82.0
FCTs_20190924_211947_SOUTHWEST_INDIAN_RIDGE,2019-09-24,21:19:47.0,-33.821,56.3,6.0,1.016e+18,5.938,277.0,35.0,-68.0,72.0,57.0,-105.0
FCTs_20190925_234643_SERAM__INDONESIA,2019-09-25,23:46:43.0,-3.453,128.37,9.0,5.024e+18,6.401,261.0,84.0,-12.0,352.0,78.0,-174.0
FCTs_20190926_163618_S._CHILE-ARGENTINA_BORDER_REGION,2019-09-26,16:36:18.0,-40.814,-71.999,131.0,1.746e+18,6.095,90.0,52.0,28.0,342.0,69.0,139.0
FCTs_20190927_120502_KERMADEC_ISLANDS__NEW_ZEALAND,2019-09-27,12:05:02.0,-30.173,-177.863,50.0,2.406e+18,6.188,108.0,47.0,38.0,350.0,63.0,130.0
FCTs_20190929_020251_MINDANAO__PHILIPPINES,2019-09-29,02:02:51.0,5.676,126.548,75.0,2.756e+18,6.227,231.0,19.0,-176.0,136.0,89.0,-71.0
FCTs_20190929_155753_OFF_COAST_OF_CENTRAL_CHILE,2019-09-29,15:57:53.0,-35.476,-73.163,18.0,1.708e+19,6.755,15.0,17.0,112.0,172.0,74.0,83.0
FCTs_20191014_222354_SOUTHERN_SUMATRA__INDONESIA,2019-10-14,22:23:54.0,-4.482,101.195,27.0,1.82e+18,6.107,334.0,20.0,111.0,132.0,72.0,83.0
FCTs_20191016_113706_MINDANAO__PHILIPPINES,2019-10-16,11:37:06.0,6.715,125.007,22.0,5.831e+18,6.444,307.0,83.0,11.0,216.0,79.0,173.0
FCTs_20191021_025229_VANUATU_ISLANDS,2019-10-21,02:52:29.0,-19.018,169.488,243.0,5.768e+18,6.441,35.0,40.0,122.0,176.0,57.0,66.0
FCTs_20191022_041841_TONGA_ISLANDS,2019-10-22,04:18:41.0,-15.17,-173.007,31.0,8.785e+17,5.896,73.0,18.0,80.0,263.0,73.0,93.0
FCTs_20191023_160814_NORTH_OF_ASCENSION_ISLAND,2019-10-23,16:08:14.0,-1.099,-13.837,7.0,3.885e+18,6.326,258.0,83.0,168.0,349.0,78.0,7.0
FCTs_20191026_004125_FOX_ISLANDS__ALEUTIAN_ISLANDS,2019-10-26,00:41:25.0,52.323,-170.167,27.0,5.948e+17,5.783,255.0,31.0,84.0,83.0,59.0,94.0
FCTs_20191029_010443_MINDANAO__PHILIPPINES,2019-10-29,01:04:43.0,6.757,125.008,18.0,8.862e+18,6.565,143.0,87.0,-8.0,233.0,82.0,-177.0
FCTs_20191031_011119_MINDANAO__PHILIPPINES,2019-10-31,01:11:19.0,6.91,125.178,6.0,5.03e+18,6.401,39.0,63.0,-156.0,298.0,69.0,-29.0
FCTs_20191104_215325_NEAR_COAST_OF_CENTRAL_CHILE,2019-11-04,21:53:25.0,-31.836,-71.375,56.0,2.275e+18,6.171,181.0,31.0,101.0,348.0,60.0,83.0
FCTs_20191107_224707_NORTHWESTERN_IRAN,2019-11-07,22:47:07.0,37.803,47.581,11.0,7.675e+17,5.857,121.0,83.0,-156.0,28.0,66.0,-7.0
FCTs_20191108_104444_FIJI_ISLANDS_REGION,2019-11-08,10:44:44.0,-21.945,-179.511,617.0,8.407e+18,6.55,127.0,15.0,-157.0,15.0,84.0,-76.0
FCTs_20191114_161740_NORTHERN_MOLUCCA_SEA,2019-11-14,16:17:40.0,1.621,126.416,21.0,5.721e+19,7.105,21.0,43.0,75.0,221.0,49.0,104.0
FCTs_20191120_042705_OFF_COAST_OF_CHIAPAS__MEXICO,2019-11-20,04:27:05.0,13.886,-93.207,21.0,3.039e+18,6.255,300.0,40.0,111.0,94.0,53.0,73.0
FCTs_20191120_082608_SEA_OF_OKHOTSK,2019-11-20,08:26:08.0,53.128,153.68,506.0,3.421e+18,6.289,255.0,45.0,-22.0,0.0,75.0,-133.0
FCTs_20191120_235043_LAOS,2019-11-20,23:50:43.0,19.453,101.356,5.0,2.329e+18,6.178,167.0,58.0,-153.0,63.0,68.0,-34.0
FCTs_20191123_121115_IRIAN_JAYA_REGION__INDONESIA,2019-11-23,12:11:15.0,1.644,132.815,7.0,2.008e+18,6.135,204.0,34.0,-89.0,22.0,56.0,-91.0
FCTs_20191124_005401_ANDREANOF_ISLANDS__ALEUTIAN_IS,2019-11-24,00:54:01.0,51.381,-175.512,20.0,6.192e+18,6.461,254.0,26.0,96.0,67.0,64.0,87.0
FCTs_20191126_025412_ALBANIA,2019-11-26,02:54:12.0,41.514,19.526,29.0,4.282e+18,6.354,354.0,19.0,113.0,150.0,72.0,82.0
FCTs_20191127_072342_CRETE__GREECE,2019-11-27,07:23:42.0,35.717,23.228,73.0,1.385e+18,6.028,60.0,61.0,148.0,166.0,63.0,33.0
FCTs_20191202_050154_ANDREANOF_ISLANDS__ALEUTIAN_IS,2019-12-02,05:01:54.0,51.187,-178.1,30.0,1.692e+18,6.086,263.0,30.0,110.0,61.0,62.0,79.0
FCTs_20191203_084635_NEAR_COAST_OF_NORTHERN_CHILE,2019-12-03,08:46:35.0,-18.504,-70.576,41.0,1.353e+18,6.021,314.0,28.0,70.0,157.0,64.0,100.0
FCTs_20191210_170502_SOUTHEAST_OF_HONSHU__JAPAN,2019-12-10,17:05:02.0,30.727,141.719,14.0,1.576e+18,6.065,162.0,23.0,68.0,6.0,69.0,99.0
FCTs_20191215_061151_MINDANAO__PHILIPPINES,2019-12-15,06:11:51.0,6.697,125.174,18.0,1.43e+19,6.704,321.0,78.0,17.0,228.0,73.0,167.0
FCTs_20191220_113952_HINDU_KUSH_REGION__AFGHANISTAN,2019-12-20,11:39:52.0,36.537,70.455,214.0,2.661e+18,6.217,40.0,66.0,141.0,149.0,54.0,30.0
FCTs_20191223_063340_W._CAROLINE_ISLANDS__MICRONESIA,2019-12-23,06:33:40.0,11.527,141.734,50.0,5.957e+17,5.783,310.0,39.0,114.0,100.0,55.0,72.0
FCTs_20191224_164333_SANTIAGO_DEL_ESTERO_PROV.__ARG,2019-12-24,16:43:33.0,-26.964,-63.386,570.0,1.051e+18,5.948,358.0,37.0,-72.0,156.0,55.0,-103.0
FCTs_20191224_190352_COLOMBIA,2019-12-24,19:03:52.0,3.536,-74.018,9.0,1.256e+18,5.999,317.0,53.0,38.0,201.0,61.0,136.0
FCTs_20191225_033601_VANCOUVER_ISLAND__CANADA_REGION,2019-12-25,03:36:01.0,50.611,-129.963,7.0,2.488e+18,6.197,68.0,63.0,5.0,336.0,86.0,153.0
FCTs_20200107_060519_NORTHERN_SUMATRA__INDONESIA,2020-01-07,06:05:19.0,2.348,96.357,24.0,4.701e+18,6.381,316.0,13.0,95.0,131.0,77.0,89.0
FCTs_20200107_082425_PUERTO_RICO_REGION,2020-01-07,08:24:25.0,17.869,-66.827,15.0,3.631e+18,6.307,264.0,48.0,-56.0,39.0,52.0,-122.0
FCTs_20200107_191135_NEW_BRITAIN_REGION__P.N.G,2020-01-07,19:11:35.0,-5.205,151.266,122.0,1.096e+18,5.96,208.0,14.0,-128.0,67.0,79.0,-81.0
FCTs_20200109_083808_EASTERN_SIBERIA__RUSSIA,2020-01-09,08:38:08.0,62.358,171.061,8.0,3.681e+18,6.311,317.0,83.0,-2.0,48.0,88.0,-173.0
FCTs_20200118_163814_NEAR_NORTH_COAST_OF_IRIAN_JAYA,2020-01-18,16:38:14.0,-2.841,139.336,52.0,1.663e+18,6.081,55.0,43.0,56.0,278.0,56.0,117.0
FCTs_20200119_132756_SOUTHERN_XINJIANG__CHINA,2020-01-19,13:27:56.0,39.835,77.108,9.0,1.623e+18,6.073,169.0,19.0,3.0,77.0,89.0,109.0
FCTs_20200119_165820_MINAHASSA_PENINSULA__SULAWESI,2020-01-19,16:58:20.0,-0.104,123.802,124.0,1.888e+18,6.117,355.0,56.0,147.0,105.0,63.0,39.0
FCTs_20200120_065137_SOUTH_SANDWICH_ISLANDS_REGION,2020-01-20,06:51:37.0,-59.228,-26.282,101.0,2.413e+18,6.188,213.0,27.0,90.0,34.0,63.0,90.0
FCTs_20200123_055302_ANDREANOF_ISLANDS__ALEUTIAN_IS,2020-01-23,05:53:02.0,51.984,-177.855,6.0,3.472e+18,6.294,1.0,89.0,-17.0,91.0,73.0,-178.0
FCTs_20200124_175514_TURKEY,2020-01-24,17:55:14.0,38.431,39.061,17.0,1.464e+19,6.71,246.0,77.0,-10.0,339.0,80.0,-167.0
FCTs_20200126_063155_ANDREANOF_ISLANDS__ALEUTIAN_IS,2020-01-26,06:31:55.0,51.134,-179.889,19.0,1.834e+18,6.109,274.0,29.0,112.0,69.0,63.0,78.0
FCTs_20200127_050201_SOLOMON_ISLANDS,2020-01-27,05:02:01.0,-10.093,161.061,27.0,2.818e+18,6.233,332.0,37.0,53.0,196.0,61.0,115.0
FCTs_20200128_191024_CUBA_REGION,2020-01-28,19:10:24.0,19.419,-78.756,25.0,5.955e+20,7.783,166.0,85.0,166.0,257.0,76.0,5.0
FCTs_20200129_134949_SOLOMON_ISLANDS,2020-01-29,13:49:49.0,-10.418,161.276,95.0,1.34e+18,6.018,277.0,19.0,46.0,142.0,77.0,103.0
FCTs_20200205_181237_JAVA__INDONESIA,2020-02-05,18:12:37.0,-6.082,113.078,615.0,3.159e+18,6.266,266.0,24.0,-110.0,108.0,68.0,-81.0
FCTs_20200206_134005_MINDANAO__PHILIPPINES,2020-02-06,13:40:05.0,5.454,126.569,29.0,1.276e+18,6.004,194.0,27.0,80.0,25.0,64.0,95.0
FCTs_20200208_143258_SOUTH_SANDWICH_ISLANDS_REGION,2020-02-08,14:32:58.0,-59.921,-25.553,19.0,1.683e+18,6.084,215.0,23.0,111.0,13.0,68.0,81.0
FCTs_20200209_060429_NEW_BRITAIN_REGION__P.N.G,2020-02-09,06:04:29.0,-5.492,152.152,44.0,1.395e+18,6.03,251.0,28.0,127.0,30.0,68.0,72.0
FCTs_20200213_103344_KURIL_ISLANDS,2020-02-13,10:33:44.0,45.616,148.959,152.0,3.912e+19,6.995,106.0,12.0,-46.0,242.0,81.0,-99.0
FCTs_20200220_185736_NEAR_EAST_COAST_OF_KAMCHATKA,2020-02-20,18:57:36.0,53.7,160.676,36.0,6.152e+17,5.793,213.0,33.0,90.0,33.0,57.0,90.0
FCTs_20200223_055301_TURKEY-IRAN_BORDER_REGION,2020-02-23,05:53:01.0,38.446,44.417,9.0,3.786e+17,5.652,202.0,41.0,-35.0,320.0,68.0,-125.0
FCTs_20200223_160031_TURKEY-IRAN_BORDER_REGION,2020-02-23,16:00:31.0,38.496,44.373,7.0,1.118e+18,5.966,24.0,87.0,-17.0,115.0,73.0,-177.0
FCTs_20200226_073312_TANIMBAR_ISLANDS_REG.__INDONESIA,2020-02-26,07:33:12.0,-7.489,131.12,71.0,1.459e+18,6.043,61.0,67.0,14.0,326.0,77.0,156.0
FCTs_20200306_102842_SOUTHWEST_INDIAN_RIDGE,2020-03-06,10:28:42.0,-31.368,58.324,6.0,1.639e+18,6.076,273.0,81.0,-5.0,4.0,85.0,-171.0
FCTs_20200314_100117_KERMADEC_ISLANDS_REGION,2020-03-14,10:01:17.0,-27.367,-175.61,17.0,4.487e+18,6.368,1.0,37.0,-94.0,186.0,53.0,-87.0
FCTs_20200317_160622_SAMOA_ISLANDS_REGION,2020-03-17,16:06:22.0,-16.025,-172.191,16.0,1.688e+18,6.085,328.0,40.0,-146.0,211.0,69.0,-55.0
FCTs_20200318_031345_VANUATU_ISLANDS,2020-03-18,03:13:45.0,-13.136,167.028,190.0,1.628e+18,6.075,185.0,44.0,122.0,324.0,54.0,63.0
FCTs_20200318_174539_SOUTH_OF_BALI__INDONESIA,2020-03-18,17:45:39.0,-11.052,115.138,9.0,2.978e+18,6.249,77.0,42.0,-114.0,287.0,53.0,-70.0
FCTs_20200325_024921_EAST_OF_KURIL_ISLANDS,2020-03-25,02:49:21.0,48.964,157.695,41.0,2.327e+20,7.511,31.0,39.0,97.0,202.0,52.0,84.0
FCTs_20200326_153804_MINDANAO__PHILIPPINES,2020-03-26,15:38:04.0,5.567,125.052,69.0,1.83e+18,6.108,176.0,36.0,74.0,15.0,56.0,101.0
FCTs_20200328_154317_SULAWESI__INDONESIA,2020-03-28,15:43:17.0,-1.714,120.177,10.0,6.578e+17,5.812,37.0,81.0,-161.0,304.0,71.0,-9.0
FCTs_20200331_235230_WESTERN_IDAHO,2020-03-31,23:52:30.0,44.465,-115.118,14.0,6.069e+18,6.455,272.0,64.0,-161.0,173.0,73.0,-27.0
FCTs_20200405_183710_NORTHERN_MOLUCCA_SEA,2020-04-05,18:37:10.0,1.395,126.438,45.0,1.305e+18,6.01,16.0,38.0,80.0,208.0,53.0,98.0
FCTs_20200410_164456_PHILIPPINE_ISLANDS_REGION,2020-04-10,16:44:56.0,20.468,122.11,172.0,8.712e+17,5.893,343.0,21.0,98.0,154.0,69.0,87.0
FCTs_20200412_065747_MID-INDIAN_RIDGE,2020-04-12,06:57:47.0,-36.956,77.393,8.0,1.979e+18,6.131,287.0,34.0,-110.0,131.0,59.0,-77.0
FCTs_20200417_163048_MID-INDIAN_RIDGE,2020-04-17,16:30:48.0,-23.7,69.437,8.0,5.153e+17,5.741,152.0,36.0,-70.0,307.0,56.0,-104.0
FCTs_20200418_082537_BONIN_ISLANDS__JAPAN_REGION,2020-04-18,08:25:37.0,27.126,140.135,478.0,1.052e+19,6.615,130.0,51.0,-133.0,6.0,56.0,-50.0
FCTs_20200419_203905_NEAR_EAST_COAST_OF_HONSHU__JAPAN,2020-04-19,20:39:05.0,38.895,142.005,46.0,6.287e+18,6.466,192.0,22.0,77.0,26.0,69.0,95.0
FCTs_20200425_025306_SOLOMON_ISLANDS,2020-04-25,02:53:06.0,-6.534,154.235,25.0,3.81e+18,6.321,340.0,25.0,108.0,140.0,66.0,82.0
FCTs_20200502_125105_CRETE__GREECE,2020-05-02,12:51:05.0,34.182,25.71,11.0,1.072e+19,6.62,260.0,32.0,71.0,102.0,60.0,102.0
FCTs_20200503_115424_NORTHWEST_OF_RYUKYU_ISLANDS,2020-05-03,11:54:24.0,31.404,128.839,5.0,9.284e+17,5.912,81.0,78.0,-11.0,173.0,79.0,-168.0
FCTs_20200506_135355_BANDA_SEA,2020-05-06,13:53:55.0,-6.776,129.785,105.0,2.117e+19,6.817,330.0,58.0,131.0,91.0,50.0,43.0
FCTs_20200507_112120_SOLOMON_ISLANDS,2020-05-07,11:21:20.0,-4.464,154.741,479.0,1.665e+18,6.081,96.0,21.0,-112.0,300.0,71.0,-82.0
FCTs_20200510_235833_NEAR_EAST_COAST_OF_HONSHU__JAPAN,2020-05-10,23:58:33.0,36.357,141.127,35.0,7.24e+17,5.84,214.0,25.0,97.0,26.0,65.0,87.0
FCTs_20200512_224112_SANTA_CRUZ_ISLANDS,2020-05-12,22:41:12.0,-12.066,166.648,119.0,1.289e+19,6.674,331.0,43.0,80.0,165.0,47.0,99.0
FCTs_20200515_110327_NEVADA,2020-05-15,11:03:27.0,38.163,-117.859,9.0,6.171e+18,6.46,77.0,80.0,-13.0,170.0,77.0,-170.0
FCTs_20200516_031544_VANUATU_ISLANDS,2020-05-16,03:15:44.0,-16.056,168.003,186.0,1.087e+18,5.958,150.0,19.0,145.0,274.0,79.0,75.0
FCTs_20200522_084606_OFF_COAST_OF_CENTRAL_MEXICO,2020-05-22,08:46:06.0,22.415,-108.128,7.0,1.817e+18,6.106,194.0,76.0,4.0,103.0,86.0,166.0
FCTs_20200528_071845_TONGA_ISLANDS_REGION,2020-05-28,07:18:45.0,-22.215,-174.42,6.0,1.785e+18,6.101,51.0,31.0,-74.0,213.0,61.0,-99.0
FCTs_20200531_050938_SOUTHERN_PERU,2020-05-31,05:09:38.0,-15.326,-70.773,186.0,1.758e+18,6.097,111.0,7.0,-110.0,311.0,83.0,-87.0
FCTs_20200603_073536_NORTHERN_CHILE,2020-06-03,07:35:36.0,-23.274,-68.468,107.0,2.262e+19,6.836,157.0,23.0,-84.0,331.0,67.0,-93.0
FCTs_20200604_084940_HALMAHERA__INDONESIA,2020-06-04,08:49:40.0,2.911,128.248,113.0,7.221e+18,6.506,28.0,78.0,143.0,127.0,54.0,15.0
FCTs_20200607_143656_SANTA_CRUZ_ISLANDS,2020-06-07,14:36:56.0,-10.661,166.184,16.0,6.387e+17,5.804,260.0,41.0,-177.0,168.0,88.0,-49.0
FCTs_20200607_200638_NEW_BRITAIN_REGION__P.N.G,2020-06-07,20:06:38.0,-5.344,151.6,53.0,9.745e+17,5.926,252.0,44.0,72.0,96.0,48.0,107.0
FCTs_20200610_195850_SOUTHERN_MID-ATLANTIC_RIDGE,2020-06-10,19:58:50.0,-15.807,-13.036,8.0,6.323e+17,5.801,330.0,49.0,-113.0,184.0,46.0,-66.0
FCTs_20200613_155124_RYUKYU_ISLANDS__JAPAN,2020-06-13,15:51:24.0,28.859,128.271,171.0,1.445e+19,6.707,128.0,40.0,-143.0,7.0,67.0,-57.0
FCTs_20200613_210830_MARIANA_ISLANDS,2020-06-13,21:08:30.0,18.932,145.112,624.0,2.751e+18,6.226,311.0,38.0,-91.0,132.0,52.0,-89.0
FCTs_20200614_142429_TURKEY,2020-06-14,14:24:29.0,39.423,40.707,7.0,6.302e+17,5.8,265.0,81.0,173.0,356.0,83.0,9.0
FCTs_20200618_124953_SOUTH_OF_KERMADEC_ISLANDS,2020-06-18,12:49:53.0,-33.293,-177.857,19.0,2.153e+20,7.489,135.0,43.0,-155.0,26.0,73.0,-50.0
FCTs_20200621_190754_ICELAND_REGION,2020-06-21,19:07:54.0,66.381,-18.707,7.0,8.757e+17,5.895,17.0,35.0,-78.0,183.0,56.0,-98.0
FCTs_20200623_074329_MINAHASSA_PENINSULA__SULAWESI,2020-06-23,07:43:29.0,0.037,123.787,110.0,1.184e+18,5.982,295.0,13.0,132.0,72.0,81.0,81.0
FCTs_20200623_152904_NEAR_COAST_OF_OAXACA__MEXICO,2020-06-23,15:29:04.0,15.886,-96.008,23.0,1.666e+20,7.414,264.0,23.0,55.0,122.0,72.0,104.0
FCTs_20200624_174048_CALIFORNIA-NEVADA_BORDER_REGION,2020-06-24,17:40:48.0,36.467,-117.969,9.0,6.333e+17,5.801,210.0,52.0,-48.0,334.0,54.0,-131.0
FCTs_20200624_194745_NEAR_EAST_COAST_OF_HONSHU__JAPAN,2020-06-24,19:47:45.0,35.471,141.074,33.0,8.479e+17,5.886,291.0,52.0,120.0,69.0,47.0,58.0
FCTs_20200625_210518_XIZANG,2020-06-25,21:05:18.0,35.595,82.416,8.0,3.153e+18,6.266,26.0,35.0,-73.0,185.0,57.0,-102.0
FCTs_20200706_181618_W._CAROLINE_ISLANDS__MICRONESIA,2020-07-06,18:16:18.0,12.081,140.248,11.0,3.94e+18,6.33,169.0,74.0,-164.0,74.0,75.0,-17.0
FCTs_20200706_225447_JAVA_SEA,2020-07-06,22:54:47.0,-5.602,110.689,536.0,1.224e+19,6.658,100.0,36.0,-118.0,314.0,59.0,-71.0
FCTs_20200715_213940_PANAMA,2020-07-15,21:39:40.0,7.464,-81.91,11.0,7.859e+17,5.864,295.0,14.0,45.0,161.0,80.0,100.0
FCTs_20200717_025022_EASTERN_NEW_GUINEA_REG.__P.N.G,2020-07-17,02:50:22.0,-7.836,147.77,83.0,5.423e+19,7.089,68.0,34.0,9.0,330.0,85.0,123.0
FCTs_20200717_140340_ANDAMAN_ISLANDS__INDIA_REGION,2020-07-17,14:03:40.0,11.849,94.936,5.0,2.209e+18,6.163,272.0,68.0,-15.0,8.0,76.0,-158.0
FCTs_20200718_013715_SOLOMON_ISLANDS,2020-07-18,01:37:15.0,-10.41,161.394,52.0,5.688e+17,5.77,114.0,63.0,-52.0,234.0,45.0,-141.0
FCTs_20200718_153236_SAMOA_ISLANDS_REGION,2020-07-18,15:32:36.0,-15.255,-172.694,17.0,1.889e+18,6.117,147.0,33.0,46.0,15.0,67.0,114.0
FCTs_20200721_205625_FIJI_ISLANDS_REGION,2020-07-21,20:56:25.0,-20.805,-178.633,632.0,1.223e+18,5.992,300.0,32.0,-36.0,61.0,72.0,-117.0
FCTs_20200722_061244_ALASKA_PENINSULA,2020-07-22,06:12:44.0,55.071,-158.596,28.0,7.306e+20,7.842,244.0,19.0,90.0,65.0,71.0,90.0
FCTs_20200722_200719_XIZANG,2020-07-22,20:07:19.0,33.144,86.864,9.0,3.932e+18,6.33,15.0,44.0,-73.0,172.0,48.0,-106.0
FCTs_20200726_005359_SOUTH_SANDWICH_ISLANDS_REGION,2020-07-26,00:53:59.0,-60.783,-25.413,7.0,5.559e+18,6.43,31.0,35.0,-120.0,247.0,60.0,-70.0
FCTs_20200727_173245_MINDANAO__PHILIPPINES,2020-07-27,17:32:45.0,9.018,126.268,48.0,6.224e+17,5.796,192.0,39.0,76.0,30.0,52.0,101.0
FCTs_20200728_080343_ALASKA_PENINSULA,2020-07-28,08:03:43.0,54.791,-161.204,38.0,1.582e+18,6.066,241.0,27.0,101.0,49.0,63.0,84.0
FCTs_20200730_003556_SOUTHEAST_OF_HONSHU__JAPAN,2020-07-30,00:35:56.0,30.629,141.772,13.0,8.862e+17,5.898,162.0,25.0,74.0,360.0,66.0,97.0
FCTs_20200801_170901_MINDANAO__PHILIPPINES,2020-08-01,17:09:01.0,7.293,124.133,494.0,4.682e+18,6.38,152.0,37.0,-123.0,11.0,60.0,-68.0
FCTs_20200805_120536_VANUATU_ISLANDS,2020-08-05,12:05:36.0,-16.094,168.065,192.0,5.988e+18,6.452,9.0,9.0,41.0,238.0,84.0,97.0
FCTs_20200806_233644_PRINCE_EDWARD_ISLANDS_REGION,2020-08-06,23:36:44.0,-41.679,42.449,20.0,4.686e+18,6.381,279.0,81.0,-2.0,10.0,88.0,-171.0
FCTs_20200812_171316_TANZANIA,2020-08-12,17:13:16.0,-7.333,39.813,9.0,1.338e+18,6.018,209.0,34.0,-96.0,36.0,56.0,-86.0
FCTs_20200815_064037_EASTER_ISLAND_REGION,2020-08-15,06:40:37.0,-22.758,-112.315,8.0,5.503e+17,5.76,98.0,44.0,-103.0,296.0,47.0,-78.0
FCTs_20200816_200550_FOX_ISLANDS__ALEUTIAN_ISLANDS,2020-08-16,20:05:50.0,51.214,-171.088,12.0,5.37e+17,5.753,289.0,32.0,121.0,73.0,63.0,72.0
FCTs_20200818_000348_SAMAR__PHILIPPINES,2020-08-18,00:03:48.0,12.026,124.127,7.0,1.127e+19,6.635,145.0,77.0,0.0,235.0,90.0,-167.0
FCTs_20200818_222359_SOUTHERN_SUMATRA__INDONESIA,2020-08-18,22:23:59.0,-4.322,101.135,22.0,2.014e+19,6.803,305.0,16.0,89.0,127.0,74.0,90.0
FCTs_20200818_222924_SOUTHERN_SUMATRA__INDONESIA,2020-08-18,22:29:24.0,-4.207,101.241,18.0,4.077e+19,7.007,299.0,19.0,82.0,128.0,71.0,93.0
FCTs_20200821_040951_BANDA_SEA,2020-08-21,04:09:51.0,-6.71,123.465,644.0,2.653e+19,6.883,93.0,45.0,-69.0,244.0,48.0,-110.0
FCTs_20200824_215109_COSTA_RICA,2020-08-24,21:51:09.0,9.578,-84.638,24.0,1.253e+18,5.999,296.0,29.0,86.0,121.0,61.0,92.0
FCTs_20200825_190258_NEW_BRITAIN_REGION__P.N.G,2020-08-25,19:02:58.0,-5.558,151.864,29.0,7.177e+17,5.837,256.0,30.0,81.0,86.0,61.0,95.0
FCTs_20200825_190852_NEW_BRITAIN_REGION__P.N.G,2020-08-25,19:08:52.0,-5.545,151.837,33.0,2.369e+18,6.183,290.0,30.0,99.0,99.0,61.0,85.0
FCTs_20200830_212029_CENTRAL_MID-ATLANTIC_RIDGE,2020-08-30,21:20:29.0,0.782,-29.866,5.0,7.112e+18,6.501,265.0,87.0,166.0,356.0,76.0,3.0
FCTs_20200831_172404_CHAGOS_ARCHIPELAGO_REGION,2020-08-31,17:24:04.0,-4.016,70.197,6.0,2.113e+18,6.15,50.0,75.0,-162.0,315.0,72.0,-16.0
FCTs_20200901_040928_NEAR_COAST_OF_NORTHERN_CHILE,2020-09-01,04:09:28.0,-27.969,-71.306,37.0,2.621e+19,6.879,12.0,30.0,110.0,170.0,62.0,79.0
FCTs_20200901_210917_NEAR_COAST_OF_NORTHERN_CHILE,2020-09-01,21:09:17.0,-27.916,-71.37,28.0,5.944e+18,6.449,5.0,25.0,107.0,166.0,66.0,82.0
FCTs_20200906_011658_NEAR_COAST_OF_CENTRAL_CHILE,2020-09-06,01:16:58.0,-30.339,-71.491,36.0,4.3e+18,6.356,346.0,32.0,92.0,163.0,58.0,89.0
FCTs_20200906_065118_CENTRAL_MID-ATLANTIC_RIDGE,2020-09-06,06:51:18.0,7.683,-37.154,6.0,1.208e+19,6.655,92.0,85.0,174.0,183.0,84.0,5.0
FCTs_20200906_152343_MINDANAO__PHILIPPINES,2020-09-06,15:23:43.0,6.269,125.828,126.0,4.552e+18,6.372,201.0,42.0,116.0,348.0,53.0,68.0
FCTs_20200908_004520_BANDA_SEA,2020-09-08,00:45:20.0,-4.871,129.755,183.0,1.686e+18,6.085,99.0,19.0,20.0,350.0,83.0,108.0
FCTs_20200911_073557_NORTHERN_CHILE,2020-09-11,07:35:57.0,-21.397,-69.91,50.0,3.222e+18,6.272,47.0,78.0,25.0,311.0,65.0,167.0
FCTs_20200912_024411_NEAR_EAST_COAST_OF_HONSHU__JAPAN,2020-09-12,02:44:11.0,38.748,142.245,41.0,1.912e+18,6.121,192.0,25.0,83.0,20.0,65.0,93.0
FCTs_20200912_083427_VANUATU_ISLANDS,2020-09-12,08:34:27.0,-17.256,167.679,15.0,8.185e+17,5.875,336.0,36.0,78.0,170.0,55.0,99.0
FCTs_20200915_034128_KAMCHATKA_PENINSULA__RUSSIA,2020-09-15,03:41:28.0,55.973,158.378,349.0,5.857e+18,6.445,180.0,4.0,146.0,304.0,88.0,86.0
FCTs_20200918_162817_CRETE__GREECE,2020-09-18,16:28:17.0,35.037,25.303,49.0,5.479e+17,5.759,276.0,7.0,85.0,101.0,83.0,91.0
FCTs_20200918_214359_CENTRAL_MID-ATLANTIC_RIDGE,2020-09-18,21:43:59.0,0.93,-26.853,7.0,2.778e+19,6.896,85.0,78.0,175.0,176.0,85.0,12.0
FCTs_20200919_210931_MID-INDIAN_RIDGE,2020-09-19,21:09:31.0,-37.524,77.887,5.0,6.577e+17,5.812,63.0,65.0,1.0,333.0,89.0,155.0
FCTs_20200926_171022_SOUTH_OF_AFRICA,2020-09-26,17:10:22.0,-48.025,31.74,7.0,2.047e+18,6.141,205.0,65.0,-143.0,98.0,57.0,-30.0
FCTs_20201001_011336_TONGA_ISLANDS,2020-10-01,01:13:36.0,-19.538,-174.122,47.0,7.193e+18,6.505,322.0,22.0,57.0,177.0,72.0,102.0
FCTs_20201001_103445_NEW_BRITAIN_REGION__P.N.G,2020-10-01,10:34:45.0,-5.996,148.666,83.0,1.727e+18,6.091,16.0,32.0,126.0,155.0,65.0,70.0
FCTs_20201003_093131_SOUTHEAST_OF_HONSHU__JAPAN,2020-10-03,09:31:31.0,33.477,140.941,34.0,8.087e+17,5.872,206.0,51.0,119.0,345.0,47.0,59.0
FCTs_20201006_055450_SOUTH_OF_ALASKA,2020-10-06,05:54:50.0,54.851,-159.851,36.0,1.001e+18,5.934,214.0,30.0,72.0,55.0,62.0,100.0
FCTs_20201006_101146_FIJI_ISLANDS_REGION,2020-10-06,10:11:46.0,-17.996,-178.472,657.0,1.28e+18,6.005,28.0,11.0,118.0,179.0,80.0,85.0
FCTs_20201008_073532_EASTERN_NEW_GUINEA_REG.__P.N.G,2020-10-08,07:35:32.0,-6.094,146.174,120.0,6.984e+18,6.496,240.0,83.0,160.0,333.0,70.0,7.0
FCTs_20201019_205438_SOUTH_OF_ALASKA,2020-10-19,20:54:38.0,54.602,-159.626,22.0,3.188e+20,7.602,83.0,86.0,42.0,349.0,48.0,174.0
FCTs_20201021_002234_TONGA_ISLANDS_REGION,2020-10-21,00:22:34.0,-19.332,-172.333,9.0,6.241e+17,5.797,19.0,35.0,-75.0,181.0,57.0,-100.0
FCTs_20201022_082407_FIJI_ISLANDS_REGION,2020-10-22,08:24:07.0,-20.826,-176.621,258.0,4.809e+17,5.721,171.0,27.0,-148.0,52.0,76.0,-66.0
FCTs_20201030_115127_DODECANESE_ISLANDS__GREECE,2020-10-30,11:51:27.0,37.897,26.784,13.0,3.31e+19,6.947,251.0,40.0,-120.0,108.0,56.0,-67.0
FCTs_20201107_092705_TONGA_ISLANDS,2020-11-07,09:27:05.0,-15.246,-173.528,48.0,3.317e+18,6.28,136.0,9.0,122.0,284.0,82.0,85.0
FCTs_20201111_004844_FIJI_ISLANDS_REGION,2020-11-11,00:48:44.0,-19.718,-177.561,435.0,1.215e+18,5.99,137.0,44.0,-129.0,5.0,58.0,-59.0
FCTs_20201115_223743_MINDANAO__PHILIPPINES,2020-11-15,22:37:43.0,8.757,126.291,51.0,1.41e+18,6.033,193.0,39.0,76.0,31.0,53.0,101.0
FCTs_20201117_014411_SOUTHERN_SUMATRA__INDONESIA,2020-11-17,01:44:11.0,-2.671,99.323,21.0,7.687e+17,5.857,90.0,72.0,-177.0,359.0,87.0,-18.0
FCTs_20201130_225434_PRIMOR'YE__RUSSIA,2020-11-30,22:54:34.0,48.252,140.797,610.0,4.975e+18,6.398,188.0,33.0,-142.0,65.0,70.0,-62.0
FCTs_20201130_225503_CHILE-ARGENTINA_BORDER_REGION,2020-11-30,22:55:03.0,-24.322,-67.005,189.0,3.544e+18,6.3,205.0,38.0,-51.0,339.0,62.0,-116.0
FCTs_20201201_162239_FOX_ISLANDS__ALEUTIAN_ISLANDS,2020-12-01,16:22:39.0,52.755,-168.24,30.0,4.995e+18,6.399,243.0,29.0,113.0,37.0,63.0,78.0
FCTs_20201206_164742_NORTHERN_CHILE,2020-12-06,16:47:42.0,-20.395,-69.061,105.0,1.94e+18,6.125,224.0,20.0,-40.0,352.0,77.0,-105.0
FCTs_20201210_131958_TAIWAN_REGION,2020-12-10,13:19:58.0,24.782,122.024,82.0,1.482e+18,6.047,72.0,43.0,155.0,181.0,73.0,50.0
FCTs_20201214_152049_CHILE-BOLIVIA_BORDER_REGION,2020-12-14,15:20:49.0,-21.806,-68.708,109.0,1.602e+18,6.07,261.0,31.0,-23.0,11.0,78.0,-119.0
FCTs_20201214_193558_NORWEGIAN_SEA,2020-12-14,19:35:58.0,72.235,0.742,7.0,6.582e+17,5.812,29.0,39.0,-117.0,242.0,56.0,-70.0
FCTs_20201215_232157_MINDANAO__PHILIPPINES,2020-12-15,23:21:57.0,5.179,125.421,13.0,3.965e+18,6.332,331.0,20.0,72.0,169.0,71.0,96.0
FCTs_20201220_172322_NEAR_EAST_COAST_OF_HONSHU__JAPAN,2020-12-20,17:23:22.0,40.867,142.581,38.0,4.096e+18,6.342,187.0,20.0,81.0,17.0,70.0,93.0
FCTs_20201223_181147_W._CAROLINE_ISLANDS__MICRONESIA,2020-12-23,18:11:47.0,6.254,133.636,15.0,1.425e+18,6.036,222.0,39.0,104.0,25.0,52.0,79.0
FCTs_20201224_234341_MINDORO__PHILIPPINES,2020-12-24,23:43:41.0,13.82,120.654,114.0,4.074e+18,6.34,349.0,57.0,131.0,111.0,51.0,45.0
FCTs_20201227_213914_OFF_COAST_OF_CENTRAL_CHILE,2020-12-27,21:39:14.0,-39.34,-74.985,11.0,1.782e+19,6.767,208.0,46.0,-68.0,358.0,49.0,-111.0
FCTs_20201229_111954_NORTHWESTERN_BALKAN_REGION,2020-12-29,11:19:54.0,45.424,16.257,7.0,4.326e+18,6.357,222.0,78.0,8.0,131.0,83.0,167.0
FCTs_20210103_123848_ANDREANOF_ISLANDS__ALEUTIAN_IS,2021-01-03,12:38:48.0,51.22,-179.793,21.0,1.165e+18,5.978,271.0,11.0,116.0,65.0,80.0,85.0
FCTs_20210106_062035_KERMADEC_ISLANDS_REGION,2021-01-06,06:20:35.0,-28.636,-177.271,49.0,3.213e+18,6.271,205.0,35.0,97.0,16.0,55.0,85.0
FCTs_20210106_165216_SOLOMON_ISLANDS,2021-01-06,16:52:16.0,-7.058,155.792,56.0,7.713e+17,5.858,141.0,42.0,104.0,303.0,49.0,78.0
FCTs_20210106_205934_MINAHASSA_PENINSULA__SULAWESI,2021-01-06,20:59:34.0,0.066,122.949,165.0,1.871e+18,6.115,59.0,24.0,69.0,261.0,67.0,99.0
FCTs_20210108_002850_KERMADEC_ISLANDS__NEW_ZEALAND,2021-01-08,00:28:50.0,-29.43,-178.744,228.0,3.216e+18,6.272,189.0,37.0,-102.0,25.0,54.0,-81.0
FCTs_20210108_050104_VANUATU_ISLANDS,2021-01-08,05:01:04.0,-20.737,169.882,125.0,1.513e+18,6.053,19.0,33.0,-81.0,189.0,58.0,-95.0
FCTs_20210111_213259_RUSSIA-MONGOLIA_BORDER_REGION,2021-01-11,21:32:59.0,51.281,100.438,11.0,2.092e+19,6.814,236.0,62.0,-50.0,354.0,47.0,-141.0
FCTs_20210112_023943_EASTERN_SEA_OF_JAPAN,2021-01-12,02:39:43.0,43.7,139.986,227.0,1.074e+18,5.954,340.0,32.0,-46.0,111.0,68.0,-113.0
FCTs_20210112_181736_IRIAN_JAYA__INDONESIA,2021-01-12,18:17:36.0,-3.06,136.888,37.0,1.202e+18,5.987,56.0,23.0,66.0,262.0,69.0,100.0
FCTs_20210114_182818_SULAWESI__INDONESIA,2021-01-14,18:28:18.0,-2.972,118.89,17.0,3.029e+18,6.254,343.0,23.0,66.0,189.0,69.0,100.0
FCTs_20210119_024622_SAN_JUAN_PROVINCE__ARGENTINA,2021-01-19,02:46:22.0,-31.833,-68.799,21.0,5.136e+18,6.407,329.0,62.0,41.0,218.0,55.0,145.0
FCTs_20210121_122304_TALAUD_ISLANDS__INDONESIA,2021-01-21,12:23:04.0,4.993,127.515,98.0,5.305e+19,7.083,358.0,30.0,78.0,192.0,61.0,97.0
FCTs_20210123_031951_EASTERN_NEW_GUINEA_REG.__P.N.G,2021-01-23,03:19:51.0,-6.299,147.641,31.0,9.018e+17,5.903,286.0,32.0,93.0,102.0,58.0,88.0
FCTs_20210123_233651_SOUTH_SHETLAND_ISLANDS,2021-01-23,23:36:51.0,-61.81,-55.503,13.0,3.767e+19,6.984,14.0,45.0,-133.0,247.0,59.0,-56.0
FCTs_20210207_042256_MINDANAO__PHILIPPINES,2021-02-07,04:22:56.0,6.769,125.101,23.0,1.343e+18,6.019,130.0,75.0,-17.0,224.0,73.0,-164.0
FCTs_20210207_054551_BISMARCK_SEA,2021-02-07,05:45:51.0,-3.323,146.144,6.0,3.258e+18,6.275,271.0,85.0,-10.0,1.0,80.0,-175.0
FCTs_20210210_122421_SOUTHEAST_OF_LOYALTY_ISLANDS,2021-02-10,12:24:21.0,-22.833,171.656,17.0,1.273e+18,6.003,292.0,22.0,114.0,86.0,70.0,81.0
FCTs_20210210_131955_SOUTHEAST_OF_LOYALTY_ISLANDS,2021-02-10,13:19:55.0,-23.051,171.657,14.0,5.071e+20,7.737,282.0,19.0,97.0,94.0,71.0,87.0
FCTs_20210212_170135_TAJIKISTAN-XINJIANG_BORDER_REG,2021-02-12,17:01:35.0,38.136,73.545,97.0,7.102e+17,5.834,51.0,41.0,89.0,233.0,49.0,91.0
FCTs_20210213_140749_NEAR_EAST_COAST_OF_HONSHU__JAPAN,2021-02-13,14:07:49.0,37.727,141.775,49.0,7.083e+19,7.167,29.0,37.0,102.0,194.0,54.0,81.0
FCTs_20210216_004925_VANUATU_ISLANDS,2021-02-16,00:49:25.0,-17.829,167.541,14.0,8.207e+18,6.543,3.0,16.0,104.0,168.0,75.0,86.0
FCTs_20210218_063730_VANUATU_ISLANDS,2021-02-18,06:37:30.0,-18.951,168.068,14.0,3.373e+18,6.285,352.0,18.0,-69.0,150.0,73.0,-97.0
FCTs_20210218_153047_FIJI_ISLANDS_REGION,2021-02-18,15:30:47.0,-14.837,-176.757,5.0,3.277e+18,6.277,146.0,86.0,-8.0,236.0,82.0,-176.0
FCTs_20210302_212246_KURIL_ISLANDS,2021-03-02,21:22:46.0,43.984,147.936,37.0,7.491e+17,5.85,230.0,28.0,105.0,32.0,63.0,82.0
FCTs_20210303_101609_GREECE,2021-03-03,10:16:09.0,39.755,22.176,10.0,2.423e+18,6.19,320.0,33.0,-79.0,126.0,58.0,-97.0
FCTs_20210304_132734_OFF_E._COAST_OF_N._ISLAND__N.Z,2021-03-04,13:27:34.0,-37.479,179.458,34.0,1.799e+20,7.437,273.0,44.0,100.0,79.0,46.0,80.0
FCTs_20210304_174123_KERMADEC_ISLANDS__NEW_ZEALAND,2021-03-04,17:41:23.0,-29.677,-177.84,43.0,1.656e+20,7.413,205.0,30.0,103.0,10.0,61.0,82.0
FCTs_20210304_192833_KERMADEC_ISLANDS__NEW_ZEALAND,2021-03-04,19:28:33.0,-29.723,-177.279,36.0,1.207e+21,7.988,198.0,25.0,94.0,13.0,65.0,88.0
FCTs_20210305_142452_KERMADEC_ISLANDS_REGION,2021-03-05,14:24:52.0,-28.898,-176.61,15.0,3.676e+18,6.31,194.0,16.0,80.0,24.0,74.0,93.0
FCTs_20210306_120523_KERMADEC_ISLANDS_REGION,2021-03-06,12:05:23.0,-28.357,-177.874,7.0,2.684e+18,6.219,31.0,44.0,-95.0,219.0,46.0,-85.0
FCTs_20210310_201237_FIJI_ISLANDS_REGION,2021-03-10,20:12:37.0,-20.156,-177.616,518.0,9.567e+17,5.921,67.0,54.0,-126.0,298.0,49.0,-51.0
FCTs_20210313_212158_KERMADEC_ISLANDS_REGION,2021-03-13,21:21:58.0,-28.15,-176.633,17.0,1.063e+18,5.951,169.0,23.0,77.0,4.0,67.0,96.0
FCTs_20210314_120513_SOUTH_SANDWICH_ISLANDS_REGION,2021-03-14,12:05:13.0,-59.871,-29.482,8.0,1.067e+18,5.952,240.0,90.0,6.0,150.0,84.0,180.0
FCTs_20210316_183821_OFF_EAST_COAST_OF_KAMCHATKA,2021-03-16,18:38:21.0,54.737,163.18,22.0,9.949e+18,6.599,70.0,84.0,29.0,337.0,61.0,173.0
FCTs_20210318_000406_NORTHERN_ALGERIA,2021-03-18,00:04:06.0,36.921,5.201,10.0,1.243e+18,5.996,115.0,29.0,116.0,266.0,64.0,76.0
FCTs_20210320_090943_NEAR_EAST_COAST_OF_HONSHU__JAPAN,2021-03-20,09:09:43.0,38.451,141.648,56.0,5.001e+19,7.066,195.0,23.0,86.0,19.0,67.0,92.0
FCTs_20210326_045138_LEEWARD_ISLANDS,2021-03-26,04:51:38.0,16.794,-60.729,23.0,7.88e+17,5.864,135.0,28.0,74.0,332.0,64.0,98.0
FCTs_20210326_220216_NORTHEAST_OF_TAIWAN,2021-03-26,22:02:16.0,26.138,125.087,156.0,1.064e+18,5.951,271.0,4.0,0.0,1.0,90.0,-94.0
FCTs_20210328_230146_NORTHERN_MID-ATLANTIC_RIDGE,2021-03-28,23:01:46.0,43.696,-28.809,7.0,5.806e+17,5.776,233.0,48.0,-65.0,19.0,48.0,-115.0
FCTs_20210401_095637_KERMADEC_ISLANDS__NEW_ZEALAND,2021-04-01,09:56:37.0,-29.961,-177.676,38.0,6.081e+18,6.456,196.0,29.0,91.0,15.0,61.0,90.0
FCTs_20210403_011639_EAST_OF_SOUTH_SANDWICH_ISLANDS,2021-04-03,01:16:39.0,-58.014,-7.843,5.0,1.072e+19,6.62,345.0,87.0,-173.0,254.0,83.0,-3.0
FCTs_20210403_184201_BANDA_SEA,2021-04-03,18:42:01.0,-5.125,128.156,342.0,9.225e+17,5.91,195.0,14.0,113.0,351.0,77.0,84.0
FCTs_20210407_095329_KERMADEC_ISLANDS_REGION,2021-04-07,09:53:29.0,-29.049,-176.612,11.0,3.314e+18,6.28,174.0,17.0,82.0,3.0,73.0,93.0
FCTs_20210410_070015_JAVA__INDONESIA,2021-04-10,07:00:15.0,-8.571,112.505,74.0,1.023e+18,5.94,205.0,33.0,172.0,301.0,86.0,57.0
FCTs_20210410_093043_CELEBES_SEA,2021-04-10,09:30:43.0,4.132,124.644,315.0,1.614e+18,6.072,168.0,34.0,-136.0,39.0,67.0,-64.0
FCTs_20210418_064149_SOUTHERN_IRAN,2021-04-18,06:41:49.0,29.753,50.678,7.0,1.042e+18,5.945,314.0,19.0,98.0,125.0,72.0,87.0
FCTs_20210419_235822_OFF_W_COAST_OF_NORTHERN_SUMATRA,2021-04-19,23:58:22.0,0.183,96.56,12.0,1.079e+18,5.955,159.0,47.0,-72.0,313.0,46.0,-108.0
FCTs_20210425_222802_FIJI_ISLANDS_REGION,2021-04-25,22:28:02.0,-21.61,-177.153,254.0,6.235e+18,6.463,119.0,34.0,-174.0,24.0,87.0,-56.0
FCTs_20210427_163334_KERMADEC_ISLANDS_REGION,2021-04-27,16:33:34.0,-29.122,-176.848,14.0,1.786e+18,6.101,241.0,9.0,136.0,14.0,84.0,83.0
FCTs_20210428_022126_NORTHEASTERN_INDIA,2021-04-28,02:21:26.0,26.781,92.456,39.0,1.263e+18,6.001,323.0,52.0,119.0,102.0,47.0,58.0
FCTs_20210429_065026_KERMADEC_ISLANDS_REGION,2021-04-29,06:50:26.0,-29.339,-176.32,12.0,1.906e+18,6.12,189.0,23.0,-98.0,18.0,67.0,-87.0
FCTs_20210501_012727_NEAR_EAST_COAST_OF_HONSHU__JAPAN,2021-05-01,01:27:27.0,38.2,141.597,50.0,2.638e+19,6.881,194.0,21.0,81.0,23.0,69.0,93.0
FCTs_20210502_065739_NEAR_COAST_OF_CENTRAL_CHILE,2021-05-02,06:57:39.0,-30.137,-71.582,35.0,5.166e+17,5.742,346.0,37.0,104.0,149.0,54.0,79.0
FCTs_20210507_233514_FIJI_ISLANDS_REGION,2021-05-07,23:35:14.0,-18.744,-177.566,403.0,1.545e+18,6.059,4.0,48.0,18.0,262.0,77.0,136.0
FCTs_20210512_010927_MINDORO__PHILIPPINES,2021-05-12,01:09:27.0,13.572,120.848,120.0,5.31e+17,5.75,317.0,23.0,141.0,84.0,76.0,72.0
FCTs_20210513_235814_NEAR_EAST_COAST_OF_HONSHU__JAPAN,2021-05-13,23:58:14.0,37.717,141.817,35.0,1.259e+18,6.0,215.0,24.0,99.0,25.0,66.0,86.0
FCTs_20210514_063307_OFF_W_COAST_OF_NORTHERN_SUMATRA,2021-05-14,06:33:07.0,0.136,96.644,11.0,1.924e+19,6.789,164.0,46.0,-50.0,294.0,56.0,-124.0
FCTs_20210519_004219_SOUTHERN_EAST_PACIFIC_RISE,2021-05-19,00:42:19.0,-33.065,-109.394,7.0,9.066e+18,6.572,286.0,90.0,-173.0,195.0,83.0,0.0
FCTs_20210521_120922_JAVA__INDONESIA,2021-05-21,12:09:22.0,-8.421,112.332,114.0,5.694e+17,5.77,43.0,25.0,156.0,155.0,80.0,67.0
FCTs_20210521_180413_QINGHAI__CHINA,2021-05-21,18:04:13.0,34.598,98.251,12.0,2.113e+20,7.483,101.0,84.0,-3.0,192.0,87.0,-174.0
FCTs_20210531_065955_CENTRAL_ALASKA,2021-05-31,06:59:55.0,62.449,-148.251,62.0,1.28e+18,6.005,64.0,34.0,-69.0,219.0,58.0,-104.0
FCTs_20210616_044307_SERAM__INDONESIA,2021-06-16,04:43:07.0,-3.558,129.524,10.0,1.941e+18,6.125,250.0,47.0,-36.0,6.0,64.0,-131.0
FCTs_20210619_115905_FIJI_ISLANDS_REGION,2021-06-19,11:59:05.0,-16.36,173.101,13.0,5.404e+17,5.755,284.0,45.0,-98.0,115.0,45.0,-82.0
FCTs_20210620_170550_KERMADEC_ISLANDS__NEW_ZEALAND,2021-06-20,17:05:50.0,-30.216,-177.845,33.0,7.478e+18,6.516,200.0,33.0,92.0,17.0,57.0,89.0
FCTs_20210702_201437_FIJI_ISLANDS_REGION,2021-07-02,20:14:37.0,-21.812,-179.416,622.0,1.83e+18,6.108,97.0,4.0,153.0,213.0,88.0,87.0
FCTs_20210704_010137_NEAR_COAST_OF_CENTRAL_CHILE,2021-07-04,01:01:37.0,-28.735,-71.512,22.0,1.088e+18,5.958,352.0,36.0,100.0,159.0,55.0,83.0
FCTs_20210708_224948_CALIFORNIA-NEVADA_BORDER_REGION,2021-07-08,22:49:48.0,38.507,-119.5,8.0,9.726e+17,5.925,208.0,47.0,-65.0,354.0,49.0,-114.0
FCTs_20210710_004355_NORTHERN_MOLUCCA_SEA,2021-07-10,00:43:55.0,2.949,126.498,52.0,1.975e+18,6.13,200.0,23.0,93.0,17.0,67.0,89.0
FCTs_20210717_205610_SOUTH_OF_PANAMA,2021-07-17,20:56:10.0,6.826,-82.677,7.0,1.9e+18,6.119,84.0,88.0,-14.0,175.0,76.0,-177.0
FCTs_20210721_142600_BISMARCK_SEA,2021-07-21,14:26:00.0,-3.231,146.8,12.0,1.737e+18,6.093,85.0,87.0,4.0,354.0,86.0,177.0
FCTs_20210721_211512_SOUTH_OF_PANAMA,2021-07-21,21:15:12.0,7.393,-82.779,16.0,1.602e+19,6.736,173.0,82.0,-173.0,82.0,83.0,-8.0
FCTs_20210723_204857_MINDORO__PHILIPPINES,2021-07-23,20:48:57.0,13.705,120.726,118.0,1.506e+19,6.719,110.0,45.0,53.0,336.0,55.0,121.0
FCTs_20210724_125128_KERMADEC_ISLANDS_REGION,2021-07-24,12:51:28.0,-29.927,-176.864,13.0,1.69e+18,6.085,211.0,21.0,104.0,17.0,69.0,85.0
FCTs_20210726_120906_MINAHASSA_PENINSULA__SULAWESI,2021-07-26,12:09:06.0,-0.768,121.908,13.0,2.212e+18,6.163,137.0,44.0,-69.0,289.0,49.0,-109.0
FCTs_20210729_003213_NEAR_COAST_OF_NORTHERN_PERU,2021-07-29,00:32:13.0,-8.342,-79.967,27.0,6.743e+17,5.819,349.0,23.0,86.0,174.0,67.0,92.0
FCTs_20210729_061549_ALASKA_PENINSULA,2021-07-29,06:15:49.0,55.363,-157.888,31.0,2.081e+21,8.146,242.0,18.0,88.0,64.0,72.0,91.0
FCTs_20210730_171019_PERU-ECUADOR_BORDER_REGION,2021-07-30,17:10:19.0,-4.915,-80.616,40.0,1.938e+18,6.125,242.0,24.0,117.0,32.0,69.0,78.0
FCTs_20210802_050119_IRIAN_JAYA_REGION__INDONESIA,2021-08-02,05:01:19.0,-4.499,133.958,16.0,1.966e+18,6.129,249.0,70.0,-13.0,343.0,78.0,-160.0
FCTs_20210802_224850_SOUTHERN_SUMATRA__INDONESIA,2021-08-02,22:48:50.0,-3.211,100.198,21.0,1.993e+18,6.133,306.0,19.0,89.0,127.0,71.0,90.0
FCTs_20210803_034238_NICOBAR_ISLANDS__INDIA_REGION,2021-08-03,03:42:38.0,8.881,94.019,6.0,1.275e+18,6.004,162.0,84.0,-160.0,70.0,70.0,-7.0
FCTs_20210803_203334_OFF_EAST_COAST_OF_HONSHU__JAPAN,2021-08-03,20:33:34.0,36.098,142.105,15.0,1.526e+18,6.056,196.0,22.0,87.0,19.0,68.0,91.0
FCTs_20210804_215046_TAIWAN_REGION,2021-08-04,21:50:46.0,24.783,122.311,9.0,6.796e+17,5.822,107.0,39.0,-65.0,256.0,55.0,-109.0
FCTs_20210806_192202_SOUTH_SANDWICH_ISLANDS_REGION,2021-08-06,19:22:02.0,-59.604,-26.189,40.0,1.261e+18,6.001,227.0,44.0,-110.0,74.0,50.0,-72.0
FCTs_20210811_174613_MINDANAO__PHILIPPINES,2021-08-11,17:46:13.0,6.475,126.715,39.0,7.47e+19,7.182,171.0,50.0,60.0,33.0,49.0,120.0
FCTs_20210813_150831_MINDORO__PHILIPPINES,2021-08-13,15:08:31.0,13.702,120.782,127.0,8.88e+17,5.899,136.0,43.0,71.0,341.0,50.0,106.0
FCTs_20210814_115743_ALASKA_PENINSULA,2021-08-14,11:57:43.0,55.177,-157.644,27.0,2.996e+19,6.918,250.0,16.0,98.0,61.0,74.0,88.0
FCTs_20210815_032045_HAITI_REGION,2021-08-15,03:20:45.0,18.398,-74.09,10.0,4.557e+17,5.706,291.0,44.0,61.0,149.0,53.0,115.0
FCTs_20210816_111036_SOUTH_SANDWICH_ISLANDS_REGION,2021-08-16,11:10:36.0,-58.369,-23.355,16.0,3.868e+19,6.992,355.0,45.0,-131.0,227.0,58.0,-57.0
FCTs_20210817_172449_SOUTH_OF_FIJI_ISLANDS,2021-08-17,17:24:49.0,-23.037,-177.04,168.0,5.1e+17,5.738,264.0,17.0,-38.0,30.0,80.0,-104.0
FCTs_20210817_175326_SOUTH_SANDWICH_ISLANDS_REGION,2021-08-17,17:53:26.0,-58.026,-25.416,33.0,1.987e+18,6.132,173.0,34.0,95.0,348.0,56.0,87.0
FCTs_20210818_101005_VANUATU_ISLANDS,2021-08-18,10:10:05.0,-14.882,167.059,108.0,2.779e+19,6.896,282.0,80.0,22.0,188.0,69.0,169.0
FCTs_20210822_004507_SOUTH_SANDWICH_ISLANDS_REGION,2021-08-22,00:45:07.0,-60.14,-24.221,11.0,1.583e+19,6.733,24.0,41.0,-112.0,233.0,52.0,-72.0
FCTs_20210822_213318_SOUTH_SANDWICH_ISLANDS_REGION,2021-08-22,21:33:18.0,-60.285,-24.874,13.0,4.385e+19,7.028,43.0,38.0,-86.0,217.0,52.0,-93.0
FCTs_20210824_053751_KURIL_ISLANDS,2021-08-24,05:37:51.0,48.865,154.911,33.0,1.724e+18,6.091,220.0,35.0,94.0,35.0,55.0,87.0
FCTs_20210831_025250_KERMADEC_ISLANDS__NEW_ZEALAND,2021-08-31,02:52:50.0,-29.921,-177.38,23.0,4.579e+18,6.374,199.0,26.0,96.0,13.0,64.0,87.0
FCTs_20210903_101426_SEA_OF_OKHOTSK,2021-09-03,10:14:26.0,49.486,147.022,601.0,4.94e+17,5.729,44.0,29.0,129.0,181.0,68.0,70.0
FCTs_20210905_175144_TONGA_ISLANDS_REGION,2021-09-05,17:51:44.0,-22.011,-174.592,11.0,2.51e+18,6.2,229.0,21.0,113.0,25.0,71.0,82.0
FCTs_20210908_014747_NEAR_COAST_OF_GUERRERO__MEXICO,2021-09-08,01:47:47.0,16.947,-99.753,21.0,5.254e+19,7.08,281.0,20.0,72.0,119.0,71.0,96.0
FCTs_20210913_051814_CHILE-ARGENTINA_BORDER_REGION,2021-09-13,05:18:14.0,-23.763,-67.013,208.0,2.946e+18,6.246,197.0,14.0,-51.0,337.0,79.0,-99.0
FCTs_20210913_224606_SOUTHEAST_OF_HONSHU__JAPAN,2021-09-13,22:46:06.0,32.478,137.857,384.0,8.491e+17,5.886,54.0,9.0,145.0,178.0,85.0,83.0
FCTs_20210920_183452_TONGA_ISLANDS,2021-09-20,18:34:52.0,-20.98,-174.271,13.0,9.908e+17,5.931,210.0,22.0,99.0,20.0,69.0,86.0
FCTs_20210920_202526_KURIL_ISLANDS,2021-09-20,20:25:26.0,46.393,152.488,40.0,1.366e+18,6.024,317.0,49.0,49.0,191.0,55.0,127.0
FCTs_20210921_131432_NEAR_COAST_OF_CENTRAL_CHILE,2021-09-21,13:14:32.0,-36.777,-73.933,7.0,9.946e+18,6.598,18.0,14.0,108.0,180.0,77.0,86.0
FCTs_20210922_095707_NEAR_COAST_OF_NICARAGUA,2021-09-22,09:57:07.0,12.14,-87.865,26.0,6.644e+18,6.482,303.0,34.0,79.0,136.0,56.0,97.0
FCTs_20210924_115228_ANDREANOF_ISLANDS__ALEUTIAN_IS,2021-09-24,11:52:28.0,51.083,-179.015,20.0,3.106e+18,6.261,262.0,30.0,106.0,64.0,61.0,81.0
FCTs_20210925_052132_SOUTH_OF_AFRICA,2021-09-25,05:21:32.0,-53.42,23.558,7.0,5.749e+17,5.773,319.0,32.0,-86.0,134.0,58.0,-93.0
FCTs_20210927_061721_CRETE__GREECE,2021-09-27,06:17:21.0,35.244,25.27,7.0,9.04e+17,5.904,32.0,37.0,-103.0,228.0,54.0,-80.0
FCTs_20210929_083705_SEA_OF_JAPAN,2021-09-29,08:37:05.0,38.889,135.453,376.0,2.227e+18,6.165,259.0,16.0,-34.0,21.0,81.0,-104.0
FCTs_20211002_062917_VANUATU_ISLANDS_REGION,2021-10-02,06:29:17.0,-21.126,174.896,557.0,1.042e+20,7.278,288.0,46.0,-27.0,37.0,71.0,-133.0
FCTs_20211002_204339_MID-INDIAN_RIDGE,2021-10-02,20:43:39.0,-9.178,67.261,10.0,1.26e+18,6.0,51.0,88.0,1.0,321.0,89.0,178.0
FCTs_20211004_035406_SOUTH_SANDWICH_ISLANDS_REGION,2021-10-04,03:54:06.0,-60.416,-27.519,13.0,1.759e+18,6.097,295.0,39.0,-105.0,134.0,52.0,-78.0
FCTs_20211006_220108_PAKISTAN,2021-10-06,22:01:08.0,30.193,67.995,8.0,2.202e+18,6.162,298.0,8.0,131.0,77.0,84.0,85.0
FCTs_20211007_134124_NEAR_EAST_COAST_OF_HONSHU__JAPAN,2021-10-07,13:41:24.0,35.574,140.07,66.0,7.821e+17,5.862,179.0,34.0,82.0,8.0,57.0,95.0
FCTs_20211007_201301_MACQUARIE_ISLAND_REGION,2021-10-07,20:13:01.0,-58.761,158.607,19.0,1.265e+18,6.002,138.0,39.0,84.0,326.0,51.0,95.0
FCTs_20211009_105831_VANUATU_ISLANDS_REGION,2021-10-09,10:58:31.0,-21.189,174.522,537.0,3.478e+19,6.961,253.0,70.0,16.0,158.0,75.0,159.0
FCTs_20211011_091025_ALASKA_PENINSULA,2021-10-11,09:10:25.0,56.295,-156.581,65.0,2.713e+19,6.889,115.0,46.0,8.0,19.0,84.0,135.0
FCTs_20211011_231000_KURIL_ISLANDS,2021-10-11,23:10:00.0,48.298,153.751,80.0,8.861e+17,5.898,137.0,33.0,171.0,234.0,85.0,57.0
FCTs_20211012_092405_CRETE__GREECE,2021-10-12,09:24:05.0,35.169,26.215,21.0,4.467e+18,6.367,226.0,6.0,-25.0,341.0,87.0,-96.0
FCTs_20211015_024459_SOLOMON_ISLANDS,2021-10-15,02:44:59.0,-8.878,158.464,18.0,4.962e+18,6.397,209.0,76.0,-149.0,110.0,60.0,-16.0
FCTs_20211018_072651_VANUATU_ISLANDS,2021-10-18,07:26:51.0,-13.69,167.04,103.0,2.544e+18,6.204,321.0,19.0,-107.0,159.0,72.0,-84.0
FCTs_20211024_051134_TAIWAN,2021-10-24,05:11:34.0,24.511,121.831,74.0,2.093e+18,6.147,65.0,25.0,145.0,188.0,76.0,69.0
FCTs_20211101_000248_SOUTH_SANDWICH_ISLANDS_REGION,2021-11-01,00:02:48.0,-58.028,-25.268,32.0,1.292e+18,6.007,161.0,34.0,87.0,345.0,56.0,92.0
FCTs_20211101_170416_OFF_W_COAST_OF_NORTHERN_SUMATRA,2021-11-01,17:04:16.0,0.208,96.709,9.0,7.919e+17,5.866,331.0,45.0,-115.0,184.0,50.0,-67.0
FCTs_20211102_164352_BANDA_SEA,2021-11-02,16:43:52.0,-6.88,130.497,108.0,9.299e+17,5.912,84.0,71.0,24.0,345.0,67.0,159.0
FCTs_20211106_143736_SOUTHERN_MOLUCCA_SEA,2021-11-06,14:37:36.0,-0.045,124.281,42.0,1.566e+18,6.063,235.0,40.0,120.0,18.0,56.0,68.0
FCTs_20211109_062514_NEAR_COAST_OF_NICARAGUA,2021-11-09,06:25:14.0,11.22,-86.525,31.0,3.796e+18,6.32,318.0,29.0,101.0,126.0,62.0,84.0
FCTs_20211110_154513_SOUTHEAST_OF_RYUKYU_ISLANDS,2021-11-10,15:45:13.0,23.594,126.447,13.0,8.71e+18,6.56,261.0,39.0,-97.0,91.0,51.0,-84.0
FCTs_20211114_120703_SOUTHERN_IRAN,2021-11-14,12:07:03.0,27.716,56.074,10.0,1.227e+18,5.993,95.0,36.0,96.0,268.0,54.0,86.0
FCTs_20211115_042330_SOUTH_INDIAN_OCEAN,2021-11-15,04:23:30.0,-37.512,51.261,6.0,1.063e+18,5.951,262.0,36.0,-95.0,89.0,55.0,-86.0
FCTs_20211118_140804_NEW_IRELAND_REGION__P.N.G,2021-11-18,14:08:04.0,-5.312,153.707,42.0,9.083e+18,6.572,136.0,41.0,86.0,321.0,49.0,93.0
FCTs_20211121_051229_KERMADEC_ISLANDS_REGION,2021-11-21,05:12:29.0,-29.337,-176.848,19.0,7.638e+17,5.855,165.0,28.0,74.0,3.0,63.0,98.0
FCTs_20211125_120405_SANTA_CRUZ_ISLANDS,2021-11-25,12:04:05.0,-10.745,166.507,22.0,4.667e+18,6.379,91.0,78.0,-176.0,0.0,86.0,-12.0
FCTs_20211125_234541_MYANMAR-INDIA_BORDER_REGION,2021-11-25,23:45:41.0,22.823,93.506,60.0,2.467e+18,6.195,244.0,73.0,7.0,152.0,83.0,162.0
FCTs_20211126_041321_VANUATU_ISLANDS_REGION,2021-11-26,04:13:21.0,-21.457,174.516,537.0,7.698e+17,5.858,255.0,29.0,-13.0,356.0,84.0,-118.0
FCTs_20211128_105214_NORTHERN_PERU,2021-11-28,10:52:14.0,-4.467,-76.813,120.0,1.974e+20,7.464,336.0,38.0,-91.0,157.0,52.0,-89.0
FCTs_20211129_124044_SOUTHEAST_OF_HONSHU__JAPAN,2021-11-29,12:40:44.0,31.196,142.503,11.0,4.434e+18,6.365,344.0,37.0,-82.0,154.0,54.0,-96.0
FCTs_20211130_103618_NEW_IRELAND_REGION__P.N.G,2021-11-30,10:36:18.0,-3.523,151.185,7.0,5.509e+18,6.427,304.0,88.0,-5.0,34.0,85.0,-178.0
FCTs_20211203_044005_EASTER_ISLAND_REGION,2021-12-03,04:40:05.0,-28.482,-112.025,5.0,2.296e+18,6.174,292.0,71.0,174.0,24.0,84.0,19.0
FCTs_20211203_083338_SOUTH_SANDWICH_ISLANDS_REGION,2021-12-03,08:33:38.0,-60.465,-27.14,7.0,1.649e+18,6.078,285.0,59.0,-175.0,192.0,85.0,-31.0
FCTs_20211204_234755_NORTH_OF_HALMAHERA__INDONESIA,2021-12-04,23:47:55.0,4.093,128.136,163.0,1.327e+18,6.015,334.0,13.0,83.0,161.0,77.0,92.0
FCTs_20211214_032023_FLORES_SEA,2021-12-14,03:20:23.0,-7.603,122.227,17.0,1.688e+20,7.418,290.0,70.0,-176.0,199.0,86.0,-20.0
FCTs_20211216_211446_SOUTH_SANDWICH_ISLANDS_REGION,2021-12-16,21:14:46.0,-60.175,-23.837,17.0,1.499e+18,6.05,36.0,29.0,-82.0,207.0,61.0,-95.0
FCTs_20211220_033934_SOUTH_SANDWICH_ISLANDS_REGION,2021-12-20,03:39:34.0,-56.84,-24.014,9.0,9.853e+17,5.929,337.0,32.0,-95.0,163.0,58.0,-87.0
FCTs_20211221_224215_SOUTHERN_ALASKA,2021-12-21,22:42:15.0,60.124,-153.274,153.0,7.731e+17,5.859,82.0,66.0,36.0,335.0,57.0,151.0
FCTs_20211226_082647_SOUTHWESTERN_RYUKYU_ISL.__JAPAN,2021-12-26,08:26:47.0,25.209,125.603,26.0,8.275e+17,5.879,328.0,37.0,-91.0,149.0,53.0,-89.0
FCTs_20211226_154257_FIJI_ISLANDS_REGION,2021-12-26,15:42:57.0,-18.11,-179.352,659.0,1.974e+18,6.13,28.0,42.0,-175.0,294.0,87.0,-48.0
FCTs_20211229_182551_BANDA_SEA,2021-12-29,18:25:51.0,-7.548,127.577,175.0,1.526e+20,7.389,298.0,46.0,123.0,74.0,53.0,60.0
FCTs_20220103_020944_VANUATU_ISLANDS,2022-01-03,02:09:44.0,-13.186,166.815,112.0,1.629e+18,6.075,352.0,38.0,91.0,171.0,52.0,89.0
FCTs_20220103_094635_TAIWAN_REGION,2022-01-03,09:46:35.0,24.008,122.259,20.0,3.593e+18,6.304,302.0,22.0,136.0,74.0,75.0,74.0
FCTs_20220103_210851_BONIN_ISLANDS__JAPAN_REGION,2022-01-03,21:08:51.0,27.197,141.546,53.0,4.468e+17,5.7,184.0,49.0,37.0,68.0,63.0,132.0
FCTs_20220104_205546_BANDA_SEA,2022-01-04,20:55:46.0,-4.806,125.081,571.0,1.59e+18,6.068,117.0,22.0,-96.0,303.0,69.0,-87.0
FCTs_20220106_162505_NEAR_COAST_OF_NICARAGUA,2022-01-06,16:25:05.0,11.937,-87.137,39.0,1.854e+18,6.112,313.0,26.0,86.0,137.0,64.0,92.0
FCTs_20220107_174530_QINGHAI__CHINA,2022-01-07,17:45:30.0,37.828,101.29,6.0,8.668e+18,6.559,194.0,88.0,180.0,284.0,90.0,2.0
FCTs_20220110_000630_SOUTH_OF_KERMADEC_ISLANDS,2022-01-10,00:06:30.0,-33.782,179.574,10.0,2.477e+18,6.196,262.0,89.0,-10.0,352.0,80.0,-179.0
FCTs_20220111_010748_CYPRUS_REGION,2022-01-11,01:07:48.0,35.227,31.944,33.0,6.933e+18,6.494,303.0,19.0,108.0,103.0,72.0,84.0
FCTs_20220111_113543_FOX_ISLANDS__ALEUTIAN_ISLANDS,2022-01-11,11:35:43.0,52.341,-167.755,11.0,2.648e+19,6.882,252.0,23.0,103.0,58.0,68.0,85.0
FCTs_20220114_090541_SUNDA_STRAIT__INDONESIA,2022-01-14,09:05:41.0,-6.86,105.289,37.0,8.641e+18,6.558,307.0,29.0,117.0,96.0,65.0,76.0
FCTs_20220116_125208_SOLOMON_ISLANDS,2022-01-16,12:52:08.0,-6.449,154.822,403.0,1.756e+18,6.096,104.0,39.0,-131.0,333.0,62.0,-62.0
FCTs_20220121_160837_SHIKOKU__JAPAN,2022-01-21,16:08:37.0,32.728,132.039,46.0,4.087e+18,6.341,335.0,23.0,-146.0,213.0,77.0,-71.0
FCTs_20220122_022613_TALAUD_ISLANDS__INDONESIA,2022-01-22,02:26:13.0,3.672,126.66,31.0,1.655e+18,6.079,192.0,44.0,104.0,352.0,48.0,76.0
FCTs_20220122_051704_FOX_ISLANDS__ALEUTIAN_ISLANDS,2022-01-22,05:17:04.0,53.24,-166.682,34.0,3.578e+18,6.302,250.0,31.0,100.0,59.0,59.0,84.0
FCTs_20220125_012433_SOUTH_SANDWICH_ISLANDS_REGION,2022-01-25,01:24:33.0,-55.37,-28.784,10.0,1.795e+18,6.103,102.0,23.0,42.0,332.0,75.0,107.0
FCTs_20220127_064005_FIJI_ISLANDS_REGION,2022-01-27,06:40:05.0,-19.099,-176.314,10.0,2.291e+18,6.173,37.0,79.0,3.0,307.0,87.0,169.0
FCTs_20220128_111409_SOUTH_OF_PANAMA,2022-01-28,11:14:09.0,5.497,-82.584,10.0,1.414e+18,6.034,268.0,80.0,-20.0,2.0,70.0,-170.0
FCTs_20220129_024639_KERMADEC_ISLANDS_REGION,2022-01-29,02:46:39.0,-29.564,-176.722,13.0,3.757e+18,6.317,238.0,27.0,128.0,16.0,69.0,72.0
FCTs_20220201_192510_BANDA_SEA,2022-02-01,19:25:10.0,-7.483,128.313,136.0,1.624e+18,6.074,299.0,42.0,113.0,89.0,52.0,71.0
FCTs_20220203_155857_NORTHERN_PERU,2022-02-03,15:58:57.0,-4.466,-76.928,111.0,5.585e+18,6.431,349.0,38.0,-83.0,160.0,53.0,-95.0
FCTs_20220204_202509_SOUTHEAST_INDIAN_RIDGE,2022-02-04,20:25:09.0,-48.033,99.495,6.0,4.055e+18,6.339,123.0,88.0,-3.0,213.0,87.0,-178.0
FCTs_20220205_041601_AFGHANISTAN-TAJIKISTAN_BORD_REG,2022-02-05,04:16:01.0,36.431,71.126,214.0,6.58e+17,5.812,260.0,36.0,92.0,78.0,54.0,89.0
FCTs_20220208_115925_CENTRAL_MID-ATLANTIC_RIDGE,2022-02-08,11:59:25.0,-0.417,-19.891,12.0,2.822e+18,6.234,79.0,80.0,-178.0,349.0,88.0,-10.0
FCTs_20220213_202946_SOUTH_OF_MARIANA_ISLANDS,2022-02-13,20:29:46.0,11.788,144.284,9.0,1.491e+18,6.049,255.0,36.0,-73.0,54.0,56.0,-102.0
FCTs_20220216_071222_GUATEMALA,2022-02-16,07:12:22.0,14.148,-91.398,69.0,2.381e+18,6.184,194.0,42.0,-14.0,294.0,81.0,-132.0
FCTs_20220216_202106_SOUTH_OF_FIJI_ISLANDS,2022-02-16,20:21:06.0,-23.768,179.998,563.0,2.544e+19,6.87,107.0,27.0,-162.0,1.0,82.0,-64.0
FCTs_20220221_232413_BALLENY_ISLANDS_REGION,2022-02-21,23:24:13.0,-69.774,165.392,14.0,3.676e+18,6.31,83.0,23.0,63.0,292.0,70.0,101.0
FCTs_20220225_013926_NORTHERN_SUMATRA__INDONESIA,2022-02-25,01:39:26.0,0.219,100.101,4.0,1.864e+18,6.114,45.0,80.0,5.0,314.0,85.0,170.0
FCTs_20220302_125207_KERMADEC_ISLANDS__NEW_ZEALAND,2022-03-02,12:52:07.0,-30.075,-177.726,37.0,1.09e+19,6.625,204.0,35.0,97.0,15.0,55.0,85.0
FCTs_20220306_201431_SOUTH_SANDWICH_ISLANDS_REGION,2022-03-06,20:14:31.0,-58.731,-24.917,28.0,2.071e+18,6.144,185.0,25.0,102.0,352.0,66.0,84.0
FCTs_20220307_053418_FIJI_ISLANDS_REGION,2022-03-07,05:34:18.0,-20.375,-178.404,601.0,2.007e+18,6.135,135.0,45.0,-134.0,9.0,59.0,-55.0
FCTs_20220313_210549_LUZON__PHILIPPINES,2022-03-13,21:05:49.0,14.096,119.381,7.0,6.988e+18,6.496,120.0,34.0,-126.0,342.0,63.0,-68.0
FCTs_20220313_210922_SOUTHERN_SUMATRA__INDONESIA,2022-03-13,21:09:22.0,-0.629,98.626,29.0,1.609e+19,6.738,310.0,18.0,94.0,126.0,72.0,89.0
FCTs_20220316_143630_NEAR_EAST_COAST_OF_HONSHU__JAPAN,2022-03-16,14:36:30.0,37.713,141.579,62.0,1.357e+20,7.355,12.0,40.0,93.0,189.0,50.0,88.0
FCTs_20220318_190418_NORTHEAST_OF_TAIWAN,2022-03-18,19:04:18.0,25.671,123.998,185.0,8.299e+17,5.879,342.0,55.0,-47.0,104.0,53.0,-134.0
FCTs_20220319_212422_SOUTH_OF_FIJI_ISLANDS,2022-03-19,21:24:22.0,-25.298,-176.3,27.0,3.819e+18,6.321,193.0,24.0,89.0,14.0,67.0,90.0
FCTs_20220320_181043_KERMADEC_ISLANDS_REGION,2022-03-20,18:10:43.0,-28.659,-177.353,56.0,1.611e+18,6.071,205.0,35.0,92.0,23.0,55.0,88.0
FCTs_20220322_163508_NORTHERN_MID-ATLANTIC_RIDGE,2022-03-22,16:35:08.0,10.745,-43.382,9.0,1.172e+19,6.646,277.0,69.0,-179.0,187.0,89.0,-21.0
FCTs_20220323_215700_VANUATU_ISLANDS,2022-03-23,21:57:00.0,-15.069,167.452,129.0,1.545e+18,6.059,13.0,40.0,85.0,199.0,50.0,94.0
FCTs_20220330_205658_SOUTHEAST_OF_LOYALTY_ISLANDS,2022-03-30,20:56:58.0,-22.666,170.366,21.0,3.432e+19,6.957,287.0,17.0,70.0,128.0,74.0,96.0
FCTs_20220331_054401_SOUTHEAST_OF_LOYALTY_ISLANDS,2022-03-31,05:44:01.0,-22.586,170.374,34.0,3.845e+19,6.99,307.0,24.0,97.0,119.0,66.0,87.0
FCTs_20220331_195040_SOUTHEAST_OF_LOYALTY_ISLANDS,2022-03-31,19:50:40.0,-22.658,170.808,15.0,7.369e+18,6.512,295.0,27.0,99.0,105.0,63.0,85.0
FCTs_20220405_014408_NORTHERN_MOLUCCA_SEA,2022-04-05,01:44:08.0,1.936,126.871,14.0,7.156e+17,5.836,6.0,35.0,52.0,230.0,63.0,114.0
FCTs_20220409_205238_VANUATU_ISLANDS,2022-04-09,20:52:38.0,-16.315,166.86,22.0,3.385e+18,6.286,343.0,47.0,118.0,125.0,50.0,63.0
FCTs_20220413_030056_NEW_BRITAIN_REGION__P.N.G,2022-04-13,03:00:56.0,-4.43,152.024,153.0,1.754e+18,6.096,212.0,19.0,-120.0,63.0,73.0,-80.0
FCTs_20220417_074635_VANUATU_ISLANDS,2022-04-17,07:46:35.0,-15.704,167.846,208.0,1.711e+18,6.089,163.0,14.0,178.0,254.0,90.0,76.0
FCTs_20220419_012307_MINDANAO__PHILIPPINES,2022-04-19,01:23:07.0,7.285,126.953,23.0,3.052e+18,6.256,199.0,33.0,83.0,27.0,57.0,94.0
FCTs_20220419_043343_TONGA_ISLANDS,2022-04-19,04:33:43.0,-21.501,-173.811,28.0,1.802e+18,6.104,146.0,37.0,61.0,1.0,58.0,110.0
FCTs_20220420_051307_SOUTHEAST_OF_LOYALTY_ISLANDS,2022-04-20,05:13:07.0,-22.836,170.846,17.0,8.842e+17,5.898,275.0,28.0,91.0,94.0,62.0,90.0
FCTs_20220420_215743_MINDANAO__PHILIPPINES,2022-04-20,21:57:43.0,6.969,126.924,21.0,1.907e+18,6.12,205.0,29.0,86.0,29.0,61.0,92.0
FCTs_20220421_074246_NEAR_COAST_OF_NICARAGUA,2022-04-21,07:42:46.0,11.554,-86.96,33.0,9.592e+18,6.588,316.0,33.0,99.0,125.0,57.0,84.0
FCTs_20220505_082115_PHILIPPINE_ISLANDS_REGION,2022-05-05,08:21:15.0,6.53,127.132,20.0,1.615e+18,6.072,198.0,25.0,76.0,33.0,65.0,96.0
FCTs_20220509_062302_TAIWAN_REGION,2022-05-09,06:23:02.0,24.041,122.489,22.0,4.226e+18,6.351,305.0,19.0,150.0,63.0,81.0,73.0
FCTs_20220509_223306_BISMARCK_SEA,2022-05-09,22:33:06.0,-3.359,146.351,9.0,3.731e+18,6.315,267.0,86.0,-4.0,358.0,86.0,-176.0
FCTs_20220510_131811_VANUATU_ISLANDS,2022-05-10,13:18:11.0,-17.246,167.632,25.0,8.633e+17,5.891,335.0,33.0,81.0,166.0,58.0,96.0
FCTs_20220510_230632_JUJUY_PROVINCE__ARGENTINA,2022-05-10,23:06:32.0,-23.496,-66.652,220.0,1.76e+19,6.764,123.0,16.0,-135.0,349.0,79.0,-78.0
FCTs_20220516_185825_SOUTHERN_SUMATRA__INDONESIA,2022-05-16,18:58:25.0,-5.24,102.009,27.0,1.263e+18,6.001,350.0,20.0,130.0,128.0,75.0,77.0
FCTs_20220519_092353_TONGA_ISLANDS,2022-05-19,09:23:53.0,-16.193,-173.92,134.0,7.363e+17,5.845,254.0,29.0,166.0,357.0,83.0,62.0
FCTs_20220519_101331_MACQUARIE_ISLAND_REGION,2022-05-19,10:13:31.0,-54.132,159.055,14.0,2.916e+19,6.91,189.0,66.0,156.0,290.0,68.0,26.0
FCTs_20220521_070122_NORTH_OF_SVALBARD,2022-05-21,07:01:22.0,84.238,0.585,7.0,9.535e+17,5.92,39.0,24.0,-104.0,234.0,67.0,-84.0
FCTs_20220521_215048_LUZON__PHILIPPINES,2022-05-21,21:50:48.0,14.019,120.649,133.0,2.162e+18,6.157,329.0,29.0,81.0,159.0,61.0,95.0
FCTs_20220522_070628_SOUTH_OF_FIJI_ISLANDS,2022-05-22,07:06:28.0,-26.212,178.45,615.0,4.405e+18,6.363,40.0,10.0,92.0,218.0,80.0,90.0
FCTs_20220522_151731_OFF_EAST_COAST_OF_HONSHU__JAPAN,2022-05-22,15:17:31.0,33.228,141.412,15.0,2.274e+18,6.171,157.0,23.0,66.0,3.0,69.0,100.0
FCTs_20220526_120221_CENTRAL_PERU,2022-05-26,12:02:21.0,-14.908,-70.292,238.0,6.782e+19,7.154,176.0,63.0,-11.0,271.0,80.0,-152.0
FCTs_20220601_090008_SICHUAN__CHINA,2022-06-01,09:00:08.0,30.395,102.958,16.0,7.488e+17,5.85,221.0,38.0,104.0,23.0,53.0,79.0
FCTs_20220604_130725_TONGA_ISLANDS,2022-06-04,13:07:25.0,-17.96,-174.968,250.0,3.359e+18,6.284,261.0,43.0,-42.0,25.0,63.0,-124.0
FCTs_20220604_233812_RAT_ISLANDS__ALEUTIAN_ISLANDS,2022-06-04,23:38:12.0,52.054,178.268,113.0,3.781e+18,6.318,221.0,29.0,-29.0,337.0,76.0,-116.0
FCTs_20220608_005546_PERU-BRAZIL_BORDER_REGION,2022-06-08,00:55:46.0,-9.047,-71.178,615.0,7.037e+18,6.498,344.0,23.0,-93.0,168.0,67.0,-89.0
FCTs_20220620_010507_TAIWAN,2022-06-20,01:05:07.0,23.654,121.473,11.0,1.045e+18,5.946,220.0,29.0,79.0,53.0,62.0,96.0
FCTs_20220621_071453_BONIN_ISLANDS__JAPAN_REGION,2022-06-21,07:14:53.0,27.862,142.732,9.0,2.033e+18,6.139,180.0,13.0,78.0,12.0,77.0,93.0
FCTs_20220621_205434_SOUTHEASTERN_AFGHANISTAN,2022-06-21,20:54:34.0,33.02,69.464,13.0,1.697e+18,6.086,201.0,69.0,2.0,111.0,89.0,159.0
FCTs_20220624_000017_SOUTHERN_EAST_PACIFIC_RISE,2022-06-24,00:00:17.0,-21.393,-110.163,14.0,6.149e+17,5.793,229.0,35.0,-91.0,51.0,55.0,-89.0
FCTs_20220630_184036_PHILIPPINE_ISLANDS_REGION,2022-06-30,18:40:36.0,19.024,121.336,41.0,1.117e+18,5.965,28.0,34.0,94.0,204.0,56.0,88.0
FCTs_20220701_213207_SOUTHERN_IRAN,2022-07-01,21:32:07.0,26.906,55.239,7.0,1.748e+18,6.095,277.0,32.0,88.0,99.0,58.0,91.0
FCTs_20220708_233606_MARIANA_ISLANDS,2022-07-08,23:36:06.0,18.896,146.97,19.0,1.124e+18,5.967,186.0,34.0,99.0,356.0,56.0,84.0
FCTs_20220712_003505_SAMOA_ISLANDS_REGION,2022-07-12,00:35:05.0,-15.25,-172.963,13.0,1.108e+18,5.963,118.0,41.0,17.0,15.0,79.0,130.0
FCTs_20220712_191658_EASTER_ISLAND_REGION,2022-07-12,19:16:58.0,-22.591,-114.258,8.0,1.33e+19,6.683,321.0,60.0,156.0,64.0,70.0,32.0
FCTs_20220714_175027_VANUATU_ISLANDS,2022-07-14,17:50:27.0,-15.012,166.926,33.0,8.171e+17,5.875,328.0,39.0,85.0,154.0,51.0,94.0
FCTs_20220718_184033_SVALBARD_REGION,2022-07-18,18:40:33.0,78.582,6.214,8.0,1.522e+18,6.055,39.0,86.0,10.0,308.0,80.0,176.0
FCTs_20220721_170725_MYANMAR-CHINA_BORDER_REGION,2022-07-21,17:07:25.0,21.15,99.878,6.0,9.043e+17,5.904,157.0,80.0,-159.0,63.0,70.0,-11.0
FCTs_20220727_004326_LUZON__PHILIPPINES,2022-07-27,00:43:26.0,17.521,120.818,26.0,4.544e+19,7.038,0.0,33.0,48.0,227.0,66.0,113.0
FCTs_20220727_185858_NORTHERN_CHILE,2022-07-27,18:58:58.0,-22.188,-68.579,110.0,2.3e+18,6.174,207.0,14.0,-56.0,352.0,79.0,-98.0
FCTs_20220728_041503_NEAR_COAST_OF_NORTHERN_CHILE,2022-07-28,04:15:03.0,-21.931,-70.339,62.0,2.095e+18,6.147,146.0,20.0,-120.0,358.0,72.0,-79.0
FCTs_20220728_182822_EASTERN_NEW_GUINEA_REG.__P.N.G,2022-07-28,18:28:22.0,-7.052,146.765,8.0,9.875e+17,5.93,186.0,70.0,-14.0,280.0,77.0,-160.0
FCTs_20220805_043839_KERMADEC_ISLANDS__NEW_ZEALAND,2022-08-05,04:38:39.0,-30.315,-177.686,20.0,6.651e+17,5.815,219.0,35.0,114.0,10.0,59.0,74.0
FCTs_20220807_134042_EAST_OF_KURIL_ISLANDS,2022-08-07,13:40:42.0,43.739,148.085,75.0,1.031e+18,5.942,146.0,58.0,11.0,50.0,81.0,148.0
FCTs_20220813_185715_EASTERN_NEW_GUINEA_REG.__P.N.G,2022-08-13,18:57:15.0,-5.998,147.281,54.0,1.381e+18,6.027,281.0,41.0,89.0,102.0,49.0,91.0
FCTs_20220814_134419_SOUTH_OF_KERMADEC_ISLANDS,2022-08-14,13:44:19.0,-32.736,-179.009,44.0,9.815e+18,6.595,213.0,34.0,104.0,16.0,57.0,80.0
FCTs_20220814_210444_SOUTHEAST_OF_LOYALTY_ISLANDS,2022-08-14,21:04:44.0,-22.078,170.966,88.0,3.751e+18,6.316,85.0,41.0,-22.0,192.0,76.0,-129.0
FCTs_20220823_143139_SOUTHERN_SUMATRA__INDONESIA,2022-08-23,14:31:39.0,-5.093,103.079,44.0,3.005e+18,6.252,297.0,25.0,88.0,119.0,65.0,91.0
FCTs_20220829_032913_SOUTHERN_SUMATRA__INDONESIA,2022-08-29,03:29:13.0,-0.988,98.605,23.0,2.832e+18,6.235,341.0,17.0,122.0,128.0,76.0,81.0
FCTs_20220902_223951_NEW_BRITAIN_REGION__P.N.G,2022-09-02,22:39:51.0,-5.652,148.712,136.0,1.656e+18,6.079,276.0,27.0,-66.0,70.0,66.0,-101.0
FCTs_20220904_094218_CENTRAL_MID-ATLANTIC_RIDGE,2022-09-04,09:42:18.0,-0.934,-21.715,39.0,2.589e+19,6.875,263.0,89.0,-174.0,173.0,84.0,-1.0
FCTs_20220905_045219_SICHUAN__CHINA,2022-09-05,04:52:19.0,29.679,102.236,12.0,1.409e+19,6.699,255.0,85.0,-160.0,163.0,70.0,-5.0
FCTs_20220906_083240_SOUTH_SANDWICH_ISLANDS_REGION,2022-09-06,08:32:40.0,-56.574,-25.766,17.0,7.574e+17,5.853,154.0,23.0,93.0,331.0,67.0,89.0
FCTs_20220909_233147_IRIAN_JAYA__INDONESIA,2022-09-09,23:31:47.0,-2.249,138.198,15.0,2.865e+18,6.238,341.0,46.0,66.0,193.0,49.0,112.0
FCTs_20220910_231043_SOUTHERN_SUMATRA__INDONESIA,2022-09-10,23:10:43.0,-1.149,98.654,22.0,3.886e+18,6.326,322.0,14.0,101.0,131.0,76.0,87.0
FCTs_20220914_050804_SAMOA_ISLANDS_REGION,2022-09-14,05:08:04.0,-16.708,-168.839,8.0,3.859e+17,5.658,349.0,44.0,79.0,184.0,47.0,101.0
FCTs_20220914_110406_SOUTHEAST_OF_LOYALTY_ISLANDS,2022-09-14,11:04:06.0,-21.191,170.267,147.0,3.788e+19,6.986,25.0,39.0,-171.0,288.0,85.0,-51.0
FCTs_20220917_134117_TAIWAN,2022-09-17,13:41:17.0,23.119,121.414,12.0,1.019e+19,6.606,209.0,53.0,23.0,105.0,71.0,141.0
FCTs_20220918_064413_TAIWAN,2022-09-18,06:44:13.0,23.138,121.344,14.0,4.815e+19,7.055,204.0,51.0,37.0,89.0,62.0,135.0
FCTs_20220919_180508_MICHOACAN__MEXICO,2022-09-19,18:05:08.0,18.455,-102.956,15.0,3.475e+20,7.627,306.0,17.0,102.0,114.0,74.0,86.0
FCTs_20220920_081710_NEAR_COAST_OF_MICHOACAN__MEXICO,2022-09-20,08:17:10.0,18.349,-103.624,11.0,1.202e+18,5.987,321.0,22.0,-75.0,125.0,68.0,-96.0
FCTs_20220920_182342_KOMANDORSKIYE_OSTROVA_REGION,2022-09-20,18:23:42.0,55.504,166.328,10.0,2.097e+18,6.148,120.0,52.0,-178.0,28.0,88.0,-38.0
FCTs_20220922_061609_MICHOACAN__MEXICO,2022-09-22,06:16:09.0,18.263,-102.955,15.0,2.253e+19,6.835,297.0,24.0,91.0,116.0,66.0,90.0
FCTs_20220923_205258_NORTHERN_SUMATRA__INDONESIA,2022-09-23,20:52:58.0,3.811,96.051,43.0,2.808e+18,6.232,298.0,22.0,81.0,128.0,68.0,94.0
FCTs_20220926_095956_REYKJANES_RIDGE,2022-09-26,09:59:56.0,53.992,-35.231,7.0,4.925e+17,5.728,357.0,39.0,-109.0,201.0,54.0,-75.0
FCTs_20220929_030324_EAST_OF_SOUTH_SANDWICH_ISLANDS,2022-09-29,03:03:24.0,-60.831,-20.025,9.0,7.646e+18,6.522,236.0,55.0,-56.0,6.0,47.0,-128.0
FCTs_20220929_153229_REYKJANES_RIDGE,2022-09-29,15:32:29.0,53.701,-35.114,7.0,5.419e+17,5.756,196.0,43.0,115.0,343.0,52.0,68.0
FCTs_20220930_192840_NORTHERN_SUMATRA__INDONESIA,2022-09-30,19:28:40.0,2.128,98.9,7.0,5.824e+17,5.777,231.0,62.0,-17.0,330.0,75.0,-151.0
FCTs_20221001_011853_REYKJANES_RIDGE,2022-10-01,01:18:53.0,53.705,-35.507,6.0,1.01e+18,5.936,188.0,38.0,112.0,341.0,55.0,74.0
FCTs_20221009_163804_CENTRAL_MID-ATLANTIC_RIDGE,2022-10-09,16:38:04.0,-1.364,-23.904,25.0,3.041e+18,6.255,175.0,80.0,5.0,84.0,85.0,170.0
FCTs_20221013_222020_NEW_IRELAND_REGION__P.N.G,2022-10-13,22:20:20.0,-4.812,153.591,81.0,4.203e+18,6.349,328.0,24.0,64.0,176.0,68.0,101.0
FCTs_20221016_124821_OFF_COAST_OF_CENTRAL_AMERICA,2022-10-16,12:48:21.0,4.358,-87.567,9.0,5.632e+18,6.434,299.0,77.0,-3.0,30.0,87.0,-167.0
FCTs_20221019_150302_ASCENSION_ISLAND_REGION,2022-10-19,15:03:02.0,-7.743,-13.695,7.0,5.377e+17,5.754,207.0,48.0,109.0,359.0,45.0,70.0
FCTs_20221020_115712_SOUTH_OF_PANAMA,2022-10-20,11:57:12.0,7.69,-82.334,12.0,2.281e+19,6.839,286.0,20.0,66.0,132.0,72.0,99.0
FCTs_20221025_001301_SOUTH_SANDWICH_ISLANDS_REGION,2022-10-25,00:13:01.0,-58.777,-26.141,88.0,3.338e+18,6.282,249.0,48.0,12.0,151.0,81.0,137.0
FCTs_20221025_145900_LUZON__PHILIPPINES,2022-10-25,14:59:00.0,17.661,120.815,17.0,4.581e+18,6.374,31.0,36.0,56.0,251.0,61.0,112.0
FCTs_20221102_045313_NORTH_PACIFIC_OCEAN,2022-11-02,04:53:13.0,31.504,-133.351,13.0,1.168e+18,5.978,12.0,62.0,-147.0,264.0,61.0,-33.0
FCTs_20221102_141753_SOUTH_SANDWICH_ISLANDS_REGION,2022-11-02,14:17:53.0,-60.784,-25.777,4.0,2.715e+18,6.222,24.0,64.0,-155.0,282.0,68.0,-29.0
FCTs_20221109_093842_SOUTH_OF_FIJI_ISLANDS,2022-11-09,09:38:42.0,-26.008,178.278,654.0,2.131e+19,6.819,279.0,17.0,-35.0,43.0,80.0,-104.0
FCTs_20221111_104846_TONGA_ISLANDS_REGION,2022-11-11,10:48:46.0,-19.288,-172.147,42.0,1.067e+20,7.285,22.0,41.0,87.0,206.0,49.0,92.0
FCTs_20221112_070913_FIJI_ISLANDS_REGION,2022-11-12,07:09:13.0,-20.111,-178.345,609.0,3.675e+19,6.977,232.0,14.0,-93.0,54.0,76.0,-89.0
FCTs_20221113_022457_NEAR_COAST_OF_CENTRAL_CHILE,2022-11-13,02:24:57.0,-37.465,-73.676,19.0,4.139e+18,6.345,357.0,21.0,93.0,174.0,69.0,89.0
FCTs_20221114_050411_SOUTH_OF_FIJI_ISLANDS,2022-11-14,05:04:11.0,-26.003,178.203,655.0,1.653e+18,6.079,51.0,71.0,-141.0,307.0,54.0,-24.0
FCTs_20221114_080826_NEAR_S._COAST_OF_HONSHU__JAPAN,2022-11-14,08:08:26.0,33.814,137.305,365.0,1.835e+18,6.109,327.0,69.0,-29.0,68.0,63.0,-157.0
FCTs_20221116_222652_SANTA_CRUZ_ISLANDS,2022-11-16,22:26:52.0,-11.728,166.616,155.0,9.216e+17,5.91,198.0,43.0,77.0,35.0,48.0,102.0
FCTs_20221118_133708_SOUTHWEST_OF_SUMATRA__INDONESIA,2022-11-18,13:37:08.0,-4.904,100.786,20.0,3.691e+19,6.978,317.0,8.0,82.0,146.0,82.0,91.0
FCTs_20221122_020306_SOLOMON_ISLANDS,2022-11-22,02:03:06.0,-9.82,159.603,13.0,4.099e+19,7.008,9.0,21.0,-176.0,275.0,88.0,-69.0
FCTs_20221123_010815_TURKEY,2022-11-23,01:08:15.0,40.836,30.983,11.0,1.614e+18,6.072,256.0,70.0,-172.0,164.0,82.0,-20.0
FCTs_20221128_025123_AZORES_ISLANDS_REGION,2022-11-28,02:51:23.0,37.089,-32.404,6.0,5.724e+17,5.772,106.0,56.0,-34.0,217.0,63.0,-141.0
FCTs_20221204_192415_SAMOA_ISLANDS_REGION,2022-12-04,19:24:15.0,-15.35,-172.987,52.0,1.752e+19,6.762,255.0,28.0,-133.0,122.0,70.0,-70.0
FCTs_20221205_053506_SANTA_CRUZ_ISLANDS,2022-12-05,05:35:06.0,-11.273,166.245,86.0,7.929e+17,5.866,355.0,23.0,91.0,173.0,67.0,89.0
FCTs_20221206_060748_SOUTH_OF_JAVA__INDONESIA,2022-12-06,06:07:48.0,-10.723,113.386,19.0,1.165e+18,5.978,98.0,25.0,-91.0,279.0,65.0,-90.0
FCTs_20221208_005055_JAVA__INDONESIA,2022-12-08,00:50:55.0,-6.711,107.146,110.0,5.834e+17,5.777,226.0,45.0,154.0,335.0,72.0,48.0
FCTs_20221211_143129_GUERRERO__MEXICO,2022-12-11,14:31:29.0,17.18,-100.53,22.0,1.243e+18,5.996,290.0,27.0,81.0,120.0,63.0,94.0
FCTs_20221214_184026_RAT_ISLANDS__ALEUTIAN_ISLANDS,2022-12-14,18:40:26.0,51.608,178.597,81.0,3.24e+18,6.274,105.0,56.0,167.0,202.0,79.0,34.0
FCTs_20221220_103424_NEAR_COAST_OF_NORTHERN_CALIF,2022-12-20,10:34:24.0,40.525,-124.423,7.0,3.84e+18,6.323,253.0,83.0,27.0,160.0,64.0,172.0
FCTs_20221228_163419_SOUTHEAST_OF_LOYALTY_ISLANDS,2022-12-28,16:34:19.0,-21.257,171.377,6.0,1.898e+18,6.119,219.0,82.0,-171.0,127.0,81.0,-8.0
FCTs_20230105_142553_HINDU_KUSH_REGION__AFGHANISTAN,2023-01-05,14:25:53.0,36.474,70.745,206.0,1.3e+18,6.009,283.0,21.0,86.0,107.0,69.0,92.0
FCTs_20230108_123242_VANUATU_ISLANDS,2023-01-08,12:32:42.0,-14.947,166.879,30.0,4.247e+19,7.019,339.0,33.0,94.0,154.0,57.0,88.0
FCTs_20230109_174735_TANIMBAR_ISLANDS_REG.__INDONESIA,2023-01-09,17:47:35.0,-7.059,130.009,113.0,3.569e+20,7.635,97.0,40.0,56.0,319.0,58.0,116.0
FCTs_20230111_083952_VANUATU_ISLANDS,2023-01-11,08:39:52.0,-14.76,166.876,27.0,7.258e+17,5.841,330.0,38.0,82.0,161.0,52.0,97.0
FCTs_20230115_222958_NORTHERN_SUMATRA__INDONESIA,2023-01-15,22:29:58.0,1.984,97.998,43.0,2.035e+18,6.139,331.0,26.0,112.0,126.0,66.0,79.0
FCTs_20230116_044951_BONIN_ISLANDS__JAPAN_REGION,2023-01-16,04:49:51.0,28.98,139.345,429.0,4.974e+18,6.398,139.0,21.0,-121.0,351.0,72.0,-79.0
FCTs_20230118_003445_MINAHASSA_PENINSULA__SULAWESI,2023-01-18,00:34:45.0,-0.012,123.2,159.0,1.874e+18,6.115,252.0,37.0,86.0,77.0,53.0,93.0
FCTs_20230118_060611_NORTHERN_MOLUCCA_SEA,2023-01-18,06:06:11.0,2.731,127.022,22.0,2.913e+19,6.91,33.0,73.0,-169.0,299.0,79.0,-17.0
FCTs_20230120_112340_LEEWARD_ISLANDS,2023-01-20,11:23:40.0,16.14,-62.153,168.0,2.391e+18,6.186,98.0,47.0,-11.0,195.0,82.0,-137.0
FCTs_20230120_220939_SANTIAGO_DEL_ESTERO_PROV.__ARG,2023-01-20,22:09:39.0,-26.751,-63.082,598.0,1.617e+19,6.739,12.0,26.0,-42.0,141.0,73.0,-110.0
FCTs_20230124_183658_SANTIAGO_DEL_ESTERO_PROV.__ARG,2023-01-24,18:36:58.0,-26.72,-63.113,601.0,3.9e+18,6.327,10.0,23.0,-49.0,147.0,73.0,-105.0
FCTs_20230126_104552_KERMADEC_ISLANDS__NEW_ZEALAND,2023-01-26,10:45:52.0,-30.212,-178.661,141.0,1.075e+18,5.954,189.0,17.0,-95.0,14.0,73.0,-89.0
FCTs_20230201_104446_MINDANAO__PHILIPPINES,2023-02-01,10:44:46.0,7.743,126.057,21.0,1.047e+18,5.947,354.0,49.0,-22.0,99.0,73.0,-137.0
FCTs_20230204_122237_EASTERN_NEW_GUINEA_REG.__P.N.G,2023-02-04,12:22:37.0,-6.405,146.23,121.0,7.979e+17,5.868,244.0,15.0,-159.0,133.0,85.0,-76.0
FCTs_20230205_000319_SOUTHEAST_OF_HONSHU__JAPAN,2023-02-05,00:03:19.0,32.655,141.661,14.0,9.607e+17,5.922,214.0,22.0,100.0,24.0,69.0,86.0
FCTs_20230206_011734_TURKEY,2023-02-06,01:17:34.0,37.226,37.014,16.0,1.314e+21,8.012,324.0,75.0,-171.0,232.0,81.0,-15.0
FCTs_20230206_102448_TURKEY,2023-02-06,10:24:48.0,38.011,37.196,13.0,2.984e+20,7.583,273.0,62.0,-8.0,7.0,83.0,-152.0
FCTs_20230211_085505_TALAUD_ISLANDS__INDONESIA,2023-02-11,08:55:05.0,3.589,126.692,21.0,1.631e+18,6.075,180.0,16.0,75.0,17.0,74.0,94.0
FCTs_20230213_091812_KERMADEC_ISLANDS__NEW_ZEALAND,2023-02-13,09:18:12.0,-29.37,-178.972,365.0,1.659e+18,6.08,233.0,13.0,152.0,350.0,84.0,79.0
FCTs_20230215_181008_LUZON__PHILIPPINES,2023-02-15,18:10:08.0,12.31,123.86,6.0,1.686e+18,6.085,233.0,80.0,-173.0,142.0,83.0,-10.0
FCTs_20230217_093734_TANIMBAR_ISLANDS_REG.__INDONESIA,2023-02-17,09:37:34.0,-6.618,132.106,31.0,8.497e+17,5.886,94.0,70.0,46.0,345.0,48.0,152.0
FCTs_20230220_170429_JORDAN_-_SYRIA_REGION,2023-02-20,17:04:29.0,36.162,36.025,9.0,5.565e+18,6.43,224.0,40.0,-13.0,324.0,82.0,-129.0
FCTs_20230223_003738_TAJIKISTAN-XINJIANG_BORDER_REG,2023-02-23,00:37:38.0,38.055,73.229,12.0,1.596e+19,6.735,25.0,76.0,-20.0,120.0,71.0,-165.0
FCTs_20230223_200247_NORTH_OF_HALMAHERA__INDONESIA,2023-02-23,20:02:47.0,3.28,128.136,104.0,4.929e+18,6.395,9.0,47.0,137.0,132.0,60.0,52.0
FCTs_20230225_132743_HOKKAIDO__JAPAN_REGION,2023-02-25,13:27:43.0,42.826,145.021,58.0,1.959e+18,6.128,164.0,36.0,19.0,59.0,79.0,125.0
FCTs_20230225_212447_NEW_BRITAIN_REGION__P.N.G,2023-02-25,21:24:47.0,-6.088,149.828,34.0,4.967e+18,6.397,265.0,35.0,83.0,93.0,55.0,95.0
FCTs_20230301_053614_BISMARCK_SEA,2023-03-01,05:36:14.0,-4.826,149.504,613.0,7.722e+18,6.525,5.0,30.0,-156.0,254.0,78.0,-62.0
FCTs_20230302_180430_VANUATU_ISLANDS,2023-03-02,18:04:30.0,-15.377,166.391,22.0,6.328e+18,6.468,347.0,30.0,88.0,169.0,60.0,91.0
FCTs_20230304_064123_KERMADEC_ISLANDS__NEW_ZEALAND,2023-03-04,06:41:23.0,-29.502,-178.796,224.0,2.811e+19,6.899,166.0,52.0,-137.0,46.0,58.0,-47.0
FCTs_20230307_060231_MINDANAO__PHILIPPINES,2023-03-07,06:02:31.0,7.494,126.057,14.0,7.248e+17,5.84,263.0,84.0,-166.0,172.0,76.0,-6.0
FCTs_20230308_073307_SOLOMON_ISLANDS,2023-03-08,07:33:07.0,-6.501,155.031,36.0,8.613e+17,5.89,309.0,43.0,79.0,144.0,48.0,100.0
FCTs_20230314_004908_EASTERN_NEW_GUINEA_REG.__P.N.G,2023-03-14,00:49:08.0,-5.42,146.834,225.0,3.203e+18,6.27,128.0,62.0,131.0,247.0,48.0,40.0
FCTs_20230316_005600_KERMADEC_ISLANDS_REGION,2023-03-16,00:56:00.0,-30.174,-176.205,38.0,3.337e+19,6.949,82.0,47.0,124.0,217.0,53.0,59.0
FCTs_20230318_171252_NEAR_COAST_OF_ECUADOR,2023-03-18,17:12:52.0,-2.783,-79.852,63.0,1.486e+19,6.715,128.0,74.0,148.0,228.0,59.0,18.0
FCTs_20230321_164723_HINDU_KUSH_REGION__AFGHANISTAN,2023-03-21,16:47:23.0,36.523,70.943,194.0,9.496e+18,6.585,277.0,36.0,128.0,53.0,63.0,66.0
FCTs_20230322_160034_JUJUY_PROVINCE__ARGENTINA,2023-03-22,16:00:34.0,-23.422,-66.495,226.0,6.567e+18,6.478,145.0,18.0,-112.0,348.0,73.0,-83.0
FCTs_20230327_221915_SOLOMON_ISLANDS,2023-03-27,22:19:15.0,-8.232,158.912,84.0,1.794e+18,6.102,332.0,44.0,60.0,191.0,53.0,116.0
FCTs_20230328_091828_HOKKAIDO__JAPAN_REGION,2023-03-28,09:18:28.0,41.143,142.815,29.0,1.499e+18,6.051,208.0,19.0,94.0,24.0,71.0,89.0
FCTs_20230330_173308_OFF_COAST_OF_CENTRAL_CHILE,2023-03-30,17:33:08.0,-35.666,-73.496,20.0,4.468e+18,6.367,45.0,16.0,125.0,189.0,77.0,81.0
FCTs_20230402_180411_NEW_GUINEA__PAPUA_NEW_GUINEA,2023-04-02,18:04:11.0,-4.323,143.166,79.0,4.689e+19,7.047,152.0,57.0,-159.0,50.0,72.0,-35.0
FCTs_20230403_030657_NEAR_EAST_COAST_OF_KAMCHATKA,2023-04-03,03:06:57.0,52.723,158.493,107.0,8.539e+18,6.554,140.0,12.0,-168.0,38.0,87.0,-79.0
FCTs_20230403_145941_NORTHERN_SUMATRA__INDONESIA,2023-04-03,14:59:41.0,0.839,98.835,91.0,2.248e+18,6.168,27.0,82.0,-35.0,123.0,55.0,-170.0
FCTs_20230404_125431_PHILIPPINE_ISLANDS_REGION,2023-04-04,12:54:31.0,13.732,125.538,7.0,2.833e+18,6.235,358.0,41.0,-19.0,103.0,78.0,-129.0
FCTs_20230404_221812_SOUTH_OF_PANAMA,2023-04-04,22:18:12.0,7.567,-82.335,27.0,3.133e+18,6.264,90.0,71.0,5.0,359.0,86.0,161.0
FCTs_20230407_022240_KURIL_ISLANDS,2023-04-07,02:22:40.0,49.892,155.252,94.0,7.739e+17,5.859,260.0,17.0,-37.0,26.0,80.0,-104.0
FCTs_20230413_155453_VANCOUVER_ISLAND__CANADA_REGION,2023-04-13,15:54:53.0,49.215,-129.618,12.0,1.202e+18,5.987,213.0,83.0,-6.0,304.0,84.0,-173.0
FCTs_20230414_095545_JAVA__INDONESIA,2023-04-14,09:55:45.0,-6.041,112.048,614.0,5.054e+19,7.069,95.0,29.0,-106.0,293.0,62.0,-81.0
FCTs_20230415_150134_SOUTHWEST_INDIAN_RIDGE,2023-04-15,15:01:34.0,-33.744,56.066,6.0,9.37e+17,5.914,223.0,44.0,-131.0,93.0,58.0,-58.0
FCTs_20230419_090603_NEW_BRITAIN_REGION__P.N.G,2023-04-19,09:06:03.0,-5.95,149.635,51.0,4.261e+18,6.353,253.0,38.0,84.0,81.0,52.0,94.0
FCTs_20230422_082342_BANDA_SEA,2023-04-22,08:23:42.0,-5.261,125.585,7.0,3.639e+18,6.307,234.0,80.0,-10.0,325.0,80.0,-169.0
FCTs_20230422_170944_SOUTHERN_SUMATRA__INDONESIA,2023-04-22,17:09:44.0,-0.762,98.594,26.0,1.457e+18,6.042,312.0,12.0,94.0,128.0,78.0,89.0
FCTs_20230424_004155_KERMADEC_ISLANDS__NEW_ZEALAND,2023-04-24,00:41:55.0,-29.957,-177.839,42.0,5.894e+19,7.114,206.0,33.0,98.0,16.0,58.0,85.0
FCTs_20230424_200057_SOUTHERN_SUMATRA__INDONESIA,2023-04-24,20:00:57.0,-0.808,98.511,20.0,3.872e+19,6.992,313.0,16.0,97.0,126.0,74.0,88.0
FCTs_20230501_032210_RYUKYU_ISLANDS__JAPAN,2023-05-01,03:22:10.0,26.016,128.475,12.0,1.184e+18,5.982,245.0,17.0,116.0,38.0,75.0,82.0
FCTs_20230505_054204_NEAR_WEST_COAST_OF_HONSHU__JAPAN,2023-05-05,05:42:04.0,37.548,137.299,11.0,2.555e+18,6.205,222.0,44.0,80.0,55.0,47.0,100.0
FCTs_20230505_174716_HOKKAIDO__JAPAN_REGION,2023-05-05,17:47:16.0,41.509,141.983,50.0,9.45e+17,5.917,201.0,24.0,88.0,23.0,66.0,91.0
FCTs_20230510_160200_TONGA_ISLANDS,2023-05-10,16:02:00.0,-15.628,-174.492,220.0,2.819e+20,7.567,257.0,57.0,-48.0,19.0,51.0,-135.0
FCTs_20230511_133313_SOUTHWESTERN_RYUKYU_ISL.__JAPAN,2023-05-11,13:33:13.0,24.216,125.275,28.0,7.327e+17,5.843,261.0,25.0,125.0,43.0,70.0,75.0
FCTs_20230517_230159_GUATEMALA,2023-05-17,23:01:59.0,15.107,-90.805,258.0,5.047e+18,6.402,299.0,22.0,64.0,147.0,71.0,100.0
FCTs_20230519_025703_SOUTHEAST_OF_LOYALTY_ISLANDS,2023-05-19,02:57:03.0,-23.206,170.742,18.0,3.44e+20,7.624,103.0,42.0,-59.0,245.0,55.0,-115.0
FCTs_20230520_015059_SOUTHEAST_OF_LOYALTY_ISLANDS,2023-05-20,01:50:59.0,-23.042,170.56,16.0,6.216e+19,7.129,102.0,26.0,-96.0,289.0,64.0,-87.0
FCTs_20230521_145648_PRINCE_EDWARD_ISLANDS_REGION,2023-05-21,14:56:48.0,-43.399,39.304,11.0,3.181e+19,6.935,280.0,81.0,-9.0,12.0,81.0,-171.0
FCTs_20230523_064158_SOUTHEAST_OF_LOYALTY_ISLANDS,2023-05-23,06:41:58.0,-22.995,170.307,14.0,1.461e+18,6.043,115.0,35.0,-98.0,305.0,55.0,-84.0
FCTs_20230524_154934_BANDA_SEA,2023-05-24,15:49:34.0,-6.948,129.529,173.0,2.751e+18,6.226,31.0,88.0,41.0,300.0,49.0,178.0
FCTs_20230525_030532_PANAMA-COLOMBIA_BORDER_REGION,2023-05-25,03:05:32.0,8.922,-77.09,12.0,1.066e+19,6.619,72.0,3.0,61.0,282.0,87.0,91.0
FCTs_20230526_100324_NEAR_EAST_COAST_OF_HONSHU__JAPAN,2023-05-26,10:03:24.0,35.529,140.528,47.0,1.821e+18,6.107,173.0,23.0,92.0,351.0,67.0,89.0
FCTs_20230527_001100_TONGA_ISLANDS,2023-05-27,00:11:00.0,-18.484,-175.185,234.0,1.159e+18,5.976,251.0,24.0,-50.0,29.0,72.0,-106.0
FCTs_20230530_005206_VOLCANO_ISLANDS__JAPAN_REGION,2023-05-30,00:52:06.0,24.047,142.997,9.0,4.317e+17,5.69,304.0,43.0,121.0,85.0,54.0,65.0
FCTs_20230611_095444_HOKKAIDO__JAPAN_REGION,2023-06-11,09:54:44.0,42.527,141.9,126.0,2.994e+18,6.251,18.0,25.0,-146.0,256.0,76.0,-69.0
FCTs_20230615_021923_MINDORO__PHILIPPINES,2023-06-15,02:19:23.0,13.763,120.72,120.0,2.685e+18,6.219,320.0,31.0,91.0,139.0,59.0,89.0
FCTs_20230615_180628_SOUTH_OF_FIJI_ISLANDS,2023-06-15,18:06:28.0,-22.994,-177.107,184.0,8.262e+19,7.211,155.0,12.0,-138.0,23.0,82.0,-81.0
FCTs_20230616_081134_TONGA_ISLANDS_REGION,2023-06-16,08:11:34.0,-23.52,-175.926,17.0,1.341e+18,6.018,187.0,25.0,75.0,24.0,66.0,97.0
FCTs_20230616_191051_TONGA_ISLANDS_REGION,2023-06-16,19:10:51.0,-23.558,-175.621,17.0,4.607e+18,6.376,205.0,25.0,96.0,18.0,65.0,87.0
FCTs_20230618_203021_GULF_OF_CALIFORNIA,2023-06-18,20:30:21.0,23.167,-108.692,12.0,4.985e+18,6.398,216.0,83.0,3.0,126.0,87.0,173.0
FCTs_20230619_111811_NEAR_N_COAST_OF_NEW_GUINEA__PNG,2023-06-19,11:18:11.0,-4.473,144.835,22.0,1.482e+18,6.047,63.0,59.0,0.0,333.0,90.0,149.0
FCTs_20230627_233821_PRIMORYE__RUSSIA,2023-06-27,23:38:21.0,42.084,133.994,450.0,8.303e+17,5.879,285.0,20.0,-9.0,23.0,87.0,-109.0
FCTs_20230630_125742_JAVA__INDONESIA,2023-06-30,12:57:42.0,-8.648,110.023,65.0,6.98e+17,5.829,347.0,40.0,67.0,196.0,53.0,109.0
FCTs_20230701_072943_SOUTH_INDIAN_OCEAN,2023-07-01,07:29:43.0,-0.152,88.718,40.0,1.519e+18,6.054,126.0,81.0,163.0,218.0,73.0,9.0
FCTs_20230702_102743_TONGA_ISLANDS,2023-07-02,10:27:43.0,-17.881,-174.948,242.0,3.069e+19,6.925,266.0,33.0,-32.0,24.0,73.0,-119.0
FCTs_20230710_202826_NORTH_ATLANTIC_OCEAN,2023-07-10,20:28:26.0,20.063,-61.102,11.0,1.091e+19,6.625,262.0,85.0,-164.0,171.0,74.0,-6.0
FCTs_20230714_092900_NEAR_COAST_OF_CHIAPAS__MEXICO,2023-07-14,09:29:00.0,14.9,-93.901,41.0,3.685e+18,6.311,234.0,41.0,29.0,121.0,71.0,127.0
FCTs_20230716_064821_ALASKA_PENINSULA,2023-07-16,06:48:21.0,54.393,-160.762,23.0,8.43e+19,7.217,254.0,25.0,101.0,62.0,66.0,85.0
FCTs_20230717_030511_SOUTHERN_ARGENTINA,2023-07-17,03:05:11.0,-38.186,-70.443,191.0,1.363e+19,6.69,269.0,23.0,-29.0,26.0,79.0,-110.0
FCTs_20230719_002207_OFF_COAST_OF_CENTRAL_AMERICA,2023-07-19,00:22:07.0,12.8,-88.08,65.0,7.711e+18,6.525,194.0,39.0,-26.0,305.0,74.0,-126.0
FCTs_20230724_024956_SOUTH_OF_FIJI_ISLANDS,2023-07-24,02:49:56.0,-24.096,178.742,567.0,1.211e+18,5.989,290.0,32.0,-131.0,156.0,66.0,-68.0
FCTs_20230726_124435_VANUATU_ISLANDS,2023-07-26,12:44:35.0,-14.74,167.913,13.0,4.574e+18,6.374,167.0,34.0,96.0,341.0,57.0,86.0
FCTs_20230728_075855_SOUTHWEST_INDIAN_RIDGE,2023-07-28,07:58:55.0,-30.497,59.783,7.0,9.643e+17,5.923,58.0,41.0,-123.0,279.0,57.0,-65.0
FCTs_20230728_192346_ANDAMAN_ISLANDS__INDIA_REGION,2023-07-28,19:23:46.0,10.537,93.542,90.0,8.448e+17,5.885,132.0,39.0,162.0,237.0,79.0,53.0
FCTs_20230805_072006_SANTIAGO_DEL_ESTERO_PROV.__ARG,2023-08-05,07:20:06.0,-28.177,-63.184,590.0,2.278e+18,6.172,308.0,21.0,-100.0,140.0,69.0,-86.0
FCTs_20230805_160149_HINDU_KUSH_REGION__AFGHANISTAN,2023-08-05,16:01:49.0,36.45,70.723,213.0,7.304e+17,5.842,282.0,29.0,84.0,109.0,61.0,93.0
FCTs_20230808_183854_TONGA_ISLANDS,2023-08-08,18:38:54.0,-15.208,-173.188,52.0,2.466e+18,6.195,187.0,23.0,164.0,292.0,84.0,68.0
FCTs_20230811_001433_HOKKAIDO__JAPAN_REGION,2023-08-11,00:14:33.0,41.122,142.83,19.0,2.01e+18,6.136,190.0,18.0,74.0,28.0,73.0,95.0
FCTs_20230814_103958_PRINCE_EDWARD_ISLANDS_REGION,2023-08-14,10:39:58.0,-43.504,39.108,12.0,1.341e+18,6.018,105.0,74.0,11.0,12.0,79.0,163.0
FCTs_20230814_135153_SOUTH_OF_MARIANA_ISLANDS,2023-08-14,13:51:53.0,13.347,147.53,4.0,4.001e+18,6.335,259.0,67.0,-30.0,2.0,63.0,-154.0
FCTs_20230816_124739_VANUATU_ISLANDS,2023-08-16,12:47:39.0,-13.888,167.225,203.0,7.802e+18,6.528,187.0,44.0,112.0,339.0,50.0,70.0
FCTs_20230817_164101_CENTRAL_MID-ATLANTIC_RIDGE,2023-08-17,16:41:01.0,-0.329,-19.58,23.0,1.7e+18,6.087,349.0,88.0,-13.0,80.0,77.0,-178.0
FCTs_20230823_142243_SANTIAGO_DEL_ESTERO_PROV.__ARG,2023-08-23,14:22:43.0,-26.884,-63.295,569.0,2.071e+18,6.144,31.0,18.0,-60.0,180.0,75.0,-99.0
FCTs_20230824_224823_OFF_EAST_COAST_OF_HONSHU__JAPAN,2023-08-24,22:48:23.0,39.552,143.303,18.0,1.398e+18,6.03,191.0,18.0,81.0,20.0,72.0,93.0
FCTs_20230828_195530_BALI_SEA,2023-08-28,19:55:30.0,-6.789,116.521,532.0,5.642e+19,7.101,286.0,43.0,-90.0,105.0,47.0,-90.0
FCTs_20230829_043442_BANDA_SEA,2023-08-29,04:34:42.0,-5.558,129.946,218.0,1.184e+18,5.982,235.0,5.0,164.0,341.0,89.0,85.0
FCTs_20230901_204954_KURIL_ISLANDS,2023-09-01,20:49:54.0,50.679,156.313,141.0,1.787e+18,6.101,137.0,12.0,7.0,40.0,89.0,102.0
FCTs_20230905_150316_NEW_GUINEA__PAPUA_NEW_GUINEA,2023-09-05,15:03:16.0,-5.308,142.884,53.0,9.373e+17,5.915,159.0,46.0,111.0,310.0,48.0,70.0
FCTs_20230906_234804_NEAR_COAST_OF_CENTRAL_CHILE,2023-09-06,23:48:04.0,-30.274,-71.482,40.0,3.459e+18,6.293,2.0,37.0,100.0,170.0,54.0,83.0
FCTs_20230908_090957_SOUTH_OF_KERMADEC_ISLANDS,2023-09-08,09:09:57.0,-32.8,-179.374,90.0,7.223e+18,6.506,71.0,32.0,66.0,278.0,61.0,104.0
FCTs_20230908_221101_MOROCCO,2023-09-08,22:11:01.0,31.058,-8.385,22.0,2.731e+19,6.891,131.0,36.0,139.0,256.0,67.0,61.0
FCTs_20230909_144324_MINAHASSA_PENINSULA__SULAWESI,2023-09-09,14:43:24.0,0.002,119.766,13.0,1.727e+18,6.092,350.0,38.0,8.0,253.0,85.0,128.0
FCTs_20230911_125133_HALMAHERA__INDONESIA,2023-09-11,12:51:33.0,1.125,127.489,155.0,1.585e+18,6.067,187.0,70.0,143.0,292.0,55.0,25.0
FCTs_20230912_110317_PHILIPPINE_ISLANDS_REGION,2023-09-12,11:03:17.0,19.236,121.229,36.0,2.934e+18,6.245,215.0,26.0,178.0,306.0,89.0,64.0
FCTs_20230918_132123_NORTHEAST_OF_TAIWAN,2023-09-18,13:21:23.0,26.531,125.231,186.0,4.484e+18,6.368,129.0,40.0,-154.0,18.0,73.0,-53.0
FCTs_20230919_062236_SOUTHEAST_OF_HONSHU__JAPAN,2023-09-19,06:22:36.0,30.996,141.99,9.0,1.183e+18,5.982,200.0,22.0,111.0,358.0,69.0,82.0
FCTs_20230921_211148_VANUATU_ISLANDS,2023-09-21,21:11:48.0,-14.019,167.247,201.0,1.738e+18,6.093,173.0,45.0,114.0,321.0,50.0,68.0
FCTs_20230922_145916_BANDA_SEA,2023-09-22,14:59:16.0,-7.062,129.728,156.0,7.321e+17,5.843,39.0,87.0,39.0,306.0,51.0,177.0
FCTs_20230926_013943_TALAUD_ISLANDS__INDONESIA,2023-09-26,01:39:43.0,4.711,127.505,104.0,1.005e+18,5.935,55.0,20.0,133.0,190.0,75.0,76.0
FCTs_20230928_144025_VANUATU_ISLANDS,2023-09-28,14:40:25.0,-15.587,167.741,138.0,1.395e+18,6.03,2.0,31.0,79.0,195.0,60.0,97.0
FCTs_20231003_113804_SOUTHEAST_OF_HONSHU__JAPAN,2023-10-03,11:38:04.0,29.918,140.011,13.0,1.091e+18,5.959,217.0,81.0,15.0,125.0,75.0,171.0
FCTs_20231003_152235_SOUTHEAST_OF_HONSHU__JAPAN,2023-10-03,15:22:35.0,29.874,140.078,7.0,4.719e+17,5.716,159.0,40.0,-81.0,327.0,51.0,-97.0
FCTs_20231004_112147_MINDANAO__PHILIPPINES,2023-10-04,11:21:47.0,5.317,126.044,124.0,5.242e+18,6.413,215.0,29.0,138.0,344.0,71.0,67.0
FCTs_20231005_015958_SOUTHEAST_OF_HONSHU__JAPAN,2023-10-05,01:59:58.0,29.847,139.99,7.0,1.893e+18,6.118,156.0,28.0,-95.0,342.0,62.0,-87.0
FCTs_20231006_013117_SOUTHEAST_OF_HONSHU__JAPAN,2023-10-06,01:31:17.0,30.141,139.968,24.0,1.251e+18,5.998,168.0,35.0,-87.0,345.0,55.0,-92.0
FCTs_20231007_064103_NORTHWESTERN_AFGHANISTAN,2023-10-07,06:41:03.0,34.598,61.926,7.0,2.623e+18,6.213,256.0,32.0,92.0,74.0,58.0,89.0
FCTs_20231007_083426_EASTERN_NEW_GUINEA_REG.__P.N.G,2023-10-07,08:34:26.0,-5.573,146.138,49.0,2.664e+19,6.884,112.0,44.0,89.0,293.0,46.0,91.0
FCTs_20231007_084011_EASTERN_NEW_GUINEA_REG.__P.N.G,2023-10-07,08:40:11.0,-5.475,146.144,61.0,3.85e+19,6.99,317.0,40.0,84.0,145.0,50.0,95.0
FCTs_20231010_100131_JUJUY_PROVINCE__ARGENTINA,2023-10-10,10:01:31.0,-22.915,-66.255,252.0,1.553e+18,6.061,159.0,82.0,151.0,254.0,61.0,10.0
FCTs_20231011_004155_NORTHWESTERN_AFGHANISTAN,2023-10-11,00:41:55.0,34.536,62.051,7.0,3.019e+18,6.253,274.0,35.0,100.0,82.0,55.0,83.0
FCTs_20231015_033600_NORTHWESTERN_AFGHANISTAN,2023-10-15,03:36:00.0,34.653,62.124,7.0,3.447e+18,6.292,245.0,39.0,81.0,77.0,51.0,97.0
FCTs_20231016_113530_ANDREANOF_ISLANDS__ALEUTIAN_IS,2023-10-16,11:35:30.0,52.559,-176.924,190.0,5.118e+18,6.406,237.0,17.0,-20.0,346.0,84.0,-106.0
FCTs_20231019_185851_MINDANAO__PHILIPPINES,2023-10-19,18:58:51.0,7.462,126.352,17.0,1.028e+18,5.941,260.0,60.0,-150.0,154.0,64.0,-34.0
FCTs_20231023_101014_KERMADEC_ISLANDS__NEW_ZEALAND,2023-10-23,10:10:14.0,-29.933,-177.45,23.0,1.288e+18,6.007,207.0,29.0,102.0,14.0,61.0,83.0
FCTs_20231023_230524_TAIWAN_REGION,2023-10-23,23:05:24.0,24.041,122.638,38.0,9.391e+17,5.915,285.0,26.0,127.0,65.0,70.0,74.0
FCTs_20231026_160512_KOMANDORSKIYE_OSTROVA_REGION,2023-10-26,16:05:12.0,56.087,164.78,7.0,8.772e+17,5.895,39.0,87.0,-9.0,130.0,81.0,-177.0
FCTs_20231029_043207_VANUATU_ISLANDS,2023-10-29,04:32:07.0,-19.387,168.803,77.0,1.062e+18,5.951,282.0,27.0,15.0,178.0,83.0,116.0
FCTs_20231031_111056_FIJI_ISLANDS_REGION,2023-10-31,11:10:56.0,-17.541,-179.026,574.0,5.906e+18,6.448,278.0,71.0,-26.0,17.0,66.0,-159.0
FCTs_20231031_123343_NEAR_COAST_OF_CENTRAL_CHILE,2023-10-31,12:33:43.0,-28.743,-71.557,47.0,1.179e+19,6.648,358.0,33.0,57.0,216.0,63.0,109.0
FCTs_20231101_210448_TIMOR_REGION,2023-11-01,21:04:48.0,-10.056,123.754,53.0,1.489e+18,6.049,21.0,34.0,-130.0,247.0,64.0,-66.0
FCTs_20231108_045251_BANDA_SEA,2023-11-08,04:52:51.0,-6.444,129.752,21.0,5.907e+19,7.114,336.0,87.0,171.0,66.0,81.0,3.0
FCTs_20231108_130206_BANDA_SEA,2023-11-08,13:02:06.0,-6.131,129.874,13.0,2.92e+19,6.91,64.0,59.0,1.0,334.0,89.0,149.0
FCTs_20231110_101002_KURIL_ISLANDS,2023-11-10,10:10:02.0,45.867,151.109,97.0,1.012e+18,5.937,124.0,17.0,-14.0,227.0,86.0,-106.0
FCTs_20231114_070056_SOUTH_INDIAN_OCEAN,2023-11-14,07:00:56.0,-4.033,87.104,7.0,2.346e+18,6.18,230.0,43.0,51.0,98.0,58.0,120.0
FCTs_20231114_125222_NEW_BRITAIN_REGION__P.N.G,2023-11-14,12:52:22.0,-5.958,148.16,47.0,1.21e+18,5.988,267.0,40.0,79.0,101.0,51.0,99.0
FCTs_20231115_232614_MINAHASSA_PENINSULA__SULAWESI,2023-11-15,23:26:14.0,2.0,124.148,301.0,4.255e+17,5.686,241.0,89.0,-151.0,150.0,61.0,-1.0
FCTs_20231117_081410_MINDANAO__PHILIPPINES,2023-11-17,08:14:10.0,5.563,125.001,55.0,2.013e+19,6.803,152.0,44.0,65.0,5.0,51.0,112.0
FCTs_20231119_040135_MARIANA_ISLANDS,2023-11-19,04:01:35.0,18.798,145.322,622.0,1.035e+18,5.943,15.0,75.0,-30.0,113.0,61.0,-163.0
FCTs_20231122_024851_HALMAHERA__INDONESIA,2023-11-22,02:48:51.0,1.783,127.189,116.0,2.002e+18,6.134,219.0,82.0,146.0,314.0,56.0,9.0
FCTs_20231122_044731_VANUATU_ISLANDS,2023-11-22,04:47:31.0,-14.96,167.972,12.0,1.707e+19,6.755,163.0,43.0,99.0,331.0,47.0,82.0
FCTs_20231124_090503_MARIANA_ISLANDS,2023-11-24,09:05:03.0,20.132,145.52,10.0,2.373e+19,6.85,112.0,64.0,-13.0,208.0,79.0,-153.0
FCTs_20231202_143704_MINDANAO__PHILIPPINES,2023-12-02,14:37:04.0,8.527,126.416,34.0,2.509e+20,7.533,183.0,29.0,77.0,18.0,62.0,97.0
FCTs_20231203_103552_MINDANAO__PHILIPPINES,2023-12-03,10:35:52.0,8.488,126.745,10.0,1.015e+19,6.604,124.0,57.0,-54.0,251.0,47.0,-132.0
FCTs_20231203_194935_MINDANAO__PHILIPPINES,2023-12-03,19:49:35.0,8.97,126.612,27.0,1.875e+19,6.782,169.0,28.0,68.0,14.0,64.0,101.0
FCTs_20231205_133636_MINDANAO__PHILIPPINES,2023-12-05,13:36:36.0,9.161,126.785,13.0,5.386e+17,5.754,204.0,20.0,102.0,11.0,70.0,86.0
FCTs_20231207_125630_VANUATU_ISLANDS,2023-12-07,12:56:30.0,-20.615,169.309,37.0,4.973e+19,7.064,326.0,39.0,85.0,152.0,51.0,94.0
FCTs_20231208_004101_SOLOMON_ISLANDS,2023-12-08,00:41:01.0,-8.394,157.17,16.0,8.018e+17,5.869,316.0,25.0,65.0,163.0,67.0,101.0
FCTs_20231211_063332_TONGA_ISLANDS,2023-12-11,06:33:32.0,-18.814,-175.654,262.0,2.062e+18,6.143,209.0,22.0,-83.0,21.0,68.0,-93.0
FCTs_20231212_040016_TONGA_ISLANDS,2023-12-12,04:00:16.0,-18.04,-175.304,279.0,7.364e+17,5.845,229.0,16.0,-79.0,38.0,74.0,-93.0
FCTs_20231218_155930_QINGHAI__CHINA,2023-12-18,15:59:30.0,35.739,102.815,12.0,1.229e+18,5.993,160.0,41.0,121.0,301.0,56.0,66.0
FCTs_20231221_145556_ANDREANOF_ISLANDS__ALEUTIAN_IS,2023-12-21,14:55:56.0,51.21,-175.331,20.0,2.542e+18,6.203,252.0,26.0,101.0,60.0,64.0,85.0
FCTs_20231222_173632_SOUTH_OF_AFRICA,2023-12-22,17:36:32.0,-52.088,27.952,12.0,3.673e+18,6.31,203.0,88.0,175.0,293.0,85.0,2.0
FCTs_20231223_174805_NEAR_EAST_COAST_OF_KAMCHATKA,2023-12-23,17:48:05.0,51.953,158.955,43.0,8.829e+17,5.897,205.0,42.0,75.0,45.0,50.0,103.0
FCTs_20231228_091516_KURIL_ISLANDS,2023-12-28,09:15:16.0,44.596,149.039,36.0,6.458e+18,6.473,242.0,28.0,126.0,23.0,68.0,73.0
FCTs_20231230_171623_NEAR_NORTH_COAST_OF_IRIAN_JAYA,2023-12-30,17:16:23.0,-2.993,139.372,36.0,4.225e+18,6.351,115.0,33.0,87.0,298.0,57.0,92.0
